主体ID,销售组织,客戶編碼,客户,客名,销售部门,销售业务员,商品名称,销售数量,数量,主计量,合计含税金额,线索客户编码,线索客户名称,ERP订单号,ERP订单状态,要求送货日期,创建时间,商品編碼,小類編碼,小類,客戶屬性,訂單總金額
2592764313929252871,香港事业部,15MYKD.KSH05,佳城興業有限公司火炭,佳城興業,分销业务冻品水产部销售部,岑美玉,華王樂雞肉腸｜10.88KG(340.2g*32),3,96,包,758.4,,,14803195,已登记,2026-07-27 00:00:00,2026-07-26 11:44:59,1310501001,1310501,腸類.雞肉腸,批發-加工,758.4
2591999543462592517,香港事业部,NFT00.000230,恆輝貿易公司,恆輝,分销业务冻品水产部销售部,凌靖翔,金鷹面精肉|25KG,5,125,千克,4091.5,,,14802528,已登记,2026-07-27 00:00:00,2026-07-25 11:01:05,1300109002,1300109,面精肉,批發-飛機,4091.5
2591999371663900676,香港事业部,NFT00.002551,溢利食品(香港)有限公司,溢利,分销业务冻品水产部销售部,凌靖翔,中國紅布腸|20KG,2,40,千克,970.2,,,14803121,已登记,2026-07-27 00:00:00,2026-07-25 11:00:45,1300114011,1300114,熟食,批發-飛機,970.2
2591978403656630275,香港事业部,NFT00.000168,明記凍肉,明記,分销业务冻品水产部销售部,凌靖翔,遼寧欣城琵琶腿130-150G|10KG(5KG*2),1,10,千克,128,,,14803069,已登记,2026-07-25 00:00:00,2026-07-25 10:20:05,1300624103,1300624,琵琶腿,凍肉店,128
2591921366467870727,香港事业部,NFT00.000169,福源食品有限公司,福源,分销业务冻品水产部销售部,罗展勤,遼寧欣城帶骨雞全腿 280-300G|15KG,15,225,千克,3936.75,,,14803021,已登记,2026-07-25 00:00:00,2026-07-25 08:29:24,1300603040,1300603,帶骨全腿,批發-加工,3936.75
2591921366467870727,香港事业部,NFT00.000169,福源食品有限公司,福源,分销业务冻品水产部销售部,罗展勤,遼寧銘川帶皮腿扒|15KG (300克+/塊),5,75,千克,3936.75,,,14803021,已登记,2026-07-25 00:00:00,2026-07-25 08:29:24,1300607015,1300607,帶皮腿扒,批發-加工,0
2591921357877936130,香港事业部,NFT00.000169,福源食品有限公司,福源,分销业务冻品水产部销售部,罗展勤,遼寧欣城帶骨雞全腿 280-300G|15KG,15,225,千克,3936.75,,,14803022,已登记,2026-07-25 00:00:00,2026-07-25 08:29:24,1300603040,1300603,帶骨全腿,批發-加工,3936.75
2591921357877936130,香港事业部,NFT00.000169,福源食品有限公司,福源,分销业务冻品水产部销售部,罗展勤,遼寧銘川帶皮腿扒|15KG (300克+/塊),5,75,千克,3936.75,,,14803022,已登记,2026-07-25 00:00:00,2026-07-25 08:29:24,1300607015,1300607,帶皮腿扒,批發-加工,0
2591410926807678979,香港事业部,NFT00.000230,恆輝貿易公司,恆輝,分销业务冻品水产部销售部,凌靖翔,華英全淨膛鴨|11.2KG (1.4KG/只),1,11.2,千克,117.6,,,14802349,已登记,2026-07-25 00:00:00,2026-07-24 15:59:00,1300901002,1300901,整鴨,批發-飛機,117.6
2591387252924874760,香港事业部,NFT00.000230,恆輝貿易公司,恆輝,分销业务冻品水产部销售部,凌靖翔,河南去皮上腿肉|12KG,1,12,千克,187.2,,,14802847,已登记,2026-07-25 00:00:00,2026-07-24 15:13:06,1300609001,1300609,去皮上腿肉,批發-飛機,187.2
2591386557140172809,香港事业部,NFT00.000357,三明有限公司,三明,分销业务冻品水产部销售部,张淑燕,金鷹面精肉|25KG,8,200,千克,6479.6,,,14802336,已登记,2026-07-25 00:00:00,2026-07-24 15:11:44,1300109002,1300109,面精肉,批發-飛機,6479.6
2591351630489190400,香港事业部,NFT00.002551,溢利食品(香港)有限公司,溢利,分销业务冻品水产部销售部,凌靖翔,遼寧銘川帶皮腿扒|15KG (300克+/塊),6,90,千克,1330.2,,,14802572,已登记,2026-07-25 00:00:00,2026-07-24 14:03:59,1300607015,1300607,帶皮腿扒,批發-飛機,1330.2
2591350075711029256,香港事业部,NFT00.002551,溢利食品(香港)有限公司,溢利,分销业务冻品水产部销售部,凌靖翔,遼寧銘川帶皮腿扒|15KG (300克+/塊),1,15,千克,221.7,,,14802571,已登记,2026-07-25 00:00:00,2026-07-24 14:00:58,1300607015,1300607,帶皮腿扒,批發-飛機,221.7
2591287429294981121,香港事业部,NFT00.000230,恆輝貿易公司,恆輝,分销业务冻品水产部销售部,凌靖翔,遼寧欣城帶皮腿扒|15KG (250-300/塊),1,15,千克,221.7,,,14800553,已登记,2026-07-25 00:00:00,2026-07-24 11:59:24,1300607016,1300607,帶皮腿扒,批發-飛機,221.7
2591285831567147016,香港事业部,NFT00.000230,恆輝貿易公司,恆輝,分销业务冻品水产部销售部,凌靖翔,華英全淨膛鴨|11.2KG (1.4KG/只),1,11.2,千克,117.6,,,14800556,已登记,2026-07-25 00:00:00,2026-07-24 11:56:18,1300901002,1300901,整鴨,批發-飛機,117.6
2591284989753556998,香港事业部,NFT00.000774,新昌,新昌,分销业务冻品水产部,张淑燕,遼寧欣城帶骨雞全腿 300-320G|15KG,2,30,千克,377.1,,,14802122,已登记,2026-07-27 00:00:00,2026-07-24 11:54:39,1300603041,1300603,帶骨全腿,凍肉店,377.1
2591284405638004739,香港事业部,NFT00.000774,新昌,新昌,分销业务冻品水产部,张淑燕,至尊梅肉|25KG,1,25,千克,1543.72,,,14800492,已登记,2026-07-27 00:00:00,2026-07-24 11:53:33,1300101043,1300101,一號肉,凍肉店,1543.72
2591284405638004739,香港事业部,NFT00.000774,新昌,新昌,分销业务冻品水产部,张淑燕,遼寧銘川帶皮腿扒|15KG (300克+/塊),3,45,千克,1543.72,,,14800492,已登记,2026-07-27 00:00:00,2026-07-24 11:53:33,1300607015,1300607,帶皮腿扒,凍肉店,0
2591282069198864391,香港事业部,NFT00.000774,新昌,新昌,分销业务冻品水产部,张淑燕,遼寧欣城帶骨雞全腿 300-320G|15KG,2,30,千克,377.1,,,14800480,已登记,2026-07-25 00:00:00,2026-07-24 11:49:00,1300603041,1300603,帶骨全腿,凍肉店,377.1
2591281416363835395,香港事业部,NFT00.000774,新昌,新昌,分销业务冻品水产部,张淑燕,金鷹面精肉|25KG,1,25,千克,2370.37,,,14802111,已登记,2026-07-25 00:00:00,2026-07-24 11:47:44,1300109002,1300109,面精肉,凍肉店,2370.37
2591281416363835395,香港事业部,NFT00.000774,新昌,新昌,分销业务冻品水产部,张淑燕,至尊梅肉|25KG,1,25,千克,2370.37,,,14802111,已登记,2026-07-25 00:00:00,2026-07-24 11:47:44,1300101043,1300101,一號肉,凍肉店,0
2591281416363835395,香港事业部,NFT00.000774,新昌,新昌,分销业务冻品水产部,张淑燕,遼寧銘川帶皮腿扒|15KG (300克+/塊),3,45,千克,2370.37,,,14802111,已登记,2026-07-25 00:00:00,2026-07-24 11:47:44,1300607015,1300607,帶皮腿扒,凍肉店,0
2591279028362018822,香港事业部,15MYKD.KSH05,佳城興業有限公司火炭,佳城興業,分销业务冻品水产部销售部,岑美玉,河南去皮上腿肉|12KG,5,60,千克,942,,,14800479,已登记,2026-07-25 00:00:00,2026-07-24 11:43:06,1300609001,1300609,去皮上腿肉,批發-加工,942
2591270507146903560,香港事业部,NFT00.000230,恆輝貿易公司,恆輝,分销业务冻品水产部销售部,凌靖翔,遼寧銘川帶皮腿扒|15KG (250克+/塊),1,15,千克,221.7,,,14800494,已登记,2026-07-25 00:00:00,2026-07-24 11:26:35,1300607014,1300607,帶皮腿扒,批發-飛機,221.7
2591251523368386567,香港事业部,NFT00.000337,新城發食品有限公司,新城發,分销业务冻品水产部销售部,许至邦,金鷹面精肉|25KG,4,100,千克,3273.2,,,14800410,已登记,2026-07-25 00:00:00,2026-07-24 10:49:46,1300109002,1300109,面精肉,批發-加工,3273.2
2590596910246002689,香港事业部,15MYKD.KSH05,佳城興業有限公司火炭,佳城興業,分销业务冻品水产部销售部,岑美玉,河南去皮上腿肉|12KG,1,12,千克,188.4,,,14801516,已登记,2026-07-24 00:00:00,2026-07-23 13:39:37,1300609001,1300609,去皮上腿肉,批發-加工,188.4
2590570891334123520,香港事业部,NFT00.000357,三明有限公司,三明,分销业务冻品水产部销售部,张淑燕,精品面精肉|25KG,2,50,千克,1623.6,,,14800146,已登记,2026-07-24 00:00:00,2026-07-23 12:49:08,1300109012,1300109,面精肉,批發-飛機,1623.6
2590559930554515463,香港事业部,NFT00.000774,新昌,新昌,分销业务冻品水产部,张淑燕,遼寧欣城帶骨雞全腿 300-320G|15KG,2,30,千克,377.1,,,14800039,已登记,2026-07-24 00:00:00,2026-07-23 12:27:52,1300603041,1300603,帶骨全腿,凍肉店,377.1
2590559355051966466,香港事业部,NFT00.000774,新昌,新昌,分销业务冻品水产部,张淑燕,山東帶骨鴨腿|10KG（220-240G/只）,1,10,千克,921.91,,,14801224,已登记,2026-07-24 00:00:00,2026-07-23 12:26:46,1300902011,1300902,帶骨整腿,凍肉店,921.91
2590559355051966466,香港事业部,NFT00.000774,新昌,新昌,分销业务冻品水产部,张淑燕,華英全淨膛鴨|12.8KG (1.6KG/只),1,12.8,千克,921.91,,,14801224,已登记,2026-07-24 00:00:00,2026-07-23 12:26:46,1300901004,1300901,整鴨,凍肉店,0
2590559355051966466,香港事业部,NFT00.000774,新昌,新昌,分销业务冻品水产部,张淑燕,遼寧銘川帶皮腿扒|15KG (300克+/塊),3,45,千克,921.91,,,14801224,已登记,2026-07-24 00:00:00,2026-07-23 12:26:46,1300607015,1300607,帶皮腿扒,凍肉店,0
2590534736276357122,香港事业部,NFT00.000385,誠信凍肉有限公司,誠信,分销业务冻品水产部销售部,李华兴,金鷹面精肉|25KG,3,75,千克,2454.9,,,14801157,已登记,2026-07-23 00:00:00,2026-07-23 11:38:59,1300109002,1300109,面精肉,凍肉店,2454.9
2590532837900812289,香港事业部,NFT00.002547,先進食品國際有限公司,先進,分销业务冻品水产部销售部,岑美玉,高峰法式羊排 8 支骨|20KG,10,200,千克,18624,,,14800000,已登记,2026-07-24 00:00:00,2026-07-23 11:35:18,1300501020,1300501,羊排,批發-加工,18624
2590515228557967369,香港事业部,NFT00.000759,天恆食品有限公司,天恆,分销业务冻品水产部销售部,岑美玉,高峰法式羊排 8 支骨|20KG,1,20,千克,1900.8,,,14799990,已登记,2026-07-24 00:00:00,2026-07-23 11:01:09,1300501020,1300501,羊排,批發-飛機,1900.8
2590507995809972225,香港事业部,NFT00.000169,福源食品有限公司,福源,分销业务冻品水产部销售部,罗展勤,遼寧欣城帶骨雞全腿 280-300G|15KG,5,75,千克,7593.75,,,14799988,已登记,2026-07-23 00:00:00,2026-07-23 10:47:07,1300603040,1300603,帶骨全腿,批發-加工,7593.75
2590507995809972225,香港事业部,NFT00.000169,福源食品有限公司,福源,分销业务冻品水产部销售部,罗展勤,遼寧銘川帶皮腿扒|15KG (300克+/塊),30,450,千克,7593.75,,,14799988,已登记,2026-07-23 00:00:00,2026-07-23 10:47:07,1300607015,1300607,帶皮腿扒,批發-加工,0
2590496356471668738,香港事业部,NFT00.000168,明記凍肉,明記,分销业务冻品水产部销售部,凌靖翔,金鷹面精肉|25KG,1,25,千克,923.65,,,14801044,已登记,2026-07-23 00:00:00,2026-07-23 10:24:31,1300109002,1300109,面精肉,凍肉店,923.65
2590496356471668738,香港事业部,NFT00.000168,明記凍肉,明記,分销业务冻品水产部销售部,凌靖翔,遼寧欣城雞翅尖IQF|10KG,1,10,千克,923.65,,,14801044,已登记,2026-07-23 00:00:00,2026-07-23 10:24:31,1300627002,1300627,翅尖,凍肉店,0
2590495334269452292,香港事业部,NFT00.000168,明記凍肉,明記,分销业务冻品水产部销售部,凌靖翔,遼寧欣城琵琶腿130-150G|10KG(5KG*2),1,10,千克,128,,,14799944,已登记,2026-07-23 00:00:00,2026-07-23 10:22:33,1300624103,1300624,琵琶腿,凍肉店,128
2590471351172071431,香港事业部,NFT00.000230,恆輝貿易公司,恆輝,分销业务冻品水产部销售部,凌靖翔,河南去皮上腿肉|12KG,1,12,千克,188.4,,,14799898,已登记,2026-07-23 00:00:00,2026-07-23 09:36:01,1300609001,1300609,去皮上腿肉,批發-飛機,188.4
2590446088151367685,香港事业部,NFT00.000230,恆輝貿易公司,恆輝,分销业务冻品水产部销售部,凌靖翔,高峰法式羊排 12 支骨|20KG,1,20,千克,1623.6,,,14799879,已登记,2026-07-23 00:00:00,2026-07-23 08:47:02,1300501019,1300501,羊排,批發-飛機,1623.6
2589933973453930497,香港事业部,NFT00.002551,溢利食品(香港)有限公司,溢利,分销业务冻品水产部销售部,凌靖翔,遼寧銘川帶皮腿扒|15KG (300克+/塊),3,45,千克,665.1,,,14799792,已登记,2026-07-23 00:00:00,2026-07-22 16:13:22,1300607015,1300607,帶皮腿扒,批發-飛機,665.1
2589891607873454088,香港事业部,NFT00.002547,先進食品國際有限公司,先進,分销业务冻品水产部销售部,岑美玉,高峰法式羊排 8 支骨|20KG,4,80,千克,7449.6,,,14800747,已登记,2026-07-23 00:00:00,2026-07-22 14:51:09,1300501020,1300501,羊排,批發-加工,7449.6
2589820156797517825,香港事业部,NFT00.000230,恆輝貿易公司,恆輝,分销业务冻品水产部销售部,凌靖翔,華英帶骨鴨腿|10KG (200-220G/只),1,10,千克,130,,,14800668,已登记,2026-07-23 00:00:00,2026-07-22 12:32:31,1300902002,1300902,帶骨整腿,批發-飛機,130
2589819143185235973,香港事业部,NFT00.000230,恆輝貿易公司,恆輝,分销业务冻品水产部销售部,凌靖翔,遼寧銘川帶皮腿扒|15KG (300克+/塊),5,75,千克,1108.5,,,14799653,已登记,2026-07-23 00:00:00,2026-07-22 12:30:33,1300607015,1300607,帶皮腿扒,批發-飛機,1108.5
2589795933181968386,香港事业部,NFT00.000774,新昌,新昌,分销业务冻品水产部,张淑燕,山東煙熏鴨胸肉|10KG (200-220G/塊)日文包裝,1,10,千克,930.42,,,14800625,已登记,2026-07-23 00:00:00,2026-07-22 11:45:32,1300904016,1300904,煙熏鴨胸,凍肉店,930.42
2589795933181968386,香港事业部,NFT00.000774,新昌,新昌,分销业务冻品水产部,张淑燕,遼寧銘川帶皮腿扒|15KG (300克+/塊),3,45,千克,930.42,,,14800625,已登记,2026-07-23 00:00:00,2026-07-22 11:45:32,1300607015,1300607,帶皮腿扒,凍肉店,0
2589770189171064832,香港事业部,NFT00.000168,明記凍肉,明記,分销业务冻品水产部销售部,凌靖翔,遼寧欣城琵琶腿130-150G|10KG(5KG*2),1,10,千克,128,,,14799578,已关闭,2026-07-22 00:00:00,2026-07-22 10:55:34,1300624103,1300624,琵琶腿,凍肉店,128
2589768385261731840,香港事业部,NFT00.000385,誠信凍肉有限公司,誠信,分销业务冻品水产部销售部,李华兴,金鷹面精肉|25KG,3,75,千克,2454.9,,,14799580,已登记,2026-07-22 00:00:00,2026-07-22 10:52:05,1300109002,1300109,面精肉,凍肉店,2454.9
2589760997941051393,香港事业部,NFT00.000091,恆昌凍肉食品有限公司,恆昌,分销业务冻品水产部销售部,谭小君,高峰網裝羊肩卷肉| 18KG,4,72,千克,5726.88,,,14800561,已登记,2026-07-22 00:00:00,2026-07-22 10:37:44,1300503009,1300503,羊肩卷肉,批發-加工,5726.88
2589723073379827713,香港事业部,NFT00.000230,恆輝貿易公司,恆輝,分销业务冻品水产部销售部,凌靖翔,河南去皮上腿肉|12KG,8,96,千克,1728.9,,,14799482,已登记,2026-07-22 00:00:00,2026-07-22 09:24:10,1300609001,1300609,去皮上腿肉,批發-飛機,1728.9
2589723073379827713,香港事业部,NFT00.000230,恆輝貿易公司,恆輝,分销业务冻品水产部销售部,凌靖翔,遼寧銘川帶皮腿扒|15KG (250克+/塊),1,15,千克,1728.9,,,14799482,已登记,2026-07-22 00:00:00,2026-07-22 09:24:10,1300607014,1300607,帶皮腿扒,批發-飛機,0
2589675802969767939,香港事业部,NFT00.000169,福源食品有限公司,福源,分销业务冻品水产部销售部,罗展勤,遼寧銘川帶皮腿扒|15KG (300克+/塊),7,105,千克,1551.9,,,14798338,已登记,2026-07-22 00:00:00,2026-07-22 07:52:28,1300607015,1300607,帶皮腿扒,批發-加工,1551.9
2589072574813044743,香港事业部,NFT00.000230,恆輝貿易公司,恆輝,分销业务冻品水产部销售部,凌靖翔,遼寧欣城帶骨雞全腿 240-260G|15KG,2,30,千克,436.5,,,14798142,已登记,2026-07-22 00:00:00,2026-07-21 12:22:01,1300603038,1300603,帶骨全腿,批發-飛機,436.5
2589045464979472385,香港事业部,NFT00.000774,新昌,新昌,分销业务冻品水产部,张淑燕,至尊梅肉|25KG,1,25,千克,1543.72,,,14798096,已登记,2026-07-22 00:00:00,2026-07-21 11:29:25,1300101043,1300101,一號肉,凍肉店,1543.72
2589045464979472385,香港事业部,NFT00.000774,新昌,新昌,分销业务冻品水产部,张淑燕,遼寧銘川帶皮腿扒|15KG (300克+/塊),3,45,千克,1543.72,,,14798096,已登记,2026-07-22 00:00:00,2026-07-21 11:29:25,1300607015,1300607,帶皮腿扒,凍肉店,0
2589044614552879112,香港事业部,NFT00.000774,新昌,新昌,分销业务冻品水产部,张淑燕,遼寧欣城帶骨雞全腿 300-320G|15KG,2,30,千克,377.1,,,14798974,已登记,2026-07-22 00:00:00,2026-07-21 11:27:47,1300603041,1300603,帶骨全腿,凍肉店,377.1
2589038094815592448,香港事业部,NFT00.000774,新昌,新昌,分销业务冻品水产部,张淑燕,至尊梅肉|25KG,1,25,千克,1920.82,,,14798925,已关闭,2026-07-22 00:00:00,2026-07-21 11:15:08,1300101043,1300101,一號肉,凍肉店,1920.82
2589038094815592448,香港事业部,NFT00.000774,新昌,新昌,分销业务冻品水产部,张淑燕,遼寧欣城帶骨雞全腿 300-320G|15KG,2,30,千克,1920.82,,,14798925,已关闭,2026-07-22 00:00:00,2026-07-21 11:15:08,1300603041,1300603,帶骨全腿,凍肉店,0
2589038094815592448,香港事业部,NFT00.000774,新昌,新昌,分销业务冻品水产部,张淑燕,遼寧銘川帶皮腿扒|15KG (300克+/塊),3,45,千克,1920.82,,,14798925,已关闭,2026-07-22 00:00:00,2026-07-21 11:15:08,1300607015,1300607,帶皮腿扒,凍肉店,0
2588972106938056709,香港事业部,NFT00.000230,恆輝貿易公司,恆輝,分销业务冻品水产部销售部,凌靖翔,華英全淨膛鴨|14.4KG (1.8KG/只),2,28.8,千克,302.4,,,14798788,已登记,2026-07-21 00:00:00,2026-07-21 09:07:05,1300901006,1300901,整鴨,批發-飛機,302.4
2588465824783138817,香港事业部,NFT00.000168,明記凍肉,明記,分销业务冻品水产部销售部,凌靖翔,遼寧欣城琵琶腿130-150G|10KG(5KG*2),1,10,千克,478,,,14797893,已登记,2026-07-21 00:00:00,2026-07-20 16:44:47,1300624103,1300624,琵琶腿,凍肉店,478
2588465824783138817,香港事业部,NFT00.000168,明記凍肉,明記,分销业务冻品水产部销售部,凌靖翔,遼寧欣城雞翅尖IQF|10KG,1,10,千克,478,,,14797893,已登记,2026-07-21 00:00:00,2026-07-20 16:44:47,1300627002,1300627,翅尖,凍肉店,0
2588465824783138817,香港事业部,NFT00.000168,明記凍肉,明記,分销业务冻品水产部销售部,凌靖翔,山東帶骨鴨腿|10KG（220-240G/只）,1,10,千克,478,,,14797893,已登记,2026-07-21 00:00:00,2026-07-20 16:44:47,1300902011,1300902,帶骨整腿,凍肉店,0
2588465824783138817,香港事业部,NFT00.000168,明記凍肉,明記,分销业务冻品水产部销售部,凌靖翔,遼寧欣城翅根|10KG(60克以上/只),1,10,千克,478,,,14797893,已登记,2026-07-21 00:00:00,2026-07-20 16:44:47,1300626003,1300626,翅根,凍肉店,0
2588458514748801028,香港事业部,NFT00.002551,溢利食品(香港)有限公司,溢利,分销业务冻品水产部销售部,凌靖翔,金鷹梅肉|25KG,4,100,千克,2744,,,14797892,已登记,2026-07-21 00:00:00,2026-07-20 16:30:36,1300101018,1300101,一號肉,批發-飛機,2744
2588440639071846409,香港事业部,NFT00.000759,天恆食品有限公司,天恆,分销业务冻品水产部销售部,岑美玉,伊美佳12支骨法式羊排|20KG,2,40,千克,3096.8,,,14798644,已登记,2026-07-21 00:00:00,2026-07-20 15:55:54,1300501029,1300501,羊排,批發-飛機,3096.8
2588412696014618633,香港事业部,NFT00.000759,天恆食品有限公司,天恆,分销业务冻品水产部销售部,岑美玉,高峰法式羊排 7 支骨|20KG,1,20,千克,2178,,,14797709,已登记,2026-07-21 00:00:00,2026-07-20 15:01:42,1300501025,1300501,羊排,批發-飛機,2178
2588391049402515463,香港事业部,NFT00.003074,信隆(亞洲)有限公司,信隆,分销业务冻品水产部销售部,谭小君,華英煙熏鴨胸肉|10KG (240-260G/塊)日文包裝,15,150,千克,5383.5,,,14797680,已登记,2026-07-21 00:00:00,2026-07-20 14:19:41,1300904024,1300904,煙熏鴨胸,批發-加工,5383.5
2588391049402515463,香港事业部,NFT00.003074,信隆(亞洲)有限公司,信隆,分销业务冻品水产部销售部,谭小君,遼寧欣城帶骨雞全腿 240-260G|15KG,10,150,千克,5383.5,,,14797680,已登记,2026-07-21 00:00:00,2026-07-20 14:19:41,1300603038,1300603,帶骨全腿,批發-加工,0
2588354525000630277,香港事业部,NFT00.002551,溢利食品(香港)有限公司,溢利,分销业务冻品水产部销售部,凌靖翔,中國紅布腸|20KG,2,40,千克,970.2,,,14797545,已登记,2026-07-21 00:00:00,2026-07-20 13:08:50,1300114011,1300114,熟食,批發-飛機,970.2
2588269828245553161,香港事业部,NFT00.000759,天恆食品有限公司,天恆,分销业务冻品水产部销售部,岑美玉,高峰柱裝羊卷肉|20KG,3,60,千克,3528,,,14797421,已登记,2026-07-20 00:00:00,2026-07-20 10:24:30,1300511002,1300511,羊卷肉,批發-飛機,3528
2588256797291708421,香港事业部,NFT00.000168,明記凍肉,明記,分销业务冻品水产部销售部,凌靖翔,遼寧欣城琵琶腿130-150G|10KG(5KG*2),1,10,千克,128,,,14796327,已登记,2026-07-20 00:00:00,2026-07-20 09:59:12,1300624103,1300624,琵琶腿,凍肉店,128
2588253747864928264,香港事业部,NFT00.003177,翎凰凍肉有限公司,翎凰,分销业务冻品水产部销售部,凌靖翔,至尊梅肉|25KG,20,500,千克,19647.35,,,14797265,已登记,2026-07-21 00:00:00,2026-07-20 09:53:18,1300101043,1300101,一號肉,批發-加工,19647.35
2588253747864928264,香港事业部,NFT00.003177,翎凰凍肉有限公司,翎凰,分销业务冻品水产部销售部,凌靖翔,金鷹面精肉|25KG,3,75,千克,19647.35,,,14797265,已登记,2026-07-21 00:00:00,2026-07-20 09:53:18,1300109002,1300109,面精肉,批發-加工,0
2588227608717033474,香港事业部,NFT00.000185,萬駿貿易公司,萬駿,分销业务冻品水产部销售部,岑美玉,至尊梅肉|25KG,10,250,千克,8875,,,14796239,已登记,2026-07-20 00:00:00,2026-07-20 09:02:35,1300101043,1300101,一號肉,批發-加工,8875
2586807400471199744,香港事业部,NFT00.000230,恆輝貿易公司,恆輝,分销业务冻品水产部销售部,凌靖翔,遼寧欣城帶骨雞全腿 280-300G|15KG,1,15,千克,1962.15,,,14796981,已登记,2026-07-20 00:00:00,2026-07-18 11:07:01,1300603040,1300603,帶骨全腿,批發-飛機,1962.15
2586807400471199744,香港事业部,NFT00.000230,恆輝貿易公司,恆輝,分销业务冻品水产部销售部,凌靖翔,遼寧銘川帶皮腿扒|15KG (250克+/塊),8,120,千克,1962.15,,,14796981,已登记,2026-07-20 00:00:00,2026-07-18 11:07:01,1300607014,1300607,帶皮腿扒,批發-飛機,0
2586800004514447366,香港事业部,NFT00.000230,恆輝貿易公司,恆輝,分销业务冻品水产部销售部,凌靖翔,金鷹面精肉|25KG,5,125,千克,4091.5,,,14796079,已登记,2026-07-20 00:00:00,2026-07-18 10:52:40,1300109002,1300109,面精肉,批發-飛機,4091.5
2586783279934865417,香港事业部,NFT00.000168,明記凍肉,明記,分销业务冻品水产部销售部,凌靖翔,遼寧欣城琵琶腿130-150G|10KG(5KG*2),1,10,千克,128,,,14796067,已登记,2026-07-18 00:00:00,2026-07-18 10:20:13,1300624103,1300624,琵琶腿,凍肉店,128
2586779474593841159,香港事业部,NFT00.000337,新城發食品有限公司,新城發,分销业务冻品水产部销售部,许至邦,金鷹面精肉|25KG,4,100,千克,3273.2,,,14796066,已登记,2026-07-20 00:00:00,2026-07-18 10:12:49,1300109002,1300109,面精肉,批發-加工,3273.2
2586778452368556034,香港事业部,NFT00.000230,恆輝貿易公司,恆輝,分销业务冻品水产部销售部,凌靖翔,山東鴨胸肉|10KG(200-220克/塊),1,10,千克,132,,,14796068,已关闭,2026-07-18 00:00:00,2026-07-18 10:10:52,1300903005,1300903,生鴨胸,批發-飛機,132
2586236015178940424,香港事业部,NFT00.000357,三明有限公司,三明,分销业务冻品水产部销售部,张淑燕,金鷹梅肉|25KG,10,250,千克,6790,,,14796814,已登记,2026-07-18 00:00:00,2026-07-17 16:38:21,1300101018,1300101,一號肉,批發-飛機,6790
2586171985806491649,香港事业部,NFT00.002474,明記冷凍食品有限公司,明記冷凍,分销业务冻品水产部销售部,岑美玉,至尊梅肉|25KG,6,150,千克,5410.47,,,14796679,已登记,2026-07-20 00:00:00,2026-07-17 14:34:08,1300101043,1300101,一號肉,批發-加工,5410.47
2586171985806491649,香港事业部,NFT00.002474,明記冷凍食品有限公司,明記冷凍,分销业务冻品水产部销售部,岑美玉,華王樂雞肉腸｜10.88KG(340.2g*32),1,32,包,5410.47,,,14796679,已登记,2026-07-20 00:00:00,2026-07-17 14:34:08,1310501001,1310501,腸類.雞肉腸,批發-加工,0
2586128950257254404,香港事业部,NFT00.000229,駿利貿易公司,駿利,分销业务冻品水产部销售部,张淑燕,遼寧銘川帶皮腿扒|15KG (300克+/塊),1,15,千克,221.7,,,14796597,已登记,2026-07-18 00:00:00,2026-07-17 13:10:38,1300607015,1300607,帶皮腿扒,批發-飛機,221.7
2586128220089745415,香港事业部,NFT00.000229,駿利貿易公司,駿利,分销业务冻品水产部销售部,张淑燕,中國紅布腸|20KG,1,20,千克,490,,,14796598,已登记,2026-07-18 00:00:00,2026-07-17 13:09:13,1300114011,1300114,熟食,批發-飛機,490
2586091618378448898,香港事业部,NFT00.000357,三明有限公司,三明,分销业务冻品水产部销售部,张淑燕,金鷹面精肉|25KG,8,200,千克,6479.6,,,14795522,已登记,2026-07-18 00:00:00,2026-07-17 11:58:12,1300109002,1300109,面精肉,批發-飛機,6479.6
2586086404311220225,香港事业部,NFT00.000169,福源食品有限公司,福源,分销业务冻品水产部销售部,罗展勤,遼寧銘川帶皮腿扒|15KG (300克+/塊),10,150,千克,2217,,,14795519,已登记,2026-07-17 00:00:00,2026-07-17 11:48:05,1300607015,1300607,帶皮腿扒,批發-加工,2217
2586079686982369289,香港事业部,NFT00.000091,恆昌凍肉食品有限公司,恆昌,分销业务冻品水产部销售部,谭小君,高峰網裝羊肩卷肉| 18KG,4,72,千克,5726.88,,,14795699,已登记,2026-07-17 00:00:00,2026-07-17 11:35:03,1300503009,1300503,羊肩卷肉,批發-加工,5726.88
2586076448577028103,香港事业部,NFT00.000774,新昌,新昌,分销业务冻品水产部,张淑燕,至尊梅肉|25KG,1,25,千克,1920.82,,,14795691,已登记,2026-07-20 00:00:00,2026-07-17 11:28:46,1300101043,1300101,一號肉,凍肉店,1920.82
2586076448577028103,香港事业部,NFT00.000774,新昌,新昌,分销业务冻品水产部,张淑燕,遼寧欣城帶骨雞全腿 300-320G|15KG,2,30,千克,1920.82,,,14795691,已登记,2026-07-20 00:00:00,2026-07-17 11:28:46,1300603041,1300603,帶骨全腿,凍肉店,0
2586076448577028103,香港事业部,NFT00.000774,新昌,新昌,分销业务冻品水产部,张淑燕,遼寧銘川帶皮腿扒|15KG (300克+/塊),3,45,千克,1920.82,,,14795691,已登记,2026-07-20 00:00:00,2026-07-17 11:28:46,1300607015,1300607,帶皮腿扒,凍肉店,0
2586075091344293888,香港事业部,NFT00.000774,新昌,新昌,分销业务冻品水产部,张淑燕,至尊梅肉|25KG,1,25,千克,2484.86,,,14795686,已登记,2026-07-18 00:00:00,2026-07-17 11:26:09,1300101043,1300101,一號肉,凍肉店,2484.86
2586075091344293888,香港事业部,NFT00.000774,新昌,新昌,分销业务冻品水产部,张淑燕,金鷹面精肉|25KG,1,25,千克,2484.86,,,14795686,已登记,2026-07-18 00:00:00,2026-07-17 11:26:09,1300109002,1300109,面精肉,凍肉店,0
2586075091344293888,香港事业部,NFT00.000774,新昌,新昌,分销业务冻品水产部,张淑燕,華英全淨膛鴨|12.8KG (1.6KG/只),1,12.8,千克,2484.86,,,14795686,已登记,2026-07-18 00:00:00,2026-07-17 11:26:09,1300901004,1300901,整鴨,凍肉店,0
2586075091344293888,香港事业部,NFT00.000774,新昌,新昌,分销业务冻品水产部,张淑燕,遼寧銘川帶皮腿扒|15KG (300克+/塊),3,45,千克,2484.86,,,14795686,已登记,2026-07-18 00:00:00,2026-07-17 11:26:09,1300607015,1300607,帶皮腿扒,凍肉店,0
2586069688298504201,香港事业部,NFT00.002819,信希食品有限公司,信希,分销业务冻品水产部销售部,岑美玉,遼寧欣城帶骨雞全腿 200-220G|15KG,1,15,千克,234.75,,,14795673,已登记,2026-07-20 00:00:00,2026-07-17 11:15:39,1300603036,1300603,帶骨全腿,批發-飛機,234.75
2586056038869368839,香港事业部,NFT00.002547,先進食品國際有限公司,先進,分销业务冻品水产部销售部,岑美玉,高峰法式羊排 8 支骨|20KG,10,200,千克,18624,,,14795409,已登记,2026-07-18 00:00:00,2026-07-17 10:49:11,1300501020,1300501,羊排,批發-加工,18624
2586041341491281923,香港事业部,NFT00.002819,信希食品有限公司,信希,分销业务冻品水产部销售部,岑美玉,遼寧欣城帶骨雞全腿 200-220G|15KG,1,15,千克,234.75,,,14795365,已登记,2026-07-18 00:00:00,2026-07-17 10:20:38,1300603036,1300603,帶骨全腿,批發-飛機,234.75
2586041255615004677,香港事业部,NFT00.000168,明記凍肉,明記,分销业务冻品水产部销售部,凌靖翔,遼寧欣城雞翅尖IQF|10KG,1,10,千克,97,,,14795634,已登记,2026-07-17 00:00:00,2026-07-17 10:20:30,1300627002,1300627,翅尖,凍肉店,97
2586017203798147081,香港事业部,NFT00.003034,豪氣有限公司,豪氣,分销业务冻品水产部销售部,萧景新,中國三號肉|25KG (7-10條),15,375,千克,8437.5,,,14795601,已登记,2026-07-17 00:00:00,2026-07-17 09:33:52,1300103041,1300103,三號肉,批發-加工,8437.5
2586008588070682633,香港事业部,NFT00.000357,三明有限公司,三明,分销业务冻品水产部销售部,张淑燕,精品面精肉|25KG,3,75,千克,2435.4,,,14795244,已登记,2026-07-17 00:00:00,2026-07-17 09:17:06,1300109012,1300109,面精肉,批發-飛機,2435.4
2585993031722205193,香港事业部,NFT00.003034,豪氣有限公司,豪氣,分销业务冻品水产部销售部,萧景新,中國三號肉|25KG (7-10條),30,750,千克,16875,,,14795565,已关闭,2026-07-17 00:00:00,2026-07-17 08:46:56,1300103041,1300103,三號肉,批發-加工,16875
2585360803923230721,香港事业部,NFT00.000229,駿利貿易公司,駿利,分销业务冻品水产部销售部,张淑燕,遼寧銘川帶皮腿扒|15KG (300克+/塊),2,30,千克,443.4,,,14793355,已登记,2026-07-17 00:00:00,2026-07-16 12:20:15,1300607015,1300607,帶皮腿扒,批發-飛機,443.4
2585342936882348033,香港事业部,15MYKD.KSH05,佳城興業有限公司火炭,佳城興業,分销业务冻品水产部销售部,岑美玉,河南去皮上腿肉|12KG,5,60,千克,942,,,14794596,已登记,2026-07-17 00:00:00,2026-07-16 11:45:34,1300609001,1300609,去皮上腿肉,批發-加工,942
2585342644824571911,香港事业部,NFT00.000774,新昌,新昌,分销业务冻品水产部,张淑燕,遼寧欣城帶骨雞全腿 300-320G|15KG,2,30,千克,1042.2,,,14793322,已登记,2026-07-17 00:00:00,2026-07-16 11:45:01,1300603041,1300603,帶骨全腿,凍肉店,1042.2
2585342644824571911,香港事业部,NFT00.000774,新昌,新昌,分销业务冻品水产部,张淑燕,遼寧銘川帶皮腿扒|15KG (300克+/塊),3,45,千克,1042.2,,,14793322,已登记,2026-07-17 00:00:00,2026-07-16 11:45:01,1300607015,1300607,帶皮腿扒,凍肉店,0
2585336485818400776,香港事业部,NFT00.003074,信隆(亞洲)有限公司,信隆,分销业务冻品水产部销售部,谭小君,華英煙熏鴨胸肉|10KG (240-260G/塊)日文包裝,5,50,千克,5116.75,,,14793316,已登记,2026-07-17 00:00:00,2026-07-16 11:33:03,1300904024,1300904,煙熏鴨胸,批發-加工,5116.75
2585336485818400776,香港事业部,NFT00.003074,信隆(亞洲)有限公司,信隆,分销业务冻品水产部销售部,谭小君,金鷹面精肉|25KG,5,125,千克,5116.75,,,14793316,已登记,2026-07-17 00:00:00,2026-07-16 11:33:03,1300109002,1300109,面精肉,批發-加工,0
2585334673342201858,香港事业部,15MYKD.KSH05,佳城興業有限公司火炭,佳城興業,分销业务冻品水产部销售部,岑美玉,華英全淨膛鴨|11.2KG (1.4KG/只),3,33.6,千克,352.8,,,14794576,已登记,2026-07-17 00:00:00,2026-07-16 11:29:32,1300901002,1300901,整鴨,批發-加工,352.8
2585333049844563974,香港事业部,NFT00.000230,恆輝貿易公司,恆輝,分销业务冻品水产部销售部,凌靖翔,河南去皮上腿肉|12KG,10,120,千克,1884,,,14793315,已登记,2026-07-17 00:00:00,2026-07-16 11:26:24,1300609001,1300609,去皮上腿肉,批發-飛機,1884
2585297985731559425,香港事业部,NFT00.000337,新城發食品有限公司,新城發,分销业务冻品水产部销售部,许至邦,金鷹面精肉|25KG,4,100,千克,4961.55,,,14794492,已登记,2026-07-17 00:00:00,2026-07-16 10:18:23,1300109002,1300109,面精肉,批發-加工,4961.55
2585297985731559425,香港事业部,NFT00.000337,新城發食品有限公司,新城發,分销业务冻品水产部销售部,许至邦,至尊梅肉|25KG,2,50,千克,4961.55,,,14794492,已登记,2026-07-17 00:00:00,2026-07-16 10:18:23,1300101043,1300101,一號肉,批發-加工,0
2585290426612187141,香港事业部,NFT00.000168,明記凍肉,明記,分销业务冻品水产部销售部,凌靖翔,金鷹面精肉|25KG,1,25,千克,954.65,,,14793212,已登记,2026-07-16 00:00:00,2026-07-16 10:03:42,1300109002,1300109,面精肉,凍肉店,954.65
2585290426612187141,香港事业部,NFT00.000168,明記凍肉,明記,分销业务冻品水产部销售部,凌靖翔,遼寧欣城琵琶腿130-150G|10KG(5KG*2),1,10,千克,954.65,,,14793212,已登记,2026-07-16 00:00:00,2026-07-16 10:03:42,1300624103,1300624,琵琶腿,凍肉店,0
2585283022065500168,香港事业部,NFT00.000230,恆輝貿易公司,恆輝,分销业务冻品水产部销售部,凌靖翔,遼寧欣城帶骨雞全腿 280-300G|15KG,1,15,千克,631.95,,,14793202,已登记,2026-07-16 00:00:00,2026-07-16 09:49:20,1300603040,1300603,帶骨全腿,批發-飛機,631.95
2585283022065500168,香港事业部,NFT00.000230,恆輝貿易公司,恆輝,分销业务冻品水产部销售部,凌靖翔,遼寧銘川帶皮腿扒|15KG (250克+/塊),2,30,千克,631.95,,,14793202,已登记,2026-07-16 00:00:00,2026-07-16 09:49:20,1300607014,1300607,帶皮腿扒,批發-飛機,0
2585261255171244041,香港事业部,NFT00.000759,天恆食品有限公司,天恆,分销业务冻品水产部销售部,岑美玉,高峰法式小切羊排 |10KG,1,10,千克,1029.6,,,14794324,已登记,2026-07-16 00:00:00,2026-07-16 09:07:06,1300501022,1300501,羊排,批發-飛機,1029.6
2584644240192569351,香港事业部,NFT00.000774,新昌,新昌,分销业务冻品水产部,张淑燕,遼寧欣城帶骨雞全腿 300-320G|15KG,2,30,千克,1042.2,,,14794052,已登记,2026-07-16 00:00:00,2026-07-15 13:09:56,1300603041,1300603,帶骨全腿,凍肉店,1042.2
2584644240192569351,香港事业部,NFT00.000774,新昌,新昌,分销业务冻品水产部,张淑燕,遼寧銘川帶皮腿扒|15KG (300克+/塊),3,45,千克,1042.2,,,14794052,已登记,2026-07-16 00:00:00,2026-07-15 13:09:56,1300607015,1300607,帶皮腿扒,凍肉店,0
2584639232237633544,香港事业部,NFT00.002481,啟興食品貿易公司(大埔道),啟興,分销业务冻品水产部销售部,岑美玉,金鷹面精肉|25KG,1,25,千克,826.65,,,14793055,已登记,2026-07-16 00:00:00,2026-07-15 13:00:13,1300109002,1300109,面精肉,批發-加工,826.65
2584620669388980224,香港事业部,NFT00.002481,啟興食品貿易公司(大埔道),啟興,分销业务冻品水产部销售部,岑美玉,金鷹面精肉|25KG,2,50,千克,1653.3,,,14794009,已关闭,2026-07-16 00:00:00,2026-07-15 12:24:11,1300109002,1300109,面精肉,批發-加工,1653.3
2584581971733643267,香港事业部,NFT00.000140,聯合林記食品有限公司,聯合林記,分销业务冻品水产部销售部,莫艺生,華英煙熏鴨胸肉|10KG (220-240G/塊)日文包裝,1,10,千克,351.84,,,14792939,已登记,2026-07-15 00:00:00,2026-07-15 11:09:07,1300904023,1300904,煙熏鴨胸,批發-加工,351.84
2584581971733643267,香港事业部,NFT00.000140,聯合林記食品有限公司,聯合林記,分销业务冻品水产部销售部,莫艺生,山東全淨膛鴨|12.8KG (1.6KG/只),1,12.8,千克,351.84,,,14792939,已登记,2026-07-15 00:00:00,2026-07-15 11:09:07,1300901052,1300901,整鴨,批發-加工,0
2584571474833571847,香港事业部,NFT00.000169,福源食品有限公司,福源,分销业务冻品水产部销售部,罗展勤,遼寧銘川帶皮腿扒|15KG (300克+/塊),20,300,千克,4434,,,14793896,已登记,2026-07-15 00:00:00,2026-07-15 10:48:45,1300607015,1300607,帶皮腿扒,批發-加工,4434
2584567721032155136,香港事业部,NFT00.002819,信希食品有限公司,信希,分销业务冻品水产部销售部,岑美玉,遼寧欣城帶骨雞全腿 200-220G|15KG,1,15,千克,234.75,,,14792923,已登记,2026-07-16 00:00:00,2026-07-15 10:41:27,1300603036,1300603,帶骨全腿,批發-飛機,234.75
2584563640813223937,香港事业部,NFT00.002547,先進食品國際有限公司,先進,分销业务冻品水产部销售部,岑美玉,優質梅肉|25KG,6,150,千克,3572.1,,,14792904,已登记,2026-07-15 00:00:00,2026-07-15 10:33:33,1300101007,1300101,一號肉,批發-加工,3572.1
2584557138255806468,香港事业部,NFT00.000168,明記凍肉,明記,分销业务冻品水产部销售部,凌靖翔,遼寧欣城琵琶腿130-150G|10KG(5KG*2),1,10,千克,128,,,14792898,已登记,2026-07-15 00:00:00,2026-07-15 10:20:55,1300624103,1300624,琵琶腿,凍肉店,128
2584544012812681221,香港事业部,NFT00.003177,翎凰凍肉有限公司,翎凰,分销业务冻品水产部销售部,凌靖翔,金鷹面精肉|25KG,3,75,千克,2454.9,,,14793826,已登记,2026-07-16 00:00:00,2026-07-15 09:55:28,1300109002,1300109,面精肉,批發-加工,2454.9
2584530131501449222,香港事业部,NFT00.000230,恆輝貿易公司,恆輝,分销业务冻品水产部销售部,凌靖翔,遼寧欣城帶骨雞全腿 280-300G|15KG,1,15,千克,188.55,,,14793784,已登记,2026-07-15 00:00:00,2026-07-15 09:28:32,1300603040,1300603,帶骨全腿,批發-飛機,188.55
2584528903140802560,香港事业部,NFT00.000185,萬駿貿易公司,萬駿,分销业务冻品水产部销售部,岑美玉,至尊梅肉|25KG,6,150,千克,5165.25,,,14792872,已登记,2026-07-15 00:00:00,2026-07-15 09:26:12,1300101043,1300101,一號肉,批發-加工,5165.25
2583974757847269381,香港事业部,NFT00.000230,恆輝貿易公司,恆輝,分销业务冻品水产部销售部,凌靖翔,河南去皮上腿肉|12KG,1,12,千克,188.4,,,14792777,已登记,2026-07-15 00:00:00,2026-07-14 15:30:57,1300609001,1300609,去皮上腿肉,批發-飛機,188.4
2583932632808030211,香港事业部,NFT00.000229,駿利貿易公司,駿利,分销业务冻品水产部销售部,张淑燕,八合里牛筋丸(業務裝),1,10,包,1980,,,14792718,已登记,2026-07-15 00:00:00,2026-07-14 14:09:14,1310201023,1310201,丸類.牛肉丸,批發-飛機,1980
2583932632808030211,香港事业部,NFT00.000229,駿利貿易公司,駿利,分销业务冻品水产部销售部,张淑燕,八合里牛肉丸(業務裝),1,10,包,1980,,,14792718,已登记,2026-07-15 00:00:00,2026-07-14 14:09:14,1310201022,1310201,丸類.牛肉丸,批發-飛機,0
2583916286185570306,香港事业部,NFT00.000774,新昌,新昌,分销业务冻品水产部,张淑燕,金鷹面精肉|25KG,1,25,千克,2730.25,,,14792716,已登记,2026-07-15 00:00:00,2026-07-14 13:37:31,1300109002,1300109,面精肉,凍肉店,2730.25
2583916286185570306,香港事业部,NFT00.000774,新昌,新昌,分销业务冻品水产部,张淑燕,至尊梅肉|25KG,1,25,千克,2730.25,,,14792716,已登记,2026-07-15 00:00:00,2026-07-14 13:37:31,1300101043,1300101,一號肉,凍肉店,0
2583916286185570306,香港事业部,NFT00.000774,新昌,新昌,分销业务冻品水产部,张淑燕,遼寧欣城帶骨雞全腿 300-320G|15KG,2,30,千克,2730.25,,,14792716,已登记,2026-07-15 00:00:00,2026-07-14 13:37:31,1300603041,1300603,帶骨全腿,凍肉店,0
2583916286185570306,香港事业部,NFT00.000774,新昌,新昌,分销业务冻品水产部,张淑燕,遼寧銘川帶皮腿扒|15KG (300克+/塊),3,45,千克,2730.25,,,14792716,已登记,2026-07-15 00:00:00,2026-07-14 13:37:31,1300607015,1300607,帶皮腿扒,凍肉店,0
2583891572943749123,香港事业部,NFT00.003034,豪氣有限公司,豪氣,分销业务冻品水产部销售部,萧景新,高峰柱裝羊卷肉|20KG,2,40,千克,2376,,,14792263,已登记,2026-07-15 00:00:00,2026-07-14 12:49:34,1300511002,1300511,羊卷肉,批發-加工,2376
2583858097945575433,香港事业部,NFT00.000357,三明有限公司,三明,分销业务冻品水产部销售部,张淑燕,精品面精肉|25KG,2,50,千克,1623.6,,,14792657,已登记,2026-07-15 00:00:00,2026-07-14 11:44:36,1300109012,1300109,面精肉,批發-飛機,1623.6
2583826194928500744,香港事业部,NFT00.000337,新城發食品有限公司,新城發,分销业务冻品水产部销售部,许至邦,金鷹面精肉|25KG,4,100,千克,3273.2,,,14791504,已登记,2026-07-15 00:00:00,2026-07-14 10:42:42,1300109002,1300109,面精肉,批發-加工,3273.2
2583807683642523653,香港事业部,NFT00.000168,明記凍肉,明記,分销业务冻品水产部销售部,凌靖翔,遼寧欣城翅根|10KG(60克以上/只),1,10,千克,128,,,14792172,已登记,2026-07-14 00:00:00,2026-07-14 10:06:48,1300626003,1300626,翅根,凍肉店,128
2583794824487370758,香港事业部,NFT00.000230,恆輝貿易公司,恆輝,分销业务冻品水产部销售部,凌靖翔,河南去皮上腿肉|12KG,6,72,千克,1130.4,,,14792158,已登记,2026-07-14 00:00:00,2026-07-14 09:41:50,1300609001,1300609,去皮上腿肉,批發-飛機,1130.4
2583787377014079495,香港事业部,NFT00.000169,福源食品有限公司,福源,分销业务冻品水产部销售部,罗展勤,遼寧欣城帶骨雞全腿 280-300G|15KG,15,225,千克,2828.25,,,14791328,已登记,2026-07-14 00:00:00,2026-07-14 09:27:23,1300603040,1300603,帶骨全腿,批發-加工,2828.25
2583233489441652738,香港事业部,NFT00.000357,三明有限公司,三明,分销业务冻品水产部销售部,张淑燕,精品面精肉|25KG,2,50,千克,1623.6,,,14791883,已登记,2026-07-14 00:00:00,2026-07-13 15:32:42,1300109012,1300109,面精肉,批發-飛機,1623.6
2583230783612256257,香港事业部,NFT00.003034,豪氣有限公司,豪氣,分销业务冻品水产部销售部,萧景新,高峰四號肉 25KG,10,250,千克,4459,,,14791881,已登记,2026-07-14 00:00:00,2026-07-13 15:27:28,1300104005,1300104,四號肉,批發-加工,4459
2583212607310659589,香港事业部,NFT00.000230,恆輝貿易公司,恆輝,分销业务冻品水产部销售部,凌靖翔,華英鴨胸肉|10KG 220-240G/塊),1,10,千克,136,,,14791162,已关闭,2026-07-14 00:00:00,2026-07-13 14:52:11,1300903003,1300903,生鴨胸,批發-飛機,136
2583112087919132681,香港事业部,NFT00.002551,溢利食品(香港)有限公司,溢利,分销业务冻品水产部销售部,凌靖翔,中國紅布腸|20KG,2,40,千克,970.2,,,14791017,已登记,2026-07-14 00:00:00,2026-07-13 11:37:09,1300114011,1300114,熟食,批發-飛機,970.2
2583108617562488834,香港事业部,NFT00.000774,新昌,新昌,分销业务冻品水产部,张淑燕,山東帶骨鴨腿|10KG（220-240G/只）,1,10,千克,1264.05,,,14790988,已登记,2026-07-14 00:00:00,2026-07-13 11:30:26,1300902011,1300902,帶骨整腿,凍肉店,1264.05
2583108617562488834,香港事业部,NFT00.000774,新昌,新昌,分销业务冻品水产部,张淑燕,金鷹寸骨|10KG (1K*10包),1,10,千克,1264.05,,,14790988,已登记,2026-07-14 00:00:00,2026-07-13 11:30:26,1300111003,1300111,寸骨,凍肉店,0
2583108617562488834,香港事业部,NFT00.000774,新昌,新昌,分销业务冻品水产部,张淑燕,遼寧銘川帶皮腿扒|15KG (300克+/塊),3,45,千克,1264.05,,,14790988,已登记,2026-07-14 00:00:00,2026-07-13 11:30:26,1300607015,1300607,帶皮腿扒,凍肉店,0
2583107011244720130,香港事业部,NFT00.000357,三明有限公司,三明,分销业务冻品水产部销售部,张淑燕,遼寧欣城帶皮上腿肉|12KG,6,72,千克,2196,,,14791735,已登记,2026-07-13 00:00:00,2026-07-13 11:27:18,1300610038,1300610,帶皮上腿肉,批發-飛機,2196
2583107011244720130,香港事业部,NFT00.000357,三明有限公司,三明,分销业务冻品水产部销售部,张淑燕,遼寧嘉士德去皮上腿肉|12KG,6,72,千克,2196,,,14791735,已登记,2026-07-13 00:00:00,2026-07-13 11:27:18,1300609018,1300609,去皮上腿肉,批發-飛機,0
2583097931683856393,香港事业部,NFT00.003035,三寶食品集團有限公司,三寶,分销业务冻品水产部销售部,黄佩连,中國金鯧魚(300-400G)|10KG(黃帶),20,200,千克,7469,,,14791716,已登记,2026-07-13 00:00:00,2026-07-13 11:09:42,1800108097,1800108,魚.其他,批發-飛機,7469
2583085691027062789,香港事业部,15MYKD.KSH05,佳城興業有限公司火炭,佳城興業,分销业务冻品水产部销售部,岑美玉,河南去皮上腿肉|12KG,5,60,千克,942,,,14790925,已登记,2026-07-14 00:00:00,2026-07-13 10:45:56,1300609001,1300609,去皮上腿肉,批發-加工,942
2583070581332115457,香港事业部,NFT00.000357,三明有限公司,三明,分销业务冻品水产部销售部,张淑燕,金鷹寸骨|10KG (1K*10包),2,20,千克,950.4,,,14790858,已登记,2026-07-13 00:00:00,2026-07-13 10:16:38,1300111003,1300111,寸骨,批發-飛機,950.4
2583066011509981186,香港事业部,NFT00.000168,明記凍肉,明記,分销业务冻品水产部销售部,凌靖翔,遼寧欣城琵琶腿130-150G|10KG(5KG*2),1,10,千克,128,,,14790841,已登记,2026-07-13 00:00:00,2026-07-13 10:07:45,1300624103,1300624,琵琶腿,凍肉店,128
2583054999190765575,香港事业部,NFT00.000230,恆輝貿易公司,恆輝,分销业务冻品水产部销售部,凌靖翔,河南去皮上腿肉|12KG,5,60,千克,1385.4,,,14789558,已登记,2026-07-13 00:00:00,2026-07-13 09:46:24,1300609001,1300609,去皮上腿肉,批發-飛機,1385.4
2583054999190765575,香港事业部,NFT00.000230,恆輝貿易公司,恆輝,分销业务冻品水产部销售部,凌靖翔,遼寧銘川帶皮腿扒|15KG (250克+/塊),2,30,千克,1385.4,,,14789558,已登记,2026-07-13 00:00:00,2026-07-13 09:46:24,1300607014,1300607,帶皮腿扒,批發-飛機,0
2583030990346649606,香港事业部,NFT00.000230,恆輝貿易公司,恆輝,分销业务冻品水产部销售部,凌靖翔,金鷹寸骨|10KG (1K*10包),1,10,千克,480,,,14789499,已登记,2026-07-13 00:00:00,2026-07-13 08:59:50,1300111003,1300111,寸骨,批發-飛機,480
2581617413507252230,香港事业部,NFT00.000230,恆輝貿易公司,恆輝,分销业务冻品水产部销售部,凌靖翔,金鷹面精肉|25KG,6,150,千克,4859.7,,,14789364,已登记,2026-07-13 00:00:00,2026-07-11 11:17:06,1300109002,1300109,面精肉,批發-飛機,4859.7
2581598996710555652,香港事业部,NFT00.000168,明記凍肉,明記,分销业务冻品水产部销售部,凌靖翔,遼寧欣城琵琶腿130-150G|10KG(5KG*2),1,10,千克,128,,,14790599,已登记,2026-07-11 00:00:00,2026-07-11 10:41:23,1300624103,1300624,琵琶腿,凍肉店,128
2581556656922951682,香港事业部,NFT00.000168,明記凍肉,明記,分销业务冻品水产部销售部,凌靖翔,金鷹面精肉|25KG,1,25,千克,826.65,,,14790562,已登记,2026-07-11 00:00:00,2026-07-11 09:19:15,1300109002,1300109,面精肉,凍肉店,826.65
2581555669080473608,香港事业部,NFT00.000230,恆輝貿易公司,恆輝,分销业务冻品水产部销售部,凌靖翔,遼寧欣城帶骨雞全腿 240-260G|15KG,2,30,千克,436.5,,,14790563,已登记,2026-07-11 00:00:00,2026-07-11 09:17:19,1300603038,1300603,帶骨全腿,批發-飛機,436.5
2581528155519975427,香港事业部,NFT00.001114,天后肉食有限公司,天后肉食,分销业务冻品水产部销售部,谭小君,高峰法式小切羊排 |10KG,1,10,千克,1029.6,,,14790564,已登记,2026-07-11 00:00:00,2026-07-11 08:23:56,1300501022,1300501,羊排,凍肉店,1029.6
2581046062597799937,香港事业部,NFT00.000759,天恆食品有限公司,天恆,分销业务冻品水产部销售部,岑美玉,高峰柱裝羊卷肉|20KG,2,40,千克,2376,,,14790424,已登记,2026-07-11 00:00:00,2026-07-10 16:48:32,1300511002,1300511,羊卷肉,批發-飛機,2376
2581028126814371843,香港事业部,NFT00.003074,信隆(亞洲)有限公司,信隆,分销业务冻品水产部销售部,谭小君,金鷹面精肉|25KG,2,50,千克,6019.4,,,14789236,已登记,2026-07-13 00:00:00,2026-07-10 16:13:45,1300109002,1300109,面精肉,批發-加工,6019.4
2581028126814371843,香港事业部,NFT00.003074,信隆(亞洲)有限公司,信隆,分销业务冻品水产部销售部,谭小君,遼寧欣城帶骨雞全腿 240-260G|15KG,10,150,千克,6019.4,,,14789236,已登记,2026-07-13 00:00:00,2026-07-10 16:13:45,1300603038,1300603,帶骨全腿,批發-加工,0
2581028126814371843,香港事业部,NFT00.003074,信隆(亞洲)有限公司,信隆,分销业务冻品水产部销售部,谭小君,遼寧銘川帶皮腿扒|15KG (300克+/塊),10,150,千克,6019.4,,,14789236,已登记,2026-07-13 00:00:00,2026-07-10 16:13:45,1300607015,1300607,帶皮腿扒,批發-加工,0
2581026022280396800,香港事业部,NFT00.003074,信隆(亞洲)有限公司,信隆,分销业务冻品水产部销售部,谭小君,遼寧欣城帶骨雞全腿 240-260G|15KG,10,150,千克,2182.5,,,14789233,已登记,2026-07-11 00:00:00,2026-07-10 16:09:39,1300603038,1300603,帶骨全腿,批發-加工,2182.5
2580988793503875073,香港事业部,NFT00.000357,三明有限公司,三明,分销业务冻品水产部销售部,张淑燕,金鷹面精肉|25KG,5,125,千克,4091.5,,,14789154,已登记,2026-07-11 00:00:00,2026-07-10 14:57:26,1300109002,1300109,面精肉,批發-飛機,4091.5
2580883601187930121,香港事业部,NFT00.002819,信希食品有限公司,信希,分销业务冻品水产部销售部,岑美玉,遼寧欣城帶骨雞全腿 200-220G|15KG,1,15,千克,234.75,,,14788933,已登记,2026-07-13 00:00:00,2026-07-10 11:33:20,1300603036,1300603,帶骨全腿,批發-飛機,234.75
2580879151601811457,香港事业部,NFT00.002819,信希食品有限公司,信希,分销业务冻品水产部销售部,岑美玉,遼寧欣城帶骨雞全腿 200-220G|15KG,2,30,千克,469.5,,,14788925,已关闭,2026-07-13 00:00:00,2026-07-10 11:24:42,1300603036,1300603,帶骨全腿,批發-飛機,469.5
2580877717059665924,香港事业部,NFT00.000774,新昌,新昌,分销业务冻品水产部,张淑燕,至尊梅肉|25KG,1,25,千克,3200.65,,,14788924,已登记,2026-07-13 00:00:00,2026-07-10 11:21:54,1300101043,1300101,一號肉,凍肉店,3200.65
2580877717059665924,香港事业部,NFT00.000774,新昌,新昌,分销业务冻品水产部,张淑燕,金鷹寸骨|10KG (1K*10包),1,10,千克,3200.65,,,14788924,已登记,2026-07-13 00:00:00,2026-07-10 11:21:54,1300111003,1300111,寸骨,凍肉店,0
2580877717059665924,香港事业部,NFT00.000774,新昌,新昌,分销业务冻品水产部,张淑燕,金鷹面精肉|25KG,1,25,千克,3200.65,,,14788924,已登记,2026-07-13 00:00:00,2026-07-10 11:21:54,1300109002,1300109,面精肉,凍肉店,0
2580877717059665924,香港事业部,NFT00.000774,新昌,新昌,分销业务冻品水产部,张淑燕,遼寧欣城帶骨雞全腿 300-320G|15KG,2,30,千克,3200.65,,,14788924,已登记,2026-07-13 00:00:00,2026-07-10 11:21:54,1300603041,1300603,帶骨全腿,凍肉店,0
2580877717059665924,香港事业部,NFT00.000774,新昌,新昌,分销业务冻品水产部,张淑燕,遼寧銘川帶皮腿扒|15KG (300克+/塊),3,45,千克,3200.65,,,14788924,已登记,2026-07-13 00:00:00,2026-07-10 11:21:54,1300607015,1300607,帶皮腿扒,凍肉店,0
2580876325513330690,香港事业部,NFT00.002551,溢利食品(香港)有限公司,溢利,分销业务冻品水产部销售部,凌靖翔,中國紅布腸|20KG,1,20,千克,490,,,14789921,已登记,2026-07-11 00:00:00,2026-07-10 11:19:12,1300114011,1300114,熟食,批發-飛機,490
2580876222434115589,香港事业部,NFT00.000774,新昌,新昌,分销业务冻品水产部,张淑燕,遼寧欣城雞翅尖IQF|10KG,1,10,千克,1139.2,,,14788922,已登记,2026-07-11 00:00:00,2026-07-10 11:19:00,1300627002,1300627,翅尖,凍肉店,1139.2
2580876222434115589,香港事业部,NFT00.000774,新昌,新昌,分销业务冻品水产部,张淑燕,遼寧欣城帶骨雞全腿 300-320G|15KG,2,30,千克,1139.2,,,14788922,已登记,2026-07-11 00:00:00,2026-07-10 11:19:00,1300603041,1300603,帶骨全腿,凍肉店,0
2580876222434115589,香港事业部,NFT00.000774,新昌,新昌,分销业务冻品水产部,张淑燕,遼寧銘川帶皮腿扒|15KG (300克+/塊),3,45,千克,1139.2,,,14788922,已登记,2026-07-11 00:00:00,2026-07-10 11:19:00,1300607015,1300607,帶皮腿扒,凍肉店,0
2580872099265511431,香港事业部,NFT00.000759,天恆食品有限公司,天恆,分销业务冻品水产部销售部,岑美玉,高峰法式羊排 8 支骨|20KG,1,20,千克,1900.8,,,14788909,已登记,2026-07-11 00:00:00,2026-07-10 11:11:00,1300501020,1300501,羊排,批發-飛機,1900.8
2580852780479545348,香港事业部,NFT00.000168,明記凍肉,明記,分销业务冻品水产部销售部,凌靖翔,高峰法式小切羊排 |10KG,1,10,千克,1157.6,,,14789852,已登记,2026-07-10 00:00:00,2026-07-10 10:33:32,1300501022,1300501,羊排,凍肉店,1157.6
2580852780479545348,香港事业部,NFT00.000168,明記凍肉,明記,分销业务冻品水产部销售部,凌靖翔,遼寧欣城琵琶腿130-150G|10KG(5KG*2),1,10,千克,1157.6,,,14789852,已登记,2026-07-10 00:00:00,2026-07-10 10:33:32,1300624103,1300624,琵琶腿,凍肉店,0
2580815568905961479,香港事业部,NFT00.000185,萬駿貿易公司,萬駿,分销业务冻品水产部销售部,岑美玉,至尊梅肉|25KG,6,150,千克,5165.25,,,14788787,已登记,2026-07-10 00:00:00,2026-07-10 09:21:19,1300101043,1300101,一號肉,批發-加工,5165.25
2580311116384043008,香港事业部,NFT00.003034,豪氣有限公司,豪氣,分销业务冻品水产部销售部,萧景新,華英全淨膛鴨|13.6KG (1.7KG/只),2,27.2,千克,2631.89,,,14788757,已登记,2026-07-10 00:00:00,2026-07-09 17:02:34,1300901005,1300901,整鴨,批發-加工,2631.89
2580311116384043008,香港事业部,NFT00.003034,豪氣有限公司,豪氣,分销业务冻品水产部销售部,萧景新,高峰柱裝羊卷肉|20KG,2,40,千克,2631.89,,,14788757,已登记,2026-07-10 00:00:00,2026-07-09 17:02:34,1300511002,1300511,羊卷肉,批發-加工,0
2580303076228333576,香港事业部,NFT00.002854,新柏霖有限公司,新柏霖,分销业务冻品水产部销售部,谭小君,"溫氏黃油中3雞|24.5KG (1.3-1.4kg/只,共18只)(抄碼)-停用",2,24,千克,571.2,,,,开立,2026-07-10 00:00:00,2026-07-09 16:46:57,#N/A,#N/A,#N/A,批發-飛機,0
2580259018430742529,香港事业部,NFT00.002854,新柏霖有限公司,新柏霖,分销业务冻品水产部销售部,谭小君,伊美佳12支骨法式羊排|20KG,2,40,千克,3096.8,,,14788695,已登记,2026-07-10 00:00:00,2026-07-09 15:21:28,1300501029,1300501,羊排,批發-飛機,3096.8
2580232355273768964,香港事业部,NFT00.000230,恆輝貿易公司,恆輝,分销业务冻品水产部销售部,凌靖翔,金鷹寸骨|10KG (1K*10包),1,10,千克,480,,,14788292,已登记,2026-07-10 00:00:00,2026-07-09 14:29:44,1300111003,1300111,寸骨,批發-飛機,480
2580219779609526279,香港事业部,NFT00.000230,恆輝貿易公司,恆輝,分销业务冻品水产部销售部,凌靖翔,遼寧銘川帶皮腿扒|15KG (300克+/塊),4,60,千克,886.8,,,14788269,已登记,2026-07-10 00:00:00,2026-07-09 14:05:21,1300607015,1300607,帶皮腿扒,批發-飛機,886.8
2580157073110073347,香港事业部,NFT00.000774,新昌,新昌,分销业务冻品水产部,张淑燕,至尊梅肉|25KG,1,25,千克,3200.65,,,14788240,已登记,2026-07-10 00:00:00,2026-07-09 12:03:41,1300101043,1300101,一號肉,凍肉店,3200.65
2580157073110073347,香港事业部,NFT00.000774,新昌,新昌,分销业务冻品水产部,张淑燕,金鷹寸骨|10KG (1K*10包),1,10,千克,3200.65,,,14788240,已登记,2026-07-10 00:00:00,2026-07-09 12:03:41,1300111003,1300111,寸骨,凍肉店,0
2580157073110073347,香港事业部,NFT00.000774,新昌,新昌,分销业务冻品水产部,张淑燕,金鷹面精肉|25KG,1,25,千克,3200.65,,,14788240,已登记,2026-07-10 00:00:00,2026-07-09 12:03:41,1300109002,1300109,面精肉,凍肉店,0
2580157073110073347,香港事业部,NFT00.000774,新昌,新昌,分销业务冻品水产部,张淑燕,遼寧欣城帶骨雞全腿 300-320G|15KG,2,30,千克,3200.65,,,14788240,已登记,2026-07-10 00:00:00,2026-07-09 12:03:41,1300603041,1300603,帶骨全腿,凍肉店,0
2580157073110073347,香港事业部,NFT00.000774,新昌,新昌,分销业务冻品水产部,张淑燕,遼寧銘川帶皮腿扒|15KG (300克+/塊),3,45,千克,3200.65,,,14788240,已登记,2026-07-10 00:00:00,2026-07-09 12:03:41,1300607015,1300607,帶皮腿扒,凍肉店,0
2580121596680208389,香港事业部,NFT00.000116,新協興凍肉食品公司,新協興,分销业务冻品水产部销售部,凌靖翔,金鷹面精肉|25KG,3,75,千克,5601.07,,,14788176,已登记,2026-07-09 00:00:00,2026-07-09 10:54:51,1300109002,1300109,面精肉,批發-加工,5601.07
2580121596680208389,香港事业部,NFT00.000116,新協興凍肉食品公司,新協興,分销业务冻品水产部销售部,凌靖翔,高峰網裝羊肩卷肉| 18KG,1,18,千克,5601.07,,,14788176,已登记,2026-07-09 00:00:00,2026-07-09 10:54:51,1300503009,1300503,羊肩卷肉,批發-加工,0
2580121596680208389,香港事业部,NFT00.000116,新協興凍肉食品公司,新協興,分销业务冻品水产部销售部,凌靖翔,高峰四號肉 25KG,2,50,千克,5601.07,,,14788176,已登记,2026-07-09 00:00:00,2026-07-09 10:54:51,1300104005,1300104,四號肉,批發-加工,0
2580121596680208389,香港事业部,NFT00.000116,新協興凍肉食品公司,新協興,分销业务冻品水产部销售部,凌靖翔,溫氏黃油中1雞|22KG (1.6-1.7kg/只)/共13只(抄码)-停用,3,36,千克,5601.07,,,14788176,已登记,2026-07-09 00:00:00,2026-07-09 10:54:51,#N/A,#N/A,#N/A,批發-加工,0
2580082117317754887,香港事业部,15MYKD.80036688,美亞食品貿易有限公司,美亞,分销业务冻品水产部销售部,许至邦,遼寧欣城帶皮腿扒|15KG (250-300/塊),25,375,千克,5542.5,,,14788043,已登记,2026-07-10 00:00:00,2026-07-09 09:38:15,1300607016,1300607,帶皮腿扒,批發-加工,5542.5
2580077410033598467,香港事业部,NFT00.000230,恆輝貿易公司,恆輝,分销业务冻品水产部销售部,凌靖翔,華英全淨膛鴨|12KG (1.5KG/只),1,12,千克,126,,,14788021,已登记,2026-07-09 00:00:00,2026-07-09 09:29:06,1300901003,1300901,整鴨,批發-飛機,126
2580074979105177600,香港事业部,NFT00.000230,恆輝貿易公司,恆輝,分销业务冻品水产部销售部,凌靖翔,金鷹寸骨|10KG (1K*10包),1,10,千克,480,,,14788003,已登记,2026-07-09 00:00:00,2026-07-09 09:24:25,1300111003,1300111,寸骨,批發-飛機,480
2579520052127596544,香港事业部,NFT00.000230,恆輝貿易公司,恆輝,分销业务冻品水产部销售部,凌靖翔,華英鴨胸肉|10KG 200-220G/塊),1,10,千克,136,,,14787864,已登记,2026-07-09 00:00:00,2026-07-08 15:27:42,1300903002,1300903,生鴨胸,批發-飛機,136
2579510500143398921,香港事业部,NFT00.000229,駿利貿易公司,駿利,分销业务冻品水产部销售部,张淑燕,金鷹寸骨|10KG (1K*10包),2,20,千克,950.4,,,14787856,已登记,2026-07-09 00:00:00,2026-07-08 15:09:09,1300111003,1300111,寸骨,批發-飛機,950.4
2579458977692647424,香港事业部,NFT00.000774,新昌,新昌,分销业务冻品水产部,张淑燕,山東煙熏鴨胸肉|10KG (200-220G/塊)日文包裝,1,10,千克,1307.52,,,14786983,已登记,2026-07-09 00:00:00,2026-07-08 13:29:12,1300904016,1300904,煙熏鴨胸,凍肉店,1307.52
2579458977692647424,香港事业部,NFT00.000774,新昌,新昌,分销业务冻品水产部,张淑燕,遼寧欣城帶骨雞全腿 300-320G|15KG,2,30,千克,1307.52,,,14786983,已登记,2026-07-09 00:00:00,2026-07-08 13:29:12,1300603041,1300603,帶骨全腿,凍肉店,0
2579458977692647424,香港事业部,NFT00.000774,新昌,新昌,分销业务冻品水产部,张淑燕,遼寧銘川帶皮腿扒|15KG (300克+/塊),3,45,千克,1307.52,,,14786983,已登记,2026-07-09 00:00:00,2026-07-08 13:29:12,1300607015,1300607,帶皮腿扒,凍肉店,0
2579410324303118340,香港事业部,NFT00.002551,溢利食品(香港)有限公司,溢利,分销业务冻品水产部销售部,凌靖翔,中國紅布腸|20KG,1,20,千克,490,,,14787788,已登记,2026-07-09 00:00:00,2026-07-08 11:54:47,1300114011,1300114,熟食,批發-飛機,490
2579408382977900548,香港事业部,NFT00.000229,駿利貿易公司,駿利,分销业务冻品水产部销售部,张淑燕,高峰法式小切羊排 |10KG,2,20,千克,2059.2,,,14786921,已登记,2026-07-09 00:00:00,2026-07-08 11:51:01,1300501022,1300501,羊排,批發-飛機,2059.2
2579369152769687552,香港事业部,NFT00.000168,明記凍肉,明記,分销业务冻品水产部销售部,凌靖翔,遼寧欣城琵琶腿130-150G|10KG(5KG*2),2,20,千克,256,,,14787733,已登记,2026-07-08 00:00:00,2026-07-08 10:34:55,1300624103,1300624,琵琶腿,凍肉店,256
2579356972219367427,香港事业部,NFT00.003177,翎凰凍肉有限公司,翎凰,分销业务冻品水产部销售部,凌靖翔,至尊梅肉|25KG,20,500,千克,17217.5,,,14786829,已登记,2026-07-09 00:00:00,2026-07-08 10:11:17,1300101043,1300101,一號肉,批發-加工,17217.5
2579354455368531977,香港事业部,NFT00.000357,三明有限公司,三明,分销业务冻品水产部销售部,张淑燕,金鷹梅肉|25KG,10,250,千克,6790,,,14786831,已登记,2026-07-08 00:00:00,2026-07-08 10:06:25,1300101018,1300101,一號肉,批發-飛機,6790
2578797819017035780,香港事业部,NFT00.003034,豪氣有限公司,豪氣,分销业务冻品水产部销售部,萧景新,高峰柱裝羊卷肉|20KG,1,20,千克,1188,,,14786688,已登记,2026-07-08 00:00:00,2026-07-07 16:06:22,1300511002,1300511,羊卷肉,批發-加工,1188
2578780063645302784,香港事业部,NFT00.000229,駿利貿易公司,駿利,分销业务冻品水产部销售部,张淑燕,遼寧銘川帶皮腿扒|15KG (300克+/塊),2,30,千克,443.4,,,14786585,已登记,2026-07-08 00:00:00,2026-07-07 15:31:55,1300607015,1300607,帶皮腿扒,批發-飛機,443.4
2578777478074990600,香港事业部,NFT00.002547,先進食品國際有限公司,先進,分销业务冻品水产部销售部,岑美玉,高峰法式羊排 8 支骨|20KG,10,200,千克,18624,,,14786584,已登记,2026-07-08 00:00:00,2026-07-07 15:26:55,1300501020,1300501,羊排,批發-加工,18624
2578659263372066818,香港事业部,NFT00.000774,新昌,新昌,分销业务冻品水产部,张淑燕,金鷹面精肉|25KG,1,25,千克,2730.25,,,14786079,已登记,2026-07-08 00:00:00,2026-07-07 11:37:32,1300109002,1300109,面精肉,凍肉店,2730.25
2578659263372066818,香港事业部,NFT00.000774,新昌,新昌,分销业务冻品水产部,张淑燕,至尊梅肉|25KG,1,25,千克,2730.25,,,14786079,已登记,2026-07-08 00:00:00,2026-07-07 11:37:32,1300101043,1300101,一號肉,凍肉店,0
2578659263372066818,香港事业部,NFT00.000774,新昌,新昌,分销业务冻品水产部,张淑燕,遼寧欣城帶骨雞全腿 300-320G|15KG,2,30,千克,2730.25,,,14786079,已登记,2026-07-08 00:00:00,2026-07-07 11:37:32,1300603041,1300603,帶骨全腿,凍肉店,0
2578659263372066818,香港事业部,NFT00.000774,新昌,新昌,分销业务冻品水产部,张淑燕,遼寧銘川帶皮腿扒|15KG (300克+/塊),3,45,千克,2730.25,,,14786079,已登记,2026-07-08 00:00:00,2026-07-07 11:37:32,1300607015,1300607,帶皮腿扒,凍肉店,0
2578653070052294656,香港事业部,NFT00.000230,恆輝貿易公司,恆輝,分销业务冻品水产部销售部,凌靖翔,河南去皮上腿肉|12KG,10,120,千克,1884,,,14785352,已登记,2026-07-08 00:00:00,2026-07-07 11:25:31,1300609001,1300609,去皮上腿肉,批發-飛機,1884
2578640511567921157,香港事业部,NFT00.000229,駿利貿易公司,駿利,分销业务冻品水产部销售部,张淑燕,金鷹寸骨|10KG (1K*10包),1,10,千克,480,,,14786059,已登记,2026-07-07 00:00:00,2026-07-07 11:01:10,1300111003,1300111,寸骨,批發-飛機,480
2578597579074830341,香港事业部,NFT00.000230,恆輝貿易公司,恆輝,分销业务冻品水产部销售部,凌靖翔,河南去皮上腿肉|12KG,4,48,千克,753.6,,,14785169,已登记,2026-07-07 00:00:00,2026-07-07 09:37:51,1300609001,1300609,去皮上腿肉,批發-飛機,753.6
2578071505687543815,香港事业部,NFT00.000230,恆輝貿易公司,恆輝,分销业务冻品水产部销售部,凌靖翔,華英全淨膛鴨|12KG (1.5KG/只),1,12,千克,127.2,,,14785148,已登记,2026-07-07 00:00:00,2026-07-06 16:37:09,1300901003,1300901,整鴨,批發-飛機,127.2
2577992667290927105,香港事业部,NFT00.002551,溢利食品(香港)有限公司,溢利,分销业务冻品水产部销售部,凌靖翔,金鷹梅肉|25KG,4,100,千克,2744,,,14784925,已登记,2026-07-07 00:00:00,2026-07-06 14:04:11,1300101018,1300101,一號肉,批發-飛機,2744
2577956675464986626,香港事业部,NFT00.003074,信隆(亞洲)有限公司,信隆,分销业务冻品水产部销售部,谭小君,金鷹面精肉|25KG,4,100,千克,6295.3,,,14784911,已登记,2026-07-07 00:00:00,2026-07-06 12:54:20,1300109002,1300109,面精肉,批發-加工,6295.3
2577956675464986626,香港事业部,NFT00.003074,信隆(亞洲)有限公司,信隆,分销业务冻品水产部销售部,谭小君,華英煙熏鴨胸肉|10KG (220-240G/塊)日文包裝,15,150,千克,6295.3,,,14784911,已登记,2026-07-07 00:00:00,2026-07-06 12:54:20,1300904023,1300904,煙熏鴨胸,批發-加工,0
2577948652443009028,香港事业部,NFT00.002474,明記冷凍食品有限公司,明記冷凍,分销业务冻品水产部销售部,岑美玉,至尊梅肉|25KG,4,100,千克,3479,,,14784545,已登记,2026-07-07 00:00:00,2026-07-06 12:38:47,1300101043,1300101,一號肉,批發-加工,3479
2577918098068733955,香港事业部,NFT00.000230,恆輝貿易公司,恆輝,分销业务冻品水产部销售部,凌靖翔,河南去皮上腿肉|12KG,2,24,千克,376.8,,,14784875,已登记,2026-07-07 00:00:00,2026-07-06 11:39:30,1300609001,1300609,去皮上腿肉,批發-飛機,376.8
2577914679251697665,香港事业部,NFT00.000774,新昌,新昌,分销业务冻品水产部,张淑燕,金鷹寸骨|10KG (1K*10包),1,10,千克,1237.3,,,14784866,已登记,2026-07-07 00:00:00,2026-07-06 11:32:51,1300111003,1300111,寸骨,凍肉店,1237.3
2577914679251697665,香港事业部,NFT00.000774,新昌,新昌,分销业务冻品水产部,张淑燕,遼寧欣城雞翅尖IQF|10KG,1,10,千克,1237.3,,,14784866,已登记,2026-07-07 00:00:00,2026-07-06 11:32:51,1300627002,1300627,翅尖,凍肉店,0
2577914679251697665,香港事业部,NFT00.000774,新昌,新昌,分销业务冻品水产部,张淑燕,遼寧銘川帶皮腿扒|15KG (300克+/塊),3,45,千克,1237.3,,,14784866,已登记,2026-07-07 00:00:00,2026-07-06 11:32:51,1300607015,1300607,帶皮腿扒,凍肉店,0
2577858492512600067,香港事业部,NFT00.000230,恆輝貿易公司,恆輝,分销业务冻品水产部销售部,凌靖翔,遼寧欣城帶骨雞全腿 280-300G|15KG,1,15,千克,1962.15,,,14784788,已登记,2026-07-06 00:00:00,2026-07-06 09:43:50,1300603040,1300603,帶骨全腿,批發-飛機,1962.15
2577858492512600067,香港事业部,NFT00.000230,恆輝貿易公司,恆輝,分销业务冻品水产部销售部,凌靖翔,遼寧銘川帶皮腿扒|15KG (250克+/塊),8,120,千克,1962.15,,,14784788,已登记,2026-07-06 00:00:00,2026-07-06 09:43:50,1300607014,1300607,帶皮腿扒,批發-飛機,0
2577856181797126151,香港事业部,15MYKD.KSH05,佳城興業有限公司火炭,佳城興業,分销业务冻品水产部销售部,岑美玉,河南去皮上腿肉|12KG,5,60,千克,942,,,14784118,已登记,2026-07-07 00:00:00,2026-07-06 09:39:21,1300609001,1300609,去皮上腿肉,批發-加工,942
2577830171475181574,香港事业部,NFT00.000230,恆輝貿易公司,恆輝,分销业务冻品水产部销售部,凌靖翔,高峰法式羊排 12 支骨|20KG,1,20,千克,1640,,,14784767,已登记,2026-07-06 00:00:00,2026-07-06 08:48:54,1300501019,1300501,羊排,批發-飛機,1640
2576409903122874371,香港事业部,NFT00.000230,恆輝貿易公司,恆輝,分销业务冻品水产部销售部,凌靖翔,金鷹面精肉|25KG,7,175,千克,5669.65,,,14783527,已登记,2026-07-06 00:00:00,2026-07-04 10:53:13,1300109002,1300109,面精肉,批發-飛機,5669.65
2576388952249335814,香港事业部,NFT00.000168,明記凍肉,明記,分销业务冻品水产部销售部,凌靖翔,金鷹面精肉|25KG,1,25,千克,954.65,,,14783502,已登记,2026-07-04 00:00:00,2026-07-04 10:12:34,1300109002,1300109,面精肉,凍肉店,954.65
2576388952249335814,香港事业部,NFT00.000168,明記凍肉,明記,分销业务冻品水产部销售部,凌靖翔,遼寧欣城琵琶腿130-150G|10KG(5KG*2),1,10,千克,954.65,,,14783502,已登记,2026-07-04 00:00:00,2026-07-04 10:12:34,1300624103,1300624,琵琶腿,凍肉店,0
2575881175445798919,香港事业部,NFT00.001511,福永行貿易有限公司,福永行,分销业务冻品水产部销售部,岑美玉,遼寧欣城帶骨雞全腿 240-260G|15KG,15,225,千克,3273.75,,,14783926,已登记,2026-07-06 00:00:00,2026-07-03 17:47:21,1300603038,1300603,帶骨全腿,批發-加工,3273.75
2575868977761746950,香港事业部,NFT00.001511,福永行貿易有限公司,福永行,分销业务冻品水产部销售部,岑美玉,遼寧欣城帶骨雞全腿 240-260G|15KG,10,150,千克,2182.5,,,14783389,已关闭,2026-07-04 00:00:00,2026-07-03 17:23:41,1300603038,1300603,帶骨全腿,批發-加工,2182.5
2575800481623310339,香港事业部,NFT00.000154,利寶凍肉有限公司,利寶,分销业务冻品水产部销售部,岑美玉,"凍墨魚頭U1/2-A |12KG(紅帶,有皮餅裝,6*2k)",8,96,千克,10470.41,,,14783279,已登记,2026-07-04 00:00:00,2026-07-03 15:10:46,1800108091,1800108,魚.其他,批發-加工,10470.41
2575800481623310339,香港事业部,NFT00.000154,利寶凍肉有限公司,利寶,分销业务冻品水产部销售部,岑美玉,"凍墨魚頭U1-A |12KG(紅帶,有皮餅裝,6*2k))",8,96,千克,10470.41,,,14783279,已登记,2026-07-04 00:00:00,2026-07-03 15:10:46,1800108092,1800108,魚.其他,批發-加工,0
2575779745521205253,香港事业部,NFT00.003074,信隆(亞洲)有限公司,信隆,分销业务冻品水产部销售部,谭小君,華英煙熏鴨胸肉|10KG (240-260G/塊)日文包裝,15,150,千克,5271,,,14783632,已关闭,2026-07-06 00:00:00,2026-07-03 14:30:34,1300904024,1300904,煙熏鴨胸,批發-加工,5271
2575779745521205253,香港事业部,NFT00.003074,信隆(亞洲)有限公司,信隆,分销业务冻品水产部销售部,谭小君,遼寧欣城帶骨雞全腿 240-260G|15KG,10,150,千克,5271,,,14783632,已关闭,2026-07-06 00:00:00,2026-07-03 14:30:34,1300603038,1300603,帶骨全腿,批發-加工,0
2575729047704174597,香港事业部,NFT00.000774,新昌,新昌,分销业务冻品水产部,张淑燕,金鷹面精肉|25KG,1,25,千克,1868.85,,,14783587,已关闭,2026-07-06 00:00:00,2026-07-03 12:52:11,1300109002,1300109,面精肉,凍肉店,1868.85
2575729047704174597,香港事业部,NFT00.000774,新昌,新昌,分销业务冻品水产部,张淑燕,遼寧欣城帶骨雞全腿 300-320G|15KG,2,30,千克,1868.85,,,14783587,已关闭,2026-07-06 00:00:00,2026-07-03 12:52:11,1300603041,1300603,帶骨全腿,凍肉店,0
2575729047704174597,香港事业部,NFT00.000774,新昌,新昌,分销业务冻品水产部,张淑燕,遼寧銘川帶皮腿扒|15KG (300克+/塊),3,45,千克,1868.85,,,14783587,已关闭,2026-07-06 00:00:00,2026-07-03 12:52:11,1300607015,1300607,帶皮腿扒,凍肉店,0
2575727424229605376,香港事业部,NFT00.000185,萬駿貿易公司,萬駿,分销业务冻品水产部销售部,岑美玉,至尊梅肉|25KG,6,150,千克,5165.25,,,14783073,已登记,2026-07-04 00:00:00,2026-07-03 12:49:01,1300101043,1300101,一號肉,批發-加工,5165.25
2575706224247963655,香港事业部,NFT00.000230,恆輝貿易公司,恆輝,分销业务冻品水产部销售部,凌靖翔,遼寧欣城帶皮腿扒|15KG (250-300/塊),1,15,千克,221.7,,,14782523,已登记,2026-07-04 00:00:00,2026-07-03 12:07:52,1300607016,1300607,帶皮腿扒,批發-飛機,221.7
2575697213406576647,香港事业部,NFT00.000774,新昌,新昌,分销业务冻品水产部,张淑燕,山東帶骨鴨腿|10KG（220-240G/只）,1,10,千克,1166.94,,,14783030,已登记,2026-07-04 00:00:00,2026-07-03 11:50:25,1300902011,1300902,帶骨整腿,凍肉店,1166.94
2575697213406576647,香港事业部,NFT00.000774,新昌,新昌,分销业务冻品水产部,张淑燕,遼寧欣城帶骨雞全腿 300-320G|15KG,2,30,千克,1166.94,,,14783030,已登记,2026-07-04 00:00:00,2026-07-03 11:50:25,1300603041,1300603,帶骨全腿,凍肉店,0
2575697213406576647,香港事业部,NFT00.000774,新昌,新昌,分销业务冻品水产部,张淑燕,遼寧銘川帶皮腿扒|15KG (300克+/塊),3,45,千克,1166.94,,,14783030,已登记,2026-07-04 00:00:00,2026-07-03 11:50:25,1300607015,1300607,帶皮腿扒,凍肉店,0
2575693519757770753,香港事业部,NFT00.000229,駿利貿易公司,駿利,分销业务冻品水产部销售部,张淑燕,遼寧欣城雞翅尖IQF|10KG,1,10,千克,97,,,14783028,已登记,2026-07-04 00:00:00,2026-07-03 11:43:15,1300627002,1300627,翅尖,批發-飛機,97
2575656849326997510,香港事业部,NFT00.002547,先進食品國際有限公司,先進,分销业务冻品水产部销售部,岑美玉,高峰法式羊排 8 支骨|20KG,10,200,千克,18624,,,14782983,已登记,2026-07-04 00:00:00,2026-07-03 10:32:05,1300501020,1300501,羊排,批發-加工,18624
2575635657935290371,香港事业部,NFT00.003034,豪氣有限公司,豪氣,分销业务冻品水产部销售部,萧景新,高峰四號肉 25KG,11,275,千克,4854.85,,,14782219,已登记,2026-07-03 00:00:00,2026-07-03 09:50:57,1300104005,1300104,四號肉,批發-加工,4854.85
2575156863594135553,香港事业部,NFT00.000168,明記凍肉,明記,分销业务冻品水产部销售部,凌靖翔,山東IQF鴨小胸|10KG(1K*10),1,10,千克,165,,,14782930,已登记,2026-07-03 00:00:00,2026-07-02 18:22:00,1300903010,1300903,生鴨胸,凍肉店,165
2575051980469698568,香港事业部,NFT00.003034,豪氣有限公司,豪氣,分销业务冻品水产部销售部,萧景新,中國紅布腸|20KG,1,20,千克,4888.8,,,14782754,已登记,2026-07-03 00:00:00,2026-07-02 14:58:29,1300114011,1300114,熟食,批發-加工,4888.8
2575051980469698568,香港事业部,NFT00.003034,豪氣有限公司,豪氣,分销业务冻品水产部销售部,萧景新,高峰四號肉 25KG,10,250,千克,4888.8,,,14782754,已登记,2026-07-03 00:00:00,2026-07-02 14:58:29,1300104005,1300104,四號肉,批發-加工,0
2575046895251488773,香港事业部,NFT00.000230,恆輝貿易公司,恆輝,分销业务冻品水产部销售部,凌靖翔,河南去皮上腿肉|12KG,8,96,千克,1516.8,,,14782620,已登记,2026-07-03 00:00:00,2026-07-02 14:48:37,1300609001,1300609,去皮上腿肉,批發-飛機,1516.8
2575045675480776704,香港事业部,NFT00.000230,恆輝貿易公司,恆輝,分销业务冻品水产部销售部,凌靖翔,遼寧欣城帶骨雞全腿 280-300G|15KG,1,15,千克,188.55,,,14781758,已登记,2026-07-03 00:00:00,2026-07-02 14:46:15,1300603040,1300603,帶骨全腿,批發-飛機,188.55
2575044799284379649,香港事业部,NFT00.000230,恆輝貿易公司,恆輝,分销业务冻品水产部销售部,凌靖翔,遼寧銘川帶皮腿扒|15KG (250克+/塊),1,15,千克,221.7,,,14782618,已登记,2026-07-03 00:00:00,2026-07-02 14:44:34,1300607014,1300607,帶皮腿扒,批發-飛機,221.7
2575023839867043847,香港事业部,NFT00.000230,恆輝貿易公司,恆輝,分销业务冻品水产部销售部,凌靖翔,金鷹寸骨|10KG (1K*10包),1,10,千克,480,,,14781757,已登记,2026-07-03 00:00:00,2026-07-02 14:03:54,1300111003,1300111,寸骨,批發-飛機,480
2574964019562545183,香港事业部,NFT00.000229,駿利貿易公司,駿利,分销业务冻品水产部销售部,张淑燕,金鷹寸骨|10KG (1K*10包),2,20,千克,950.4,,,14780489,已登记,2026-07-03 00:00:00,2026-07-02 12:07:49,1300111003,1300111,寸骨,批發-飛機,950.4
2574952921343983624,香港事业部,NFT00.000774,新昌,新昌,分销业务冻品水产部,张淑燕,華英全淨膛鴨|12.8KG (1.6KG/只),1,12.8,千克,1176.52,,,14781667,已登记,2026-07-03 00:00:00,2026-07-02 11:46:18,1300901004,1300901,整鴨,凍肉店,1176.52
2574952921343983624,香港事业部,NFT00.000774,新昌,新昌,分销业务冻品水产部,张淑燕,遼寧欣城帶骨雞全腿 300-320G|15KG,2,30,千克,1176.52,,,14781667,已登记,2026-07-03 00:00:00,2026-07-02 11:46:18,1300603041,1300603,帶骨全腿,凍肉店,0
2574952921343983624,香港事业部,NFT00.000774,新昌,新昌,分销业务冻品水产部,张淑燕,遼寧銘川帶皮腿扒|15KG (300克+/塊),3,45,千克,1176.52,,,14781667,已登记,2026-07-03 00:00:00,2026-07-02 11:46:18,1300607015,1300607,帶皮腿扒,凍肉店,0
2574942450236784641,香港事业部,NFT00.002551,溢利食品(香港)有限公司,溢利,分销业务冻品水产部销售部,凌靖翔,中國紅布腸|20KG,2,40,千克,970.2,,,14780441,已登记,2026-07-03 00:00:00,2026-07-02 11:25:59,1300114011,1300114,熟食,批發-飛機,970.2
2574935698525126661,香港事业部,NFT00.000774,新昌,新昌,分销业务冻品水产部,张淑燕,華英全淨膛鴨|12.8KG (1.6KG/只),1,12.8,千克,1553.62,,,14781599,已关闭,2026-07-03 00:00:00,2026-07-02 11:12:53,1300901004,1300901,整鴨,凍肉店,1553.62
2574935698525126661,香港事业部,NFT00.000774,新昌,新昌,分销业务冻品水产部,张淑燕,遼寧欣城帶骨雞全腿 300-320G|15KG,4,60,千克,1553.62,,,14781599,已关闭,2026-07-03 00:00:00,2026-07-02 11:12:53,1300603041,1300603,帶骨全腿,凍肉店,0
2574935698525126661,香港事业部,NFT00.000774,新昌,新昌,分销业务冻品水产部,张淑燕,遼寧銘川帶皮腿扒|15KG (300克+/塊),3,45,千克,1553.62,,,14781599,已关闭,2026-07-03 00:00:00,2026-07-02 11:12:53,1300607015,1300607,帶皮腿扒,凍肉店,0
2574917505066729481,香港事业部,NFT00.000229,駿利貿易公司,駿利,分销业务冻品水产部销售部,张淑燕,精品面精肉|25KG,1,25,千克,804.37,,,14781511,已登记,2026-07-02 00:00:00,2026-07-02 10:37:35,1300109012,1300109,面精肉,批發-飛機,804.37
2574916465684643843,香港事业部,NFT00.002547,先進食品國際有限公司,先進,分销业务冻品水产部销售部,岑美玉,精品面精肉|25KG,2,50,千克,1608.75,,,14780295,已登记,2026-07-03 00:00:00,2026-07-02 10:35:33,1300109012,1300109,面精肉,批發-加工,1608.75
2574902369578909704,香港事业部,NFT00.000230,恆輝貿易公司,恆輝,分销业务冻品水产部销售部,凌靖翔,遼寧欣城帶皮腿扒|15KG (250-300/塊),1,15,千克,221.7,,,14780258,已登记,2026-07-02 00:00:00,2026-07-02 10:08:12,1300607016,1300607,帶皮腿扒,批發-飛機,221.7
2574873696377241602,香港事业部,NFT00.000230,恆輝貿易公司,恆輝,分销业务冻品水产部销售部,凌靖翔,遼寧欣城帶骨雞全腿 240-260G|15KG,2,30,千克,443.1,,,14780176,已登记,2026-07-02 00:00:00,2026-07-02 09:12:36,1300603038,1300603,帶骨全腿,批發-飛機,443.1
2574135949867876361,香港事业部,15MYKD.KSH05,佳城興業有限公司火炭,佳城興業,分销业务冻品水产部销售部,岑美玉,華英全淨膛鴨|11.2KG (1.4KG/只),4,44.8,千克,474.88,,,14781266,已登记,2026-07-02 00:00:00,2026-07-01 09:21:11,1300901002,1300901,整鴨,批發-加工,474.88
2573633541750390792,香港事业部,NFT00.003034,豪氣有限公司,豪氣,分销业务冻品水产部销售部,萧景新,高峰柱裝羊卷肉|20KG,3,60,千克,3528,,,14781133,已登记,2026-07-02 00:00:00,2026-06-30 17:06:22,1300511002,1300511,羊卷肉,批發-加工,3528
2573616817147740163,香港事业部,#N/A,現沽-推廣(酒飲部),#N/A,分销业务销售发展部产品市场部,黄蕊,有度安溪鐵觀音原味茶（陳香型）_400ml*15,75,5,箱,500,,,,开立,2027-06-10 00:00:00,2026-06-30 16:33:55,#N/A,#N/A,#N/A,,0
2573570637682442246,香港事业部,NFT00.000230,恆輝貿易公司,恆輝,分销业务冻品水产部销售部,凌靖翔,遼寧銘川帶皮腿扒|15KG (300克+/塊),5,75,千克,1108.5,,,14780877,已登记,2026-07-02 00:00:00,2026-06-30 15:04:18,1300607015,1300607,帶皮腿扒,批發-飛機,1108.5
2573557941759115267,香港事业部,NFT00.000230,恆輝貿易公司,恆輝,分销业务冻品水产部销售部,凌靖翔,河南去皮上腿肉|12KG,2,24,千克,511.2,,,14780003,已登记,2026-07-02 00:00:00,2026-06-30 14:39:41,1300609001,1300609,去皮上腿肉,批發-飛機,511.2
2573557941759115267,香港事业部,NFT00.000230,恆輝貿易公司,恆輝,分销业务冻品水产部销售部,凌靖翔,山東鴨胸肉|10KG(220-240克/塊),1,10,千克,511.2,,,14780003,已登记,2026-07-02 00:00:00,2026-06-30 14:39:41,1300903006,1300903,生鴨胸,批發-飛機,0
2573485940927365125,香港事业部,NFT00.000774,新昌,新昌,分销业务冻品水产部,张淑燕,遼寧欣城雞翅尖IQF|10KG,2,20,千克,194,,,14780610,已登记,2026-07-02 00:00:00,2026-06-30 12:19:58,1300627002,1300627,翅尖,凍肉店,194
2573484746903388164,香港事业部,NFT00.000229,駿利貿易公司,駿利,分销业务冻品水产部销售部,张淑燕,遼寧欣城雞翅尖IQF|10KG,1,10,千克,97,,,14779924,已登记,2026-07-02 00:00:00,2026-06-30 12:17:39,1300627002,1300627,翅尖,批發-飛機,97
2573469413870141443,香港事业部,NFT00.000385,誠信凍肉有限公司,誠信,分销业务冻品水产部销售部,李华兴,金鷹面精肉|25KG,4,100,千克,3273.2,,,14780586,已登记,2026-06-30 00:00:00,2026-06-30 11:47:54,1300109002,1300109,面精肉,凍肉店,3273.2
2573457465271123972,香港事业部,15MYKD.KSH05,佳城興業有限公司火炭,佳城興業,分销业务冻品水产部销售部,岑美玉,優質梅肉|25KG,10,250,千克,7134.35,,,14778548,已登记,2026-07-02 00:00:00,2026-06-30 11:24:44,1300101007,1300101,一號肉,批發-加工,7134.35
2573457465271123972,香港事业部,15MYKD.KSH05,佳城興業有限公司火炭,佳城興業,分销业务冻品水产部销售部,岑美玉,遼寧欣城翅根|10KG(60克以上/只),10,100,千克,7134.35,,,14778548,已登记,2026-07-02 00:00:00,2026-06-30 11:24:44,1300626003,1300626,翅根,批發-加工,0
2573449193164111872,香港事业部,NFT00.000759,天恆食品有限公司,天恆,分销业务冻品水产部销售部,岑美玉,華英煙熏鴨胸肉|10KG (220-240G/塊)日文包裝,2,20,千克,3508.4,,,14778536,已登记,2026-06-30 00:00:00,2026-06-30 11:08:41,1300904023,1300904,煙熏鴨胸,批發-飛機,3508.4
2573449193164111872,香港事业部,NFT00.000759,天恆食品有限公司,天恆,分销业务冻品水产部销售部,岑美玉,伊美佳12支骨法式羊排|20KG,2,40,千克,3508.4,,,14778536,已登记,2026-06-30 00:00:00,2026-06-30 11:08:41,1300501029,1300501,羊排,批發-飛機,0
2573448583301824520,香港事业部,NFT00.000230,恆輝貿易公司,恆輝,分销业务冻品水产部销售部,凌靖翔,遼寧銘川帶皮腿扒|15KG (250克+/塊),1,15,千克,221.7,,,14779859,已登记,2026-07-02 00:00:00,2026-06-30 11:07:29,1300607014,1300607,帶皮腿扒,批發-飛機,221.7
2573433834361061384,香港事业部,NFT00.000168,明記凍肉,明記,分销业务冻品水产部销售部,凌靖翔,遼寧欣城琵琶腿130-150G|10KG(5KG*2),1,10,千克,129,,,14779822,已登记,2026-06-30 00:00:00,2026-06-30 10:38:53,1300624103,1300624,琵琶腿,凍肉店,129
2573427744097435656,香港事业部,NFT00.000759,天恆食品有限公司,天恆,分销业务冻品水产部销售部,岑美玉,高峰去脂羊西冷|20KG,1,20,千克,1960.2,,,14778460,已登记,2026-06-30 00:00:00,2026-06-30 10:27:03,1300510007,1300510,其他,批發-飛機,1960.2
2573419729688461313,香港事业部,NFT00.000229,駿利貿易公司,駿利,分销业务冻品水产部销售部,张淑燕,金鷹寸骨|10KG (1K*10包),1,10,千克,480,,,14778447,已登记,2026-06-30 00:00:00,2026-06-30 10:11:31,1300111003,1300111,寸骨,批發-飛機,480
2573404422448087045,香港事业部,NFT00.003177,翎凰凍肉有限公司,翎凰,分销业务冻品水产部销售部,凌靖翔,至尊梅肉|25KG,30,750,千克,27446.15,,,14778402,已登记,2026-07-02 00:00:00,2026-06-30 09:41:49,1300101043,1300101,一號肉,批發-加工,27446.15
2573404422448087045,香港事业部,NFT00.003177,翎凰凍肉有限公司,翎凰,分销业务冻品水产部销售部,凌靖翔,金鷹面精肉|25KG,2,50,千克,27446.15,,,14778402,已登记,2026-07-02 00:00:00,2026-06-30 09:41:49,1300109002,1300109,面精肉,批發-加工,0
2572879414235758592,香港事业部,NFT00.000357,三明有限公司,三明,分销业务冻品水产部销售部,张淑燕,遼寧欣城翅根|10KG(60克以上/只),2,20,千克,256,,,14778327,已登记,2026-06-30 00:00:00,2026-06-29 16:43:09,1300626003,1300626,翅根,批發-飛機,256
2572855121900732417,香港事业部,NFT00.003074,信隆(亞洲)有限公司,信隆,分销业务冻品水产部销售部,谭小君,伊美佳4支骨法式羊排|20KG,2,40,千克,7294.5,,,14779565,已登记,2026-06-30 00:00:00,2026-06-29 15:56:02,1300501031,1300501,羊排,批發-加工,7294.5
2572855121900732417,香港事业部,NFT00.003074,信隆(亞洲)有限公司,信隆,分销业务冻品水产部销售部,谭小君,華英煙熏鴨胸肉|10KG (220-240G/塊)日文包裝,10,100,千克,7294.5,,,14779565,已登记,2026-06-30 00:00:00,2026-06-29 15:56:02,1300904023,1300904,煙熏鴨胸,批發-加工,0
2572855121900732417,香港事业部,NFT00.003074,信隆(亞洲)有限公司,信隆,分销业务冻品水产部销售部,谭小君,遼寧欣城帶骨雞全腿 220-240G|15KG,10,150,千克,7294.5,,,14779565,已登记,2026-06-30 00:00:00,2026-06-29 15:56:02,1300603037,1300603,帶骨全腿,批發-加工,0
2572850354463965186,香港事业部,NFT00.003074,信隆(亞洲)有限公司,信隆,分销业务冻品水产部销售部,谭小君,伊美佳4支骨法式羊排|20KG,5,100,千克,13958.85,,,14778316,已登记,2026-07-02 00:00:00,2026-06-29 15:46:47,1300501031,1300501,羊排,批發-加工,13958.85
2572850354463965186,香港事业部,NFT00.003074,信隆(亞洲)有限公司,信隆,分销业务冻品水产部销售部,谭小君,金鷹面精肉|25KG,3,75,千克,13958.85,,,14778316,已登记,2026-07-02 00:00:00,2026-06-29 15:46:47,1300109002,1300109,面精肉,批發-加工,0
2572850354463965186,香港事业部,NFT00.003074,信隆(亞洲)有限公司,信隆,分销业务冻品水产部销售部,谭小君,華英煙熏鴨胸肉|10KG (220-240G/塊)日文包裝,10,100,千克,13958.85,,,14778316,已登记,2026-07-02 00:00:00,2026-06-29 15:46:47,1300904023,1300904,煙熏鴨胸,批發-加工,0
2572850354463965186,香港事业部,NFT00.003074,信隆(亞洲)有限公司,信隆,分销业务冻品水产部销售部,谭小君,遼寧銘川帶皮腿扒|15KG (300克+/塊),10,150,千克,13958.85,,,14778316,已登记,2026-07-02 00:00:00,2026-06-29 15:46:47,1300607015,1300607,帶皮腿扒,批發-加工,0
2572833518192164867,香港事业部,NFT00.000230,恆輝貿易公司,恆輝,分销业务冻品水产部销售部,凌靖翔,遼寧銘川帶皮腿扒|15KG (300克+/塊),7,105,千克,1551.9,,,14778270,已登记,2026-06-30 00:00:00,2026-06-29 15:14:07,1300607015,1300607,帶皮腿扒,批發-飛機,1551.9
2572821999112945664,香港事业部,NFT00.000759,天恆食品有限公司,天恆,分销业务冻品水产部销售部,岑美玉,高峰法式小切羊排 |10KG,1,10,千克,1029.6,,,14779294,已登记,2026-06-30 00:00:00,2026-06-29 14:51:46,1300501022,1300501,羊排,批發-飛機,1029.6
2572809354706157569,香港事业部,NFT00.000230,恆輝貿易公司,恆輝,分销业务冻品水产部销售部,凌靖翔,遼寧欣城雞翅尖IQF|10KG,2,20,千克,194,,,14778247,已登记,2026-06-30 00:00:00,2026-06-29 14:27:14,1300627002,1300627,翅尖,批發-飛機,194
2572770725793366019,香港事业部,NFT00.000357,三明有限公司,三明,分销业务冻品水产部销售部,张淑燕,遼寧欣城翅根|10KG(60克以上/只),3,30,千克,384,,,14779129,已登记,2026-06-30 00:00:00,2026-06-29 13:12:17,1300626003,1300626,翅根,批發-飛機,384
2572732895698354185,香港事业部,NFT00.000774,新昌,新昌,分销业务冻品水产部,张淑燕,金鷹面精肉|25KG,1,25,千克,1868.85,,,14779041,已登记,2026-07-02 00:00:00,2026-06-29 11:58:53,1300109002,1300109,面精肉,凍肉店,1868.85
2572732895698354185,香港事业部,NFT00.000774,新昌,新昌,分销业务冻品水产部,张淑燕,遼寧欣城帶骨雞全腿 300-320G|15KG,2,30,千克,1868.85,,,14779041,已登记,2026-07-02 00:00:00,2026-06-29 11:58:53,1300603041,1300603,帶骨全腿,凍肉店,0
2572732895698354185,香港事业部,NFT00.000774,新昌,新昌,分销业务冻品水产部,张淑燕,遼寧銘川帶皮腿扒|15KG (300克+/塊),3,45,千克,1868.85,,,14779041,已登记,2026-07-02 00:00:00,2026-06-29 11:58:53,1300607015,1300607,帶皮腿扒,凍肉店,0
2572730954373136391,香港事业部,NFT00.000774,新昌,新昌,分销业务冻品水产部,张淑燕,遼寧欣城帶骨雞全腿 300-320G|15KG,2,30,千克,1139.2,,,14779038,已登记,2026-06-30 00:00:00,2026-06-29 11:55:06,1300603041,1300603,帶骨全腿,凍肉店,1139.2
2572730954373136391,香港事业部,NFT00.000774,新昌,新昌,分销业务冻品水产部,张淑燕,遼寧銘川帶皮腿扒|15KG (300克+/塊),3,45,千克,1139.2,,,14779038,已登记,2026-06-30 00:00:00,2026-06-29 11:55:06,1300607015,1300607,帶皮腿扒,凍肉店,0
2572730954373136391,香港事业部,NFT00.000774,新昌,新昌,分销业务冻品水产部,张淑燕,遼寧欣城雞翅尖IQF|10KG,1,10,千克,1139.2,,,14779038,已登记,2026-06-30 00:00:00,2026-06-29 11:55:06,1300627002,1300627,翅尖,凍肉店,0
2572722312922005506,香港事业部,15MYKD.KSH05,佳城興業有限公司火炭,佳城興業,分销业务冻品水产部销售部,岑美玉,華王樂雞肉腸｜10.88KG(340.2g*32),2,64,包,505.6,,,14778151,已登记,2026-06-30 00:00:00,2026-06-29 11:38:20,1310501001,1310501,腸類.雞肉腸,批發-加工,505.6
2572717004319358981,香港事业部,NFT00.000169,福源食品有限公司,福源,分销业务冻品水产部销售部,罗展勤,遼寧欣城帶骨雞全腿 280-300G|15KG,10,150,千克,1885.5,,,14778139,已登记,2026-06-29 00:00:00,2026-06-29 11:28:03,1300603040,1300603,帶骨全腿,批發-加工,1885.5
2572702470150029320,香港事业部,NFT00.002547,先進食品國際有限公司,先進,分销业务冻品水产部销售部,岑美玉,精品面精肉|25KG,2,50,千克,1608.75,,,14778105,已登记,2026-06-30 00:00:00,2026-06-29 10:59:50,1300109012,1300109,面精肉,批發-加工,1608.75
2572689035515396098,香港事业部,NFT00.000168,明記凍肉,明記,分销业务冻品水产部销售部,凌靖翔,金鷹面精肉|25KG,1,25,千克,1084.65,,,14778882,已登记,2026-06-29 00:00:00,2026-06-29 10:33:47,1300109002,1300109,面精肉,凍肉店,1084.65
2572689035515396098,香港事业部,NFT00.000168,明記凍肉,明記,分销业务冻品水产部销售部,凌靖翔,遼寧欣城琵琶腿130-150G|10KG(5KG*2),2,20,千克,1084.65,,,14778882,已登记,2026-06-29 00:00:00,2026-06-29 10:33:47,1300624103,1300624,琵琶腿,凍肉店,0
2572681167112241156,香港事业部,NFT00.000230,恆輝貿易公司,恆輝,分销业务冻品水产部销售部,凌靖翔,河南去皮上腿肉|12KG,5,60,千克,948,,,14778856,已登记,2026-06-29 00:00:00,2026-06-29 10:18:30,1300609001,1300609,去皮上腿肉,批發-飛機,948
2572675935865143296,香港事业部,NFT00.000185,萬駿貿易公司,萬駿,分销业务冻品水产部销售部,岑美玉,中國梅肉|25KG,10,250,千克,6014,,,14778034,已登记,2026-06-29 00:00:00,2026-06-29 10:08:22,1300101040,1300101,一號肉,批發-加工,6014
2572670249328443399,香港事业部,NFT00.002551,溢利食品(香港)有限公司,溢利,分销业务冻品水产部销售部,凌靖翔,遼寧欣城琵琶腿130-150G|10KG(5KG*2),68,680,千克,8772,,,14777997,已登记,2026-06-29 00:00:00,2026-06-29 09:57:20,1300624103,1300624,琵琶腿,批發-飛機,8772
2572667045259771905,香港事业部,NFT00.002547,先進食品國際有限公司,先進,分销业务冻品水产部销售部,岑美玉,精品面精肉|25KG,10,250,千克,7881.25,,,14777965,已登记,2026-06-29 00:00:00,2026-06-29 09:51:07,1300109012,1300109,面精肉,批發-加工,7881.25
2572650148881498120,香港事业部,NFT00.000230,恆輝貿易公司,恆輝,分销业务冻品水产部销售部,凌靖翔,華英鴨胸肉|10KG 220-240G/塊),1,10,千克,136,,,14778830,已登记,2026-06-29 00:00:00,2026-06-29 09:18:20,1300903003,1300903,生鴨胸,批發-飛機,136
2572633888135315459,香港事业部,NFT00.000230,恆輝貿易公司,恆輝,分销业务冻品水产部销售部,凌靖翔,華英全淨膛鴨|13.6KG (1.7KG/只),2,27.2,千克,1172.24,,,14777864,已登记,2026-06-29 00:00:00,2026-06-29 08:46:48,1300901005,1300901,整鴨,批發-飛機,1172.24
2572633888135315459,香港事业部,NFT00.000230,恆輝貿易公司,恆輝,分销业务冻品水产部销售部,凌靖翔,遼寧銘川帶皮腿扒|15KG (300克+/塊),4,60,千克,1172.24,,,14777864,已登记,2026-06-29 00:00:00,2026-06-29 08:46:48,1300607015,1300607,帶皮腿扒,批發-飛機,0
2571220543247220736,香港事业部,NFT00.000230,恆輝貿易公司,恆輝,分销业务冻品水产部销售部,凌靖翔,金鷹面精肉|25KG,3,75,千克,2454.9,,,14777775,已登记,2026-06-29 00:00:00,2026-06-27 11:04:32,1300109002,1300109,面精肉,批發-飛機,2454.9
2571207117179453440,香港事业部,NFT00.000168,明記凍肉,明記,分销业务冻品水产部销售部,凌靖翔,遼寧欣城琵琶腿130-150G|10KG(5KG*2),1,10,千克,129,,,14777774,已登记,2026-06-27 00:00:00,2026-06-27 10:38:28,1300624103,1300624,琵琶腿,凍肉店,129
2571197943106240520,香港事业部,NFT00.002551,溢利食品(香港)有限公司,溢利,分销业务冻品水产部销售部,凌靖翔,遼寧欣城翅根|10KG(60克以上/只),34,340,千克,4221.44,,,14777753,已登记,2026-06-27 00:00:00,2026-06-27 10:20:42,1300626003,1300626,翅根,批發-飛機,4221.44
2571170524058091529,香港事业部,NFT00.000229,駿利貿易公司,駿利,分销业务冻品水产部销售部,张淑燕,遼寧欣城雞翅尖IQF|10KG,1,10,千克,97,,,14777468,已登记,2026-06-29 00:00:00,2026-06-27 09:27:28,1300627002,1300627,翅尖,批發-飛機,97
2571165859700539394,香港事业部,NFT00.000169,福源食品有限公司,福源,分销业务冻品水产部销售部,罗展勤,遼寧銘川帶皮腿扒|15KG (300克+/塊),20,300,千克,6319.5,,,14777466,已登记,2026-06-27 00:00:00,2026-06-27 09:18:26,1300607015,1300607,帶皮腿扒,批發-加工,6319.5
2571165859700539394,香港事业部,NFT00.000169,福源食品有限公司,福源,分销业务冻品水产部销售部,罗展勤,遼寧欣城帶骨雞全腿 280-300G|15KG,10,150,千克,6319.5,,,14777466,已登记,2026-06-27 00:00:00,2026-06-27 09:18:26,1300603040,1300603,帶骨全腿,批發-加工,0
2570643634650087429,香港事业部,NFT00.000230,恆輝貿易公司,恆輝,分销业务冻品水产部销售部,凌靖翔,遼寧欣城帶皮腿扒|15KG (250-300/塊),2,30,千克,443.4,,,14777354,已登记,2026-06-27 00:00:00,2026-06-26 16:25:11,1300607016,1300607,帶皮腿扒,批發-飛機,443.4
2570566548553990146,香港事业部,NFT00.003074,信隆(亞洲)有限公司,信隆,分销业务冻品水产部销售部,谭小君,伊美佳4支骨法式羊排|20KG,3,60,千克,4365,,,14776497,已登记,2026-06-27 00:00:00,2026-06-26 13:55:36,1300501031,1300501,羊排,批發-加工,4365
2570539318461333505,香港事业部,NFT00.000759,天恆食品有限公司,天恆,分销业务冻品水产部销售部,岑美玉,高峰去脂羊西冷|20KG,1,20,千克,1960.2,,,14776363,已登记,2026-06-29 00:00:00,2026-06-26 13:02:47,1300510007,1300510,其他,批發-飛機,1960.2
2570508935862681601,香港事业部,NFT00.002474,明記冷凍食品有限公司,明記冷凍,分销业务冻品水产部销售部,岑美玉,至尊梅肉|25KG,4,100,千克,3479,,,14776344,已登记,2026-06-29 00:00:00,2026-06-26 12:03:50,1300101043,1300101,一號肉,批發-加工,3479
2570508368950067205,香港事业部,15MYKD.KSH05,佳城興業有限公司火炭,佳城興業,分销业务冻品水产部销售部,岑美玉,高峰四號肉 25KG,2,50,千克,1718.96,,,14776346,已登记,2026-06-29 00:00:00,2026-06-26 12:02:43,1300104005,1300104,四號肉,批發-加工,1718.96
2570508368950067205,香港事业部,15MYKD.KSH05,佳城興業有限公司火炭,佳城興業,分销业务冻品水产部销售部,岑美玉,山東全淨膛鴨|11.2KG (1.4KG/只),2,22.4,千克,1718.96,,,14776346,已登记,2026-06-29 00:00:00,2026-06-26 12:02:43,1300901050,1300901,整鴨,批發-加工,0
2570508368950067205,香港事业部,15MYKD.KSH05,佳城興業有限公司火炭,佳城興業,分销业务冻品水产部销售部,岑美玉,華王樂雞肉腸｜10.88KG(340.2g*32),2,64,包,1718.96,,,14776346,已登记,2026-06-29 00:00:00,2026-06-26 12:02:43,1310501001,1310501,腸類.雞肉腸,批發-加工,0
2570502553564348420,香港事业部,NFT00.000229,駿利貿易公司,駿利,分销业务冻品水产部销售部,张淑燕,遼寧欣城雞翅尖IQF|10KG,1,10,千克,97,,,14776970,已登记,2026-06-27 00:00:00,2026-06-26 11:51:25,1300627002,1300627,翅尖,批發-飛機,97
2570497966516207616,香港事业部,NFT00.000230,恆輝貿易公司,恆輝,分销业务冻品水产部销售部,凌靖翔,遼寧欣城帶骨雞全腿 280-300G|15KG,1,15,千克,188.55,,,14776277,已登记,2026-06-27 00:00:00,2026-06-26 11:42:32,1300603040,1300603,帶骨全腿,批發-飛機,188.55
2570470762216423430,香港事业部,NFT00.000230,恆輝貿易公司,恆輝,分销业务冻品水产部销售部,凌靖翔,遼寧欣城帶皮腿扒|15KG (250-300/塊),2,30,千克,443.4,,,14776831,已登记,2026-06-26 00:00:00,2026-06-26 10:49:45,1300607016,1300607,帶皮腿扒,批發-飛機,443.4
2570426369411383296,香港事业部,NFT00.000230,恆輝貿易公司,恆輝,分销业务冻品水产部销售部,凌靖翔,河南去皮上腿肉|12KG,2,24,千克,379.2,,,14776727,已登记,2026-06-26 00:00:00,2026-06-26 09:23:37,1300609001,1300609,去皮上腿肉,批發-飛機,379.2
2570410168794742793,香港事业部,NFT00.000230,恆輝貿易公司,恆輝,分销业务冻品水产部销售部,凌靖翔,高峰法式羊排 12 支骨|20KG,1,20,千克,1623.6,,,14776080,已登记,2026-06-26 00:00:00,2026-06-26 08:52:12,1300501019,1300501,羊排,批發-飛機,1623.6
2569791109411635207,香港事业部,NFT00.002547,先進食品國際有限公司,先進,分销业务冻品水产部销售部,岑美玉,精品面精肉|25KG,3,75,千克,2413.12,,,14775180,已登记,2026-06-26 00:00:00,2026-06-25 12:51:04,1300109012,1300109,面精肉,批發-加工,2413.12
2569779177992486918,香港事业部,NFT00.002547,先進食品國際有限公司,先進,分销业务冻品水产部销售部,岑美玉,精品面精肉|25KG,3,75,千克,2413.12,,,14775825,已关闭,2026-06-26 00:00:00,2026-06-25 12:27:55,1300109012,1300109,面精肉,批發-加工,2413.12
2569747232002670596,香港事业部,NFT00.000774,新昌,新昌,分销业务冻品水产部,张淑燕,金鷹寸骨|10KG (1K*10包),1,10,千克,1160.1,,,14775755,已登记,2026-06-26 00:00:00,2026-06-25 11:25:55,1300111003,1300111,寸骨,凍肉店,1160.1
2569747232002670596,香港事业部,NFT00.000774,新昌,新昌,分销业务冻品水产部,张淑燕,遼寧銘川帶皮腿扒|15KG (300克+/塊),3,45,千克,1160.1,,,14775755,已登记,2026-06-26 00:00:00,2026-06-25 11:25:55,1300607015,1300607,帶皮腿扒,凍肉店,0
2569692685941080064,香港事业部,NFT00.000169,福源食品有限公司,福源,分销业务冻品水产部销售部,罗展勤,遼寧銘川帶皮腿扒|15KG (300克+/塊),5,75,千克,1108.5,,,14775607,已登记,2026-06-25 00:00:00,2026-06-25 09:40:05,1300607015,1300607,帶皮腿扒,批發-加工,1108.5
2569691199859326982,香港事业部,NFT00.000230,恆輝貿易公司,恆輝,分销业务冻品水产部销售部,凌靖翔,遼寧銘川帶皮腿扒|15KG (250克+/塊),8,120,千克,1773.6,,,14774969,已登记,2026-06-25 00:00:00,2026-06-25 09:37:13,1300607014,1300607,帶皮腿扒,批發-飛機,1773.6
2569054058640834563,香港事业部,NFT00.003074,信隆(亞洲)有限公司,信隆,分销业务冻品水产部销售部,谭小君,金鷹面精肉|25KG,5,125,千克,4049.75,,,14774691,已登记,2026-06-25 00:00:00,2026-06-24 13:00:59,1300109002,1300109,面精肉,批發-加工,4049.75
2569029826435350537,香港事业部,NFT00.000232,興利號食品有限公司,興利,分销业务冻品水产部销售部,凌靖翔,至尊梅肉|25KG,10,250,千克,8608.75,,,14774631,已登记,2026-06-25 00:00:00,2026-06-24 12:13:58,1300101043,1300101,一號肉,批發-加工,8608.75
2569023839274008577,香港事业部,NFT00.000229,駿利貿易公司,駿利,分销业务冻品水产部销售部,张淑燕,遼寧欣城雞翅尖IQF|10KG,1,10,千克,97,,,14774383,已登记,2026-06-25 00:00:00,2026-06-24 12:02:21,1300627002,1300627,翅尖,批發-飛機,97
2569023512833425410,香港事业部,NFT00.000759,天恆食品有限公司,天恆,分销业务冻品水产部销售部,岑美玉,高峰柱裝羊卷肉|20KG,1,20,千克,1188,,,14774382,已登记,2026-06-25 00:00:00,2026-06-24 12:01:43,1300511002,1300511,羊卷肉,批發-飛機,1188
2569023212208783363,香港事业部,NFT00.000229,駿利貿易公司,駿利,分销业务冻品水产部销售部,张淑燕,八合里牛筋丸(業務裝),1,10,包,1980,,,14774628,已登记,2026-06-25 00:00:00,2026-06-24 12:01:09,1310201023,1310201,丸類.牛肉丸,批發-飛機,1980
2569023212208783363,香港事业部,NFT00.000229,駿利貿易公司,駿利,分销业务冻品水产部销售部,张淑燕,八合里牛肉丸(業務裝),1,10,包,1980,,,14774628,已登记,2026-06-25 00:00:00,2026-06-24 12:01:09,1310201022,1310201,丸類.牛肉丸,批發-飛機,0
2569019372484952068,香港事业部,NFT00.002547,先進食品國際有限公司,先進,分销业务冻品水产部销售部,岑美玉,高峰法式羊排 8 支骨|20KG,10,200,千克,18624,,,14774615,已登记,2026-06-25 00:00:00,2026-06-24 11:53:41,1300501020,1300501,羊排,批發-加工,18624
2569015773302358018,香港事业部,NFT00.000230,恆輝貿易公司,恆輝,分销业务冻品水产部销售部,凌靖翔,金鷹寸骨|10KG (1K*10包),1,10,千克,500,,,14774603,已登记,2026-06-25 00:00:00,2026-06-24 11:46:42,1300111003,1300111,寸骨,批發-飛機,500
2569006393093783555,香港事业部,NFT00.000774,新昌,新昌,分销业务冻品水产部,张淑燕,山東帶骨鴨腿|10KG（220-240G/只）,1,10,千克,1262.95,,,14774574,已登记,2026-06-25 00:00:00,2026-06-24 11:28:31,1300902011,1300902,帶骨整腿,凍肉店,1262.95
2569006393093783555,香港事业部,NFT00.000774,新昌,新昌,分销业务冻品水产部,张淑燕,遼寧欣城雞翅尖IQF|10KG,1,10,千克,1262.95,,,14774574,已登记,2026-06-25 00:00:00,2026-06-24 11:28:31,1300627002,1300627,翅尖,凍肉店,0
2569006393093783555,香港事业部,NFT00.000774,新昌,新昌,分销业务冻品水产部,张淑燕,遼寧欣城帶骨雞全腿 300-320G|15KG,2,30,千克,1262.95,,,14774574,已登记,2026-06-25 00:00:00,2026-06-24 11:28:31,1300603041,1300603,帶骨全腿,凍肉店,0
2569006393093783555,香港事业部,NFT00.000774,新昌,新昌,分销业务冻品水产部,张淑燕,遼寧銘川帶皮腿扒|15KG (300克+/塊),3,45,千克,1262.95,,,14774574,已登记,2026-06-25 00:00:00,2026-06-24 11:28:31,1300607015,1300607,帶皮腿扒,凍肉店,0
2568990828132302852,香港事业部,NFT00.000169,福源食品有限公司,福源,分销业务冻品水产部销售部,罗展勤,遼寧銘川帶皮腿扒|15KG (300克+/塊),10,150,千克,2217,,,14774347,已登记,2026-06-24 00:00:00,2026-06-24 10:58:18,1300607015,1300607,帶皮腿扒,批發-加工,2217
2568977238878846982,香港事业部,NFT00.000168,明記凍肉,明記,分销业务冻品水产部销售部,凌靖翔,遼寧欣城琵琶腿130-150G|10KG(5KG*2),1,10,千克,129,,,14773515,已登记,2026-06-24 00:00:00,2026-06-24 10:31:56,1300624103,1300624,琵琶腿,凍肉店,129
2568971071282741250,香港事业部,NFT00.000230,恆輝貿易公司,恆輝,分销业务冻品水产部销售部,凌靖翔,遼寧欣城帶皮腿扒|15KG (250-300/塊),1,15,千克,221.7,,,14774274,已登记,2026-06-24 00:00:00,2026-06-24 10:19:59,1300607016,1300607,帶皮腿扒,批發-飛機,221.7
2568953272938266632,香港事业部,NFT00.000273,皇品有限公司,皇品,分销业务冻品水产部销售部,凌靖翔,遼寧欣城去皮雞胸肉|12KG,1,12,千克,141.6,,,14773371,已关闭,2026-06-24 00:00:00,2026-06-24 09:45:26,1300612023,1300612,去皮胸肉,批發-飛機,141.6
2568950360950439941,香港事业部,NFT00.000230,恆輝貿易公司,恆輝,分销业务冻品水产部销售部,凌靖翔,遼寧銘川帶皮腿扒|15KG (300克+/塊),6,90,千克,1330.2,,,14773358,已登记,2026-06-24 00:00:00,2026-06-24 09:39:47,1300607015,1300607,帶皮腿扒,批發-飛機,1330.2
2568929624848334855,香港事业部,NFT00.000230,恆輝貿易公司,恆輝,分销业务冻品水产部销售部,凌靖翔,遼寧嘉士德帶骨雞全腿 160-180G|15KG,1,15,千克,234.75,,,14773329,已关闭,2026-06-24 00:00:00,2026-06-24 08:59:33,1300603095,1300603,帶骨全腿,批發-飛機,234.75
2568924161673003015,香港事业部,NFT00.000230,恆輝貿易公司,恆輝,分销业务冻品水产部销售部,凌靖翔,河南去皮上腿肉|12KG,2,24,千克,379.2,,,14774234,已登记,2026-06-24 00:00:00,2026-06-24 08:48:58,1300609001,1300609,去皮上腿肉,批發-飛機,379.2
2568322007235035145,香港事业部,NFT00.000090,姚氏食品有限公司,姚氏,分销业务冻品水产部销售部,黄佩连,遼寧銘川帶皮腿扒|15KG (300克+/塊),6,90,千克,1330.2,,,14774033,已登记,2026-06-24 00:00:00,2026-06-23 13:20:38,1300607015,1300607,帶皮腿扒,批發-飛機,1330.2
2568264437516468232,香港事业部,NFT00.000385,誠信凍肉有限公司,誠信,分销业务冻品水产部销售部,李华兴,遼寧欣城帶骨雞全腿 280-300G|15KG,2,30,千克,377.1,,,14772995,已关闭,2026-06-23 00:00:00,2026-06-23 11:28:55,1300603040,1300603,帶骨全腿,凍肉店,377.1
2568259412381663239,香港事业部,NFT00.000774,新昌,新昌,分销业务冻品水产部,张淑燕,遼寧欣城帶骨雞全腿 300-320G|15KG,2,30,千克,1042.2,,,14772993,已登记,2026-06-24 00:00:00,2026-06-23 11:19:11,1300603041,1300603,帶骨全腿,凍肉店,1042.2
2568259412381663239,香港事业部,NFT00.000774,新昌,新昌,分销业务冻品水产部,张淑燕,遼寧銘川帶皮腿扒|15KG (300克+/塊),3,45,千克,1042.2,,,14772993,已登记,2026-06-24 00:00:00,2026-06-23 11:19:11,1300607015,1300607,帶皮腿扒,凍肉店,0
2568241880325160964,香港事业部,NFT00.000168,明記凍肉,明記,分销业务冻品水产部销售部,凌靖翔,遼寧欣城琵琶腿130-150G|10KG(5KG*2),1,10,千克,129,,,14773785,已登记,2026-06-23 00:00:00,2026-06-23 10:45:09,1300624103,1300624,琵琶腿,凍肉店,129
2567647946477666306,香港事业部,NFT00.000230,恆輝貿易公司,恆輝,分销业务冻品水产部销售部,凌靖翔,河南去皮上腿肉|12KG,1,12,千克,189.6,,,14772564,已登记,2026-06-23 00:00:00,2026-06-22 15:32:46,1300609001,1300609,去皮上腿肉,批發-飛機,189.6
2567623224668979205,香港事业部,NFT00.000230,恆輝貿易公司,恆輝,分销业务冻品水产部销售部,凌靖翔,遼寧銘川帶皮腿扒|15KG (300克+/塊),1,15,千克,221.7,,,14771531,已登记,2026-06-23 00:00:00,2026-06-22 14:44:48,1300607015,1300607,帶皮腿扒,批發-飛機,221.7
2567585712401547267,香港事业部,15MYKD.80036688,美亞食品貿易有限公司,美亞,分销业务冻品水产部销售部,许至邦,高峰法式羊排 8 支骨|20KG,2,40,千克,3763.2,,,14772381,已登记,2026-06-23 00:00:00,2026-06-22 13:32:02,1300501020,1300501,羊排,批發-加工,3763.2
2567582242091040776,香港事业部,15MYKD.80036688,美亞食品貿易有限公司,美亞,分销业务冻品水产部销售部,许至邦,遼寧欣城帶皮腿扒|15KG (250-300/塊),25,375,千克,5542.5,,,14772379,已登记,2026-06-23 00:00:00,2026-06-22 13:25:17,1300607016,1300607,帶皮腿扒,批發-加工,5542.5
2567536388997120005,香港事业部,NFT00.003074,信隆(亞洲)有限公司,信隆,分销业务冻品水产部销售部,谭小君,伊美佳4支骨法式羊排|20KG,4,80,千克,5820,,,14771450,已登记,2026-06-23 00:00:00,2026-06-22 11:56:19,1300501031,1300501,羊排,批發-加工,5820
2567534464851771393,香港事业部,NFT00.000230,恆輝貿易公司,恆輝,分销业务冻品水产部销售部,凌靖翔,金鷹面精肉|25KG,7,175,千克,5669.65,,,14772281,已登记,2026-06-23 00:00:00,2026-06-22 11:52:35,1300109002,1300109,面精肉,批發-飛機,5669.65
2567524741045813252,香港事业部,NFT00.000091,恆昌凍肉食品有限公司,恆昌,分销业务冻品水产部销售部,谭小君,金鷹寸骨|10KG (1K*10包),2,20,千克,2649.9,,,14772235,已登记,2026-06-22 00:00:00,2026-06-22 11:33:43,1300111003,1300111,寸骨,批發-加工,2649.9
2567524741045813252,香港事业部,NFT00.000091,恆昌凍肉食品有限公司,恆昌,分销业务冻品水产部销售部,谭小君,高峰網裝羊肩卷肉| 18KG,1,18,千克,2649.9,,,14772235,已登记,2026-06-22 00:00:00,2026-06-22 11:33:43,1300503009,1300503,羊肩卷肉,批發-加工,0
2567524741045813252,香港事业部,NFT00.000091,恆昌凍肉食品有限公司,恆昌,分销业务冻品水产部销售部,谭小君,遼寧欣城翅根|10KG(60克以上/只),1,10,千克,2649.9,,,14772235,已登记,2026-06-22 00:00:00,2026-06-22 11:33:43,1300626003,1300626,翅根,批發-加工,0
2567524741045813252,香港事业部,NFT00.000091,恆昌凍肉食品有限公司,恆昌,分销业务冻品水产部销售部,谭小君,遼寧欣城雞翅尖IQF|10KG,1,10,千克,2649.9,,,14772235,已登记,2026-06-22 00:00:00,2026-06-22 11:33:43,1300627002,1300627,翅尖,批發-加工,0
2567521502640472066,香港事业部,NFT00.000091,恆昌凍肉食品有限公司,恆昌,分销业务冻品水产部销售部,谭小君,遼寧欣城琵琶腿130-150G|10KG(5KG*2),2,20,千克,733.5,,,14771395,已登记,2026-06-22 00:00:00,2026-06-22 11:27:27,1300624103,1300624,琵琶腿,批發-加工,733.5
2567521502640472066,香港事业部,NFT00.000091,恆昌凍肉食品有限公司,恆昌,分销业务冻品水产部销售部,谭小君,山東鴨胸肉|10KG(220-240克/塊),2,20,千克,733.5,,,14771395,已登记,2026-06-22 00:00:00,2026-06-22 11:27:27,1300903006,1300903,生鴨胸,批發-加工,0
2567521502640472066,香港事业部,NFT00.000091,恆昌凍肉食品有限公司,恆昌,分销业务冻品水产部销售部,谭小君,遼寧盛佳康雞骨架|15KG,3,45,千克,733.5,,,14771395,已登记,2026-06-22 00:00:00,2026-06-22 11:27:27,1300605007,1300605,雞骨架,批發-加工,0
2567519741703880710,香港事业部,NFT00.000759,天恆食品有限公司,天恆,分销业务冻品水产部销售部,岑美玉,中國梅肉|25KG,2,50,千克,1287,,,14772214,已登记,2026-06-22 00:00:00,2026-06-22 11:24:02,1300101040,1300101,一號肉,批發-飛機,1287
2567516932818337799,香港事业部,NFT00.002474,明記冷凍食品有限公司,明記冷凍,分销业务冻品水产部销售部,岑美玉,華英煙熏鴨胸肉|10KG (220-240G/塊)日文包裝,2,20,千克,2631.3,,,14772206,已登记,2026-06-23 00:00:00,2026-06-22 11:18:35,1300904023,1300904,煙熏鴨胸,批發-加工,2631.3
2567516932818337799,香港事业部,NFT00.002474,明記冷凍食品有限公司,明記冷凍,分销业务冻品水产部销售部,岑美玉,至尊梅肉|25KG,2,50,千克,2631.3,,,14772206,已登记,2026-06-23 00:00:00,2026-06-22 11:18:35,1300101043,1300101,一號肉,批發-加工,0
2567516932818337799,香港事业部,NFT00.002474,明記冷凍食品有限公司,明記冷凍,分销业务冻品水产部销售部,岑美玉,山東帶骨鴨腿|10KG（200-220G/只）,3,30,千克,2631.3,,,14772206,已登记,2026-06-23 00:00:00,2026-06-22 11:18:35,1300902010,1300902,帶骨整腿,批發-加工,0
2567512835396468737,香港事业部,NFT00.000774,新昌,新昌,分销业务冻品水产部,张淑燕,金鷹寸骨|10KG (1K*10包),1,10,千克,1537.2,,,14771359,已登记,2026-06-23 00:00:00,2026-06-22 11:10:37,1300111003,1300111,寸骨,凍肉店,1537.2
2567512835396468737,香港事业部,NFT00.000774,新昌,新昌,分销业务冻品水产部,张淑燕,遼寧欣城帶骨雞全腿 300-320G|15KG,2,30,千克,1537.2,,,14771359,已登记,2026-06-23 00:00:00,2026-06-22 11:10:37,1300603041,1300603,帶骨全腿,凍肉店,0
2567512835396468737,香港事业部,NFT00.000774,新昌,新昌,分销业务冻品水产部,张淑燕,遼寧銘川帶皮腿扒|15KG (300克+/塊),3,45,千克,1537.2,,,14771359,已登记,2026-06-23 00:00:00,2026-06-22 11:10:37,1300607015,1300607,帶皮腿扒,凍肉店,0
2567508557609041929,香港事业部,NFT00.002547,先進食品國際有限公司,先進,分销业务冻品水产部销售部,岑美玉,精品面精肉|25KG,2,50,千克,1608.75,,,14772191,已登记,2026-06-23 00:00:00,2026-06-22 11:02:20,1300109012,1300109,面精肉,批發-加工,1608.75
2567497631212240896,香港事业部,NFT00.000185,萬駿貿易公司,萬駿,分销业务冻品水产部销售部,岑美玉,中國梅肉|25KG,5,125,千克,3185,,,14772177,已登记,2026-06-22 00:00:00,2026-06-22 10:41:06,1300101040,1300101,一號肉,批發-加工,3185
2567497459436617728,香港事业部,NFT00.000168,明記凍肉,明記,分销业务冻品水产部销售部,凌靖翔,遼寧欣城琵琶腿130-150G|10KG(5KG*2),1,10,千克,130,,,14771297,已登记,2026-06-22 00:00:00,2026-06-22 10:40:47,1300624103,1300624,琵琶腿,凍肉店,130
2567480691861225476,香港事业部,NFT00.000230,恆輝貿易公司,恆輝,分销业务冻品水产部销售部,凌靖翔,遼寧欣城帶皮腿扒|15KG (250-300/塊),1,15,千克,221.7,,,14772117,已登记,2026-06-22 00:00:00,2026-06-22 10:08:15,1300607016,1300607,帶皮腿扒,批發-飛機,221.7
2567476448433537025,香港事业部,NFT00.003177,翎凰凍肉有限公司,翎凰,分销业务冻品水产部销售部,凌靖翔,至尊梅肉|25KG,15,375,千克,15369.65,,,14771218,已登记,2026-06-23 00:00:00,2026-06-22 10:00:02,1300101043,1300101,一號肉,批發-加工,15369.65
2567476448433537025,香港事业部,NFT00.003177,翎凰凍肉有限公司,翎凰,分销业务冻品水产部销售部,凌靖翔,金鷹面精肉|25KG,2,50,千克,15369.65,,,14771218,已登记,2026-06-23 00:00:00,2026-06-22 10:00:02,1300109002,1300109,面精肉,批發-加工,0
2567467325923000327,香港事业部,NFT00.000230,恆輝貿易公司,恆輝,分销业务冻品水产部销售部,凌靖翔,遼寧欣城帶骨雞全腿 280-300G|15KG,1,15,千克,188.55,,,14771213,已登记,2026-06-22 00:00:00,2026-06-22 09:42:19,1300603040,1300603,帶骨全腿,批發-飛機,188.55
2567462850567077893,香港事业部,NFT00.000230,恆輝貿易公司,恆輝,分销业务冻品水产部销售部,凌靖翔,河南去皮上腿肉|12KG,2,24,千克,379.2,,,14771974,已登记,2026-06-22 00:00:00,2026-06-22 09:33:38,1300609001,1300609,去皮上腿肉,批發-飛機,379.2
2567393993651388419,香港事业部,NFT00.000169,福源食品有限公司,福源,分销业务冻品水产部销售部,罗展勤,遼寧銘川帶皮腿扒|15KG (300克+/塊),15,225,千克,3325.5,,,14771949,已登记,2026-06-22 00:00:00,2026-06-22 07:20:06,1300607015,1300607,帶皮腿扒,批發-加工,3325.5
2566024019366117376,香港事业部,NFT00.000091,恆昌凍肉食品有限公司,恆昌,分销业务冻品水产部销售部,谭小君,金鷹寸骨|10KG (1K*10包),2,20,千克,990,,,14770925,已登记,2026-06-20 00:00:00,2026-06-20 11:01:56,1300111003,1300111,寸骨,批發-加工,990
2566020411593588738,香港事业部,NFT00.003034,豪氣有限公司,豪氣,分销业务冻品水产部销售部,萧景新,高峰柱裝羊卷肉|20KG,1,20,千克,1188,,,14770923,已登记,2026-06-22 00:00:00,2026-06-20 10:54:57,1300511002,1300511,羊卷肉,批發-加工,1188
2566011280493117448,香港事业部,NFT00.000185,萬駿貿易公司,萬駿,分销业务冻品水产部销售部,岑美玉,中國梅肉|25KG,10,250,千克,6305,,,14770921,已登记,2026-06-20 00:00:00,2026-06-20 10:37:13,1300101040,1300101,一號肉,批發-加工,6305
2566003283240943623,香港事业部,NFT00.000168,明記凍肉,明記,分销业务冻品水产部销售部,凌靖翔,遼寧欣城雞翅尖IQF|10KG,1,10,千克,97,,,14770901,已登记,2026-06-20 00:00:00,2026-06-20 10:21:43,1300627002,1300627,翅尖,凍肉店,97
2565990372569251845,香港事业部,NFT00.003177,翎凰凍肉有限公司,翎凰,分销业务冻品水产部销售部,凌靖翔,高峰法式羊排 8 支骨|20KG,1,20,千克,2589.6,,,14771795,已登记,2026-06-20 00:00:00,2026-06-20 09:56:41,1300501020,1300501,羊排,批發-加工,2589.6
2565990372569251845,香港事业部,NFT00.003177,翎凰凍肉有限公司,翎凰,分销业务冻品水产部销售部,凌靖翔,遼寧盛佳康去皮雞胸肉|12KG,5,60,千克,2589.6,,,14771795,已登记,2026-06-20 00:00:00,2026-06-20 09:56:41,1300612031,1300612,去皮胸肉,批發-加工,0
2565971440376479751,香港事业部,NFT00.000230,恆輝貿易公司,恆輝,分销业务冻品水产部销售部,凌靖翔,河南去皮上腿肉|12KG,12,144,千克,2275.2,,,14771757,已登记,2026-06-20 00:00:00,2026-06-20 09:19:57,1300609001,1300609,去皮上腿肉,批發-飛機,2275.2
2564601156830494726,香港事业部,NFT00.000230,恆輝貿易公司,恆輝,分销业务冻品水产部销售部,凌靖翔,華英帶骨鴨腿|10KG (260-280G/只),1,10,千克,132,,,14770582,已登记,2026-06-20 00:00:00,2026-06-18 13:01:13,1300902006,1300902,帶骨整腿,批發-飛機,132
2564585334170976257,香港事业部,NFT00.000230,恆輝貿易公司,恆輝,分销业务冻品水产部销售部,凌靖翔,高峰柱裝羊卷肉|20KG,1,20,千克,1188,,,14770313,已登记,2026-06-20 00:00:00,2026-06-18 12:30:32,1300511002,1300511,羊卷肉,批發-飛機,1188
2564571882310336514,香港事业部,NFT00.000759,天恆食品有限公司,天恆,分销业务冻品水产部销售部,岑美玉,高峰去脂羊西冷|20KG,1,20,千克,1960.2,,,14769365,已登记,2026-06-20 00:00:00,2026-06-18 12:04:25,1300510007,1300510,其他,批發-飛機,1960.2
2564564331757830148,香港事业部,NFT00.000774,新昌,新昌,分销业务冻品水产部,张淑燕,至尊梅肉|25KG,1,25,千克,1977.75,,,14769346,已登记,2026-06-22 00:00:00,2026-06-18 11:49:47,1300101043,1300101,一號肉,凍肉店,1977.75
2564564331757830148,香港事业部,NFT00.000774,新昌,新昌,分销业务冻品水产部,张淑燕,遼寧欣城帶骨雞全腿 300-320G|15KG,2,30,千克,1977.75,,,14769346,已登记,2026-06-22 00:00:00,2026-06-18 11:49:47,1300603041,1300603,帶骨全腿,凍肉店,0
2564564331757830148,香港事业部,NFT00.000774,新昌,新昌,分销业务冻品水产部,张淑燕,遼寧銘川帶皮腿扒|15KG (300克+/塊),3,45,千克,1977.75,,,14769346,已登记,2026-06-22 00:00:00,2026-06-18 11:49:47,1300607015,1300607,帶皮腿扒,凍肉店,0
2564563215066333187,香港事业部,NFT00.000774,新昌,新昌,分销业务冻品水产部,张淑燕,金鷹寸骨|10KG (1K*10包),1,10,千克,1160.1,,,14769344,已登记,2026-06-20 00:00:00,2026-06-18 11:47:37,1300111003,1300111,寸骨,凍肉店,1160.1
2564563215066333187,香港事业部,NFT00.000774,新昌,新昌,分销业务冻品水产部,张淑燕,遼寧銘川帶皮腿扒|15KG (300克+/塊),3,45,千克,1160.1,,,14769344,已登记,2026-06-20 00:00:00,2026-06-18 11:47:37,1300607015,1300607,帶皮腿扒,凍肉店,0
2564554633721675781,香港事业部,NFT00.000230,恆輝貿易公司,恆輝,分销业务冻品水产部销售部,凌靖翔,遼寧欣城帶骨雞全腿 280-300G|15KG,1,15,千克,410.25,,,14770231,已登记,2026-06-20 00:00:00,2026-06-18 11:30:57,1300603040,1300603,帶骨全腿,批發-飛機,410.25
2564554633721675781,香港事业部,NFT00.000230,恆輝貿易公司,恆輝,分销业务冻品水产部销售部,凌靖翔,遼寧銘川帶皮腿扒|15KG (250克+/塊),1,15,千克,410.25,,,14770231,已登记,2026-06-20 00:00:00,2026-06-18 11:30:57,1300607014,1300607,帶皮腿扒,批發-飛機,0
2564548698076872712,香港事业部,NFT00.000116,新協興凍肉食品公司,新協興,分销业务冻品水产部销售部,凌靖翔,遼寧盛佳康帶骨雞全腿 240-260G|15KG,4,60,千克,886.2,,,14770201,已关闭,2026-06-18 00:00:00,2026-06-18 11:19:27,1300603105,1300603,帶骨全腿,批發-加工,886.2
2564537264896999429,香港事业部,NFT00.000185,萬駿貿易公司,萬駿,分销业务冻品水产部销售部,岑美玉,至尊梅肉|25KG,10,250,千克,9166.5,,,14770168,已登记,2026-06-20 00:00:00,2026-06-18 10:57:16,1300101043,1300101,一號肉,批發-加工,9166.5
2564528013514375174,香港事业部,NFT00.000168,明記凍肉,明記,分销业务冻品水产部销售部,凌靖翔,遼寧欣城翅根|10KG(60克以上/只),1,10,千克,132,,,14770140,已登记,2026-06-18 00:00:00,2026-06-18 10:39:18,1300626003,1300626,翅根,凍肉店,132
2564523177404268549,香港事业部,NFT00.003421,峻星貿易有限公司,峻星,分销业务冻品水产部销售部,谭小君,金鷹寸骨|10KG (1K*10包),5,50,千克,2450,,,14770081,已登记,2026-06-18 00:00:00,2026-06-18 10:29:56,1300111003,1300111,寸骨,批發-飛機,2450
2564517138657181705,香港事业部,NFT00.000230,恆輝貿易公司,恆輝,分销业务冻品水产部销售部,凌靖翔,遼寧銘川帶皮腿扒|15KG (300克+/塊),2,30,千克,575.4,,,14769248,已登记,2026-06-18 00:00:00,2026-06-18 10:18:12,1300607015,1300607,帶皮腿扒,批發-飛機,575.4
2564517138657181705,香港事业部,NFT00.000230,恆輝貿易公司,恆輝,分销业务冻品水产部销售部,凌靖翔,華英帶骨鴨腿|10KG (260-280G/只),1,10,千克,575.4,,,14769248,已登记,2026-06-18 00:00:00,2026-06-18 10:18:12,1300902006,1300902,帶骨整腿,批發-飛機,0
2564499769809436672,香港事业部,NFT00.000283,國威夏門豬肉,國威,分销业务冻品水产部销售部,凌靖翔,高峰網裝羊肩卷肉| 18KG,2,36,千克,4698.14,,,14769207,已登记,2026-06-18 00:00:00,2026-06-18 09:44:30,1300503009,1300503,羊肩卷肉,批發-加工,4698.14
2564499769809436672,香港事业部,NFT00.000283,國威夏門豬肉,國威,分销业务冻品水产部销售部,凌靖翔,華英煙熏鴨胸肉|10KG (200-220G/塊)日文包裝,1,10,千克,4698.14,,,14769207,已登记,2026-06-18 00:00:00,2026-06-18 09:44:30,1300904022,1300904,煙熏鴨胸,批發-加工,0
2564499769809436672,香港事业部,NFT00.000283,國威夏門豬肉,國威,分销业务冻品水产部销售部,凌靖翔,"越南Dai Thanh鯰魚柳|10KG(300-400克/塊),IQF–D",10,100,千克,4698.14,,,14769207,已登记,2026-06-18 00:00:00,2026-06-18 09:44:30,1800102281,1800102,魚.鯰魚柳,批發-加工,0
2564492416848494596,香港事业部,NFT00.000230,恆輝貿易公司,恆輝,分销业务冻品水产部销售部,凌靖翔,河南去皮上腿肉|12KG,8,96,千克,1516.8,,,14769195,已登记,2026-06-18 00:00:00,2026-06-18 09:30:16,1300609001,1300609,去皮上腿肉,批發-飛機,1516.8
2563951130689142789,香港事业部,NFT00.000759,天恆食品有限公司,天恆,分销业务冻品水产部销售部,岑美玉,高峰柱裝羊卷肉|20KG,1,20,千克,1188,,,14769067,已登记,2026-06-18 00:00:00,2026-06-17 16:00:00,1300511002,1300511,羊卷肉,批發-飛機,1188
2563838903195795459,香港事业部,NFT00.002551,溢利食品(香港)有限公司,溢利,分销业务冻品水产部销售部,凌靖翔,中國紅布腸|20KG,2,40,千克,980,,,14768866,已登记,2026-06-18 00:00:00,2026-06-17 12:22:14,1300114011,1300114,熟食,批發-飛機,980
2563825846495215623,香港事业部,NFT00.000385,誠信凍肉有限公司,誠信,分销业务冻品水产部销售部,李华兴,遼寧欣城帶骨雞全腿 280-300G|15KG,2,30,千克,377.1,,,14768529,已登记,2026-06-17 00:00:00,2026-06-17 11:56:54,1300603040,1300603,帶骨全腿,凍肉店,377.1
2563825700466327559,香港事业部,NFT00.003074,信隆(亞洲)有限公司,信隆,分销业务冻品水产部销售部,谭小君,高峰法式羊排 8 支骨|20KG,2,40,千克,5761.8,,,14768818,已登记,2026-06-22 00:00:00,2026-06-17 11:56:38,1300501020,1300501,羊排,批發-加工,5761.8
2563825700466327559,香港事业部,NFT00.003074,信隆(亞洲)有限公司,信隆,分销业务冻品水产部销售部,谭小君,華英煙熏鴨胸肉|10KG (240-260G/塊)日文包裝,10,100,千克,5761.8,,,14768818,已登记,2026-06-22 00:00:00,2026-06-17 11:56:38,1300904024,1300904,煙熏鴨胸,批發-加工,0
2563823140665819139,香港事业部,NFT00.003074,信隆(亞洲)有限公司,信隆,分销业务冻品水产部销售部,谭小君,金鷹面精肉|25KG,5,125,千克,12692.45,,,14768811,已登记,2026-06-18 00:00:00,2026-06-17 11:51:41,1300109002,1300109,面精肉,批發-加工,12692.45
2563823140665819139,香港事业部,NFT00.003074,信隆(亞洲)有限公司,信隆,分销业务冻品水产部销售部,谭小君,高峰法式羊排 8 支骨|20KG,3,60,千克,12692.45,,,14768811,已登记,2026-06-18 00:00:00,2026-06-17 11:51:41,1300501020,1300501,羊排,批發-加工,0
2563823140665819139,香港事业部,NFT00.003074,信隆(亞洲)有限公司,信隆,分销业务冻品水产部销售部,谭小君,華英煙熏鴨胸肉|10KG (240-260G/塊)日文包裝,15,150,千克,12692.45,,,14768811,已登记,2026-06-18 00:00:00,2026-06-17 11:51:41,1300904024,1300904,煙熏鴨胸,批發-加工,0
2563807094665904130,香港事业部,NFT00.000759,天恆食品有限公司,天恆,分销业务冻品水产部销售部,岑美玉,高峰法式羊排 8 支骨|20KG,1,20,千克,1900.8,,,14768463,已登记,2026-06-18 00:00:00,2026-06-17 11:20:32,1300501020,1300501,羊排,批發-飛機,1900.8
2563787312046538754,香港事业部,NFT00.000168,明記凍肉,明記,分销业务冻品水产部销售部,凌靖翔,遼寧欣城雞翅尖IQF|10KG,1,10,千克,97,,,14768765,已登记,2026-06-17 00:00:00,2026-06-17 10:42:09,1300627002,1300627,翅尖,凍肉店,97
2563772640438255617,香港事业部,NFT00.000090,姚氏食品有限公司,姚氏,分销业务冻品水产部销售部,黄佩连,高峰柱裝羊卷肉|20KG,3,60,千克,3528,,,14768732,已登记,2026-06-17 00:00:00,2026-06-17 10:13:42,1300511002,1300511,羊卷肉,批發-飛機,3528
2563212181565865992,香港事业部,NFT00.003034,豪氣有限公司,豪氣,分销业务冻品水产部销售部,萧景新,高峰柱裝羊卷肉|20KG,2,40,千克,2481.36,,,14768563,已登记,2026-06-17 00:00:00,2026-06-16 16:06:16,1300511002,1300511,羊卷肉,批發-加工,2481.36
2563212181565865992,香港事业部,NFT00.003034,豪氣有限公司,豪氣,分销业务冻品水产部销售部,萧景新,華英帶骨鴨腿|10KG (220-240G/只),1,10,千克,2481.36,,,14768563,已登记,2026-06-17 00:00:00,2026-06-16 16:06:16,1300902003,1300902,帶骨整腿,批發-加工,0
2563103965571973123,香港事业部,NFT00.000230,恆輝貿易公司,恆輝,分销业务冻品水产部销售部,凌靖翔,金鷹面精肉|25KG,7,175,千克,5669.65,,,14767769,已登记,2026-06-17 00:00:00,2026-06-16 12:36:18,1300109002,1300109,面精肉,批發-飛機,5669.65
2563071985243389958,香港事业部,NFT00.000229,駿利貿易公司,駿利,分销业务冻品水产部销售部,张淑燕,遼寧欣城小雞胸肉 IQF|10KG,2,20,千克,242,,,14767688,已登记,2026-06-17 00:00:00,2026-06-16 11:34:13,1300613017,1300613,小胸肉,批發-飛機,242
2563071117662093321,香港事业部,NFT00.000229,駿利貿易公司,駿利,分销业务冻品水产部销售部,张淑燕,遼寧欣城雞翅尖IQF|10KG,1,10,千克,97,,,14767687,已登记,2026-06-17 00:00:00,2026-06-16 11:32:34,1300627002,1300627,翅尖,批發-飛機,97
2563060199853129732,香港事业部,NFT00.000774,新昌,新昌,分销业务冻品水产部,张淑燕,至尊梅肉|25KG,1,25,千克,1977.75,,,14767078,已登记,2026-06-17 00:00:00,2026-06-16 11:11:22,1300101043,1300101,一號肉,凍肉店,1977.75
2563060199853129732,香港事业部,NFT00.000774,新昌,新昌,分销业务冻品水产部,张淑燕,遼寧欣城帶骨雞全腿 300-320G|15KG,2,30,千克,1977.75,,,14767078,已登记,2026-06-17 00:00:00,2026-06-16 11:11:22,1300603041,1300603,帶骨全腿,凍肉店,0
2563060199853129732,香港事业部,NFT00.000774,新昌,新昌,分销业务冻品水产部,张淑燕,遼寧銘川帶皮腿扒|15KG (300克+/塊),3,45,千克,1977.75,,,14767078,已登记,2026-06-17 00:00:00,2026-06-16 11:11:22,1300607015,1300607,帶皮腿扒,凍肉店,0
2563036190985945096,香港事业部,NFT00.000168,明記凍肉,明記,分销业务冻品水产部销售部,凌靖翔,金鷹面精肉|25KG,1,25,千克,835,,,14767602,已登记,2026-06-16 00:00:00,2026-06-16 10:24:47,1300109002,1300109,面精肉,凍肉店,835
2563034275432628231,香港事业部,NFT00.000185,萬駿貿易公司,萬駿,分销业务冻品水产部销售部,岑美玉,中國梅肉|25KG,5,125,千克,3185,,,14767050,已登记,2026-06-16 00:00:00,2026-06-16 10:21:04,1300101040,1300101,一號肉,批發-加工,3185
2563023194414907401,香港事业部,NFT00.003177,翎凰凍肉有限公司,翎凰,分销业务冻品水产部销售部,凌靖翔,金鷹面精肉|25KG,3,75,千克,25346.1,,,14766558,已登记,2026-06-16 00:00:00,2026-06-16 09:59:34,1300109002,1300109,面精肉,批發-加工,25346.1
2563023194414907401,香港事业部,NFT00.003177,翎凰凍肉有限公司,翎凰,分销业务冻品水产部销售部,凌靖翔,至尊梅肉|25KG,25,625,千克,25346.1,,,14766558,已登记,2026-06-16 00:00:00,2026-06-16 09:59:34,1300101043,1300101,一號肉,批發-加工,0
2563018143535464448,香港事业部,NFT00.000230,恆輝貿易公司,恆輝,分销业务冻品水产部销售部,凌靖翔,遼寧欣城帶皮腿扒|15KG (250-300/塊),2,30,千克,443.4,,,14767015,已登记,2026-06-16 00:00:00,2026-06-16 09:49:47,1300607016,1300607,帶皮腿扒,批發-飛機,443.4
2563006899311083528,香港事业部,NFT00.000230,恆輝貿易公司,恆輝,分销业务冻品水产部销售部,凌靖翔,遼寧銘川帶皮腿扒|15KG (300克+/塊),4,60,千克,886.8,,,14766493,已登记,2026-06-16 00:00:00,2026-06-16 09:27:58,1300607015,1300607,帶皮腿扒,批發-飛機,886.8
2562480405037973513,香港事业部,NFT00.002160,鴻興食品供應有限公司,鴻興,分销业务冻品水产部销售部,谭小君,金鷹面精肉|25KG,2,50,千克,2030.4,,,14766835,已登记,2026-06-16 00:00:00,2026-06-15 16:26:26,1300109002,1300109,面精肉,批發-加工,2030.4
2562480405037973513,香港事业部,NFT00.002160,鴻興食品供應有限公司,鴻興,分销业务冻品水产部销售部,谭小君,遼寧欣城帶骨雞全腿 400-420G|15KG,2,30,千克,2030.4,,,14766835,已登记,2026-06-16 00:00:00,2026-06-15 16:26:26,1300603043,1300603,帶骨全腿,批發-加工,0
2562467356929425417,香港事业部,NFT00.000759,天恆食品有限公司,天恆,分销业务冻品水产部销售部,岑美玉,高峰法式小切羊排 |10KG,1,10,千克,1029.6,,,14766348,已登记,2026-06-16 00:00:00,2026-06-15 16:01:06,1300501022,1300501,羊排,批發-飛機,1029.6
2562457014648176642,香港事业部,NFT00.000230,恆輝貿易公司,恆輝,分销业务冻品水产部销售部,凌靖翔,遼寧銘川帶皮腿扒|15KG (300克+/塊),1,15,千克,221.7,,,14766335,已登记,2026-06-16 00:00:00,2026-06-15 15:41:02,1300607015,1300607,帶皮腿扒,批發-飛機,221.7
2562450366036705281,香港事业部,NFT00.002547,先進食品國際有限公司,先進,分销业务冻品水产部销售部,岑美玉,精品面精肉|25KG,20,500,千克,15762.5,,,14766771,已登记,2026-06-16 00:00:00,2026-06-15 15:28:08,1300109012,1300109,面精肉,批發-加工,15762.5
2562449816280891396,香港事业部,NFT00.000230,恆輝貿易公司,恆輝,分销业务冻品水产部销售部,凌靖翔,華英帶骨鴨腿|10KG (200-220G/只),1,10,千克,1017.48,,,14766769,已登记,2026-06-16 00:00:00,2026-06-15 15:27:04,1300902002,1300902,帶骨整腿,批發-飛機,1017.48
2562449816280891396,香港事业部,NFT00.000230,恆輝貿易公司,恆輝,分销业务冻品水产部销售部,凌靖翔,遼寧銘川帶皮腿扒|15KG (300克+/塊),4,60,千克,1017.48,,,14766769,已登记,2026-06-16 00:00:00,2026-06-15 15:27:04,1300607015,1300607,帶皮腿扒,批發-飛機,0
2562449111906254849,香港事业部,NFT00.002547,先進食品國際有限公司,先進,分销业务冻品水产部销售部,岑美玉,精品面精肉|25KG,2,50,千克,1608.75,,,14766317,已登记,2026-06-16 00:00:00,2026-06-15 15:25:42,1300109012,1300109,面精肉,批發-加工,1608.75
2562435952128557057,香港事业部,NFT00.003421,峻星貿易有限公司,峻星,分销业务冻品水产部销售部,谭小君,金鷹寸骨|10KG (1K*10包),4,40,千克,1980,,,14766280,已登记,2026-06-16 00:00:00,2026-06-15 15:00:10,1300111003,1300111,寸骨,批發-飛機,1980
2562340268845039622,香港事业部,NFT00.003074,信隆(亞洲)有限公司,信隆,分销业务冻品水产部销售部,谭小君,華英煙熏鴨胸肉|10KG (240-260G/塊)日文包裝,10,100,千克,2079,,,14766193,已登记,2026-06-16 00:00:00,2026-06-15 11:54:31,1300904024,1300904,煙熏鴨胸,批發-加工,2079
2562335587330686984,香港事业部,NFT00.003074,信隆(亞洲)有限公司,信隆,分销业务冻品水产部销售部,谭小君,遼寧銘川帶皮腿扒|15KG (300克+/塊),10,150,千克,2217,,,14766186,已登记,2026-06-16 00:00:00,2026-06-15 11:45:25,1300607015,1300607,帶皮腿扒,批發-加工,2217
2562329471297257480,香港事业部,NFT00.003074,信隆(亞洲)有限公司,信隆,分销业务冻品水产部销售部,谭小君,金鷹面精肉|25KG,3,75,千克,14341.45,,,14765509,已登记,2026-06-16 00:00:00,2026-06-15 11:33:34,1300109002,1300109,面精肉,批發-加工,14341.45
2562329471297257480,香港事业部,NFT00.003074,信隆(亞洲)有限公司,信隆,分销业务冻品水产部销售部,谭小君,高峰法式羊排 8 支骨|20KG,5,100,千克,14341.45,,,14765509,已登记,2026-06-16 00:00:00,2026-06-15 11:33:34,1300501020,1300501,羊排,批發-加工,0
2562329471297257480,香港事业部,NFT00.003074,信隆(亞洲)有限公司,信隆,分销业务冻品水产部销售部,谭小君,山東煙熏鴨胸肉|10KG (220-240G/塊)日文包裝,10,100,千克,14341.45,,,14765509,已登记,2026-06-16 00:00:00,2026-06-15 11:33:34,1300904017,1300904,煙熏鴨胸,批發-加工,0
2562321267909722115,香港事业部,NFT00.000230,恆輝貿易公司,恆輝,分销业务冻品水产部销售部,凌靖翔,金鷹面精肉|25KG,2,50,千克,1653.3,,,14766165,已登记,2026-06-16 00:00:00,2026-06-15 11:17:39,1300109002,1300109,面精肉,批發-飛機,1653.3
2562318562080325633,香港事业部,NFT00.000230,恆輝貿易公司,恆輝,分销业务冻品水产部销售部,凌靖翔,遼寧欣城帶骨雞全腿 280-300G|15KG,1,15,千克,188.55,,,14765460,已登记,2026-06-16 00:00:00,2026-06-15 11:12:24,1300603040,1300603,帶骨全腿,批發-飛機,188.55
2562302713651003400,香港事业部,NFT00.000116,新協興凍肉食品公司,新協興,分销业务冻品水产部销售部,凌靖翔,山東IQF鴨小胸|10KG(1K*10),1,10,千克,4039.48,,,14765402,已登记,2026-06-15 00:00:00,2026-06-15 10:41:40,1300903010,1300903,生鴨胸,批發-加工,4039.48
2562302713651003400,香港事业部,NFT00.000116,新協興凍肉食品公司,新協興,分销业务冻品水产部销售部,凌靖翔,華王樂雞肉腸｜10.88KG(340.2g*32),8,256,包,4039.48,,,14765402,已登记,2026-06-15 00:00:00,2026-06-15 10:41:40,1310501001,1310501,腸類.雞肉腸,批發-加工,0
2562302713651003400,香港事业部,NFT00.000116,新協興凍肉食品公司,新協興,分销业务冻品水产部销售部,凌靖翔,金鷹面精肉|25KG,1,25,千克,4039.48,,,14765402,已登记,2026-06-15 00:00:00,2026-06-15 10:41:40,1300109002,1300109,面精肉,批發-加工,0
2562302713651003400,香港事业部,NFT00.000116,新協興凍肉食品公司,新協興,分销业务冻品水产部销售部,凌靖翔,遼寧欣城帶骨雞全腿 240-260G|15KG,5,75,千克,4039.48,,,14765402,已登记,2026-06-15 00:00:00,2026-06-15 10:41:40,1300603038,1300603,帶骨全腿,批發-加工,0
2562301777348132866,香港事业部,NFT00.001901,福偉集團有限公司,福偉,分销业务冻品水产部销售部,谭小君,中國金鯧魚(200-300G)|10KG(黃帶),1,10,千克,2245.5,,,14766141,已登记,2026-06-15 00:00:00,2026-06-15 10:39:50,1800108098,1800108,魚.其他,批發-加工,2245.5
2562301777348132866,香港事业部,NFT00.001901,福偉集團有限公司,福偉,分销业务冻品水产部销售部,谭小君,遼寧欣城帶骨雞全腿 280-300G|15KG,4,60,千克,2245.5,,,14766141,已登记,2026-06-15 00:00:00,2026-06-15 10:39:50,1300603040,1300603,帶骨全腿,批發-加工,0
2562301777348132866,香港事业部,NFT00.001901,福偉集團有限公司,福偉,分销业务冻品水产部销售部,谭小君,遼寧欣城帶骨雞全腿 400-420G|15KG,6,90,千克,2245.5,,,14766141,已登记,2026-06-15 00:00:00,2026-06-15 10:39:50,1300603043,1300603,帶骨全腿,批發-加工,0
2562291125831335944,香港事业部,NFT00.000185,萬駿貿易公司,萬駿,分销业务冻品水产部销售部,岑美玉,至尊梅肉|25KG,5,125,千克,4583.25,,,14766117,已登记,2026-06-15 00:00:00,2026-06-15 10:19:11,1300101043,1300101,一號肉,批發-加工,4583.25
2562289029887295496,香港事业部,NFT00.000168,明記凍肉,明記,分销业务冻品水产部销售部,凌靖翔,高峰法式小切羊排 |10KG,1,10,千克,1126.6,,,14766116,已登记,2026-06-15 00:00:00,2026-06-15 10:15:07,1300501022,1300501,羊排,凍肉店,1126.6
2562289029887295496,香港事业部,NFT00.000168,明記凍肉,明記,分销业务冻品水产部销售部,凌靖翔,遼寧欣城雞翅尖IQF|10KG,1,10,千克,1126.6,,,14766116,已登记,2026-06-15 00:00:00,2026-06-15 10:15:07,1300627002,1300627,翅尖,凍肉店,0
2562284683380391936,香港事业部,NFT00.000230,恆輝貿易公司,恆輝,分销业务冻品水产部销售部,凌靖翔,河南去皮上腿肉|12KG,8,96,千克,1516.8,,,14766106,已登记,2026-06-15 00:00:00,2026-06-15 10:06:40,1300609001,1300609,去皮上腿肉,批發-飛機,1516.8
2562282922443800585,香港事业部,NFT00.000185,萬駿貿易公司,萬駿,分销业务冻品水产部销售部,岑美玉,至尊梅肉|25KG(14-15條),125,125,千克,4001.25,,,14766101,已关闭,2026-06-15 00:00:00,2026-06-15 10:03:15,1300101051,1300101,一號肉,批發-加工,4001.25
2562276986796900353,香港事业部,NFT00.000273,皇品有限公司,皇品,分销业务冻品水产部销售部,凌靖翔,河南去皮上腿肉|12KG,3,36,千克,568.8,,,14765286,已登记,2026-06-15 00:00:00,2026-06-15 09:51:44,1300609001,1300609,去皮上腿肉,批發-飛機,568.8
2560842141304619014,香港事业部,NFT00.002551,溢利食品(香港)有限公司,溢利,分销业务冻品水产部销售部,凌靖翔,中國紅布腸|20KG,2,40,千克,980,,,14765267,已登记,2026-06-15 00:00:00,2026-06-13 11:27:47,1300114011,1300114,熟食,批發-飛機,980
2560841076152729605,香港事业部,NFT00.000230,恆輝貿易公司,恆輝,分销业务冻品水产部销售部,凌靖翔,河南去皮上腿肉|12KG,2,24,千克,379.2,,,14765265,已登记,2026-06-15 00:00:00,2026-06-13 11:25:43,1300609001,1300609,去皮上腿肉,批發-飛機,379.2
2560834736778903552,香港事业部,NFT00.000230,恆輝貿易公司,恆輝,分销业务冻品水产部销售部,凌靖翔,河南去皮上腿肉|12KG,3,36,千克,568.8,,,14765066,已登记,2026-06-15 00:00:00,2026-06-13 11:13:28,1300609001,1300609,去皮上腿肉,批發-飛機,568.8
2560103355403730948,香港事业部,NFT00.000774,新昌,新昌,分销业务冻品水产部,张淑燕,金鷹寸骨|10KG (1K*10包),1,10,千克,1539.67,,,14764603,已登记,2026-06-13 00:00:00,2026-06-12 11:34:20,1300111003,1300111,寸骨,凍肉店,1539.67
2560103355403730948,香港事业部,NFT00.000774,新昌,新昌,分销业务冻品水产部,张淑燕,遼寧欣城帶骨雞全腿 300-320G|15KG,2,30,千克,1539.67,,,14764603,已登记,2026-06-13 00:00:00,2026-06-12 11:34:20,1300603041,1300603,帶骨全腿,凍肉店,0
2560103355403730948,香港事业部,NFT00.000774,新昌,新昌,分销业务冻品水产部,张淑燕,遼寧銘川帶皮腿扒|15KG (300克+/塊),3,45,千克,1539.67,,,14764603,已登记,2026-06-13 00:00:00,2026-06-12 11:34:20,1300607015,1300607,帶皮腿扒,凍肉店,0
2560100967401914369,香港事业部,NFT00.000230,恆輝貿易公司,恆輝,分销业务冻品水产部销售部,凌靖翔,遼寧欣城帶骨雞全腿 280-300G|15KG,1,15,千克,191.7,,,14764339,已登记,2026-06-13 00:00:00,2026-06-12 11:29:41,1300603040,1300603,帶骨全腿,批發-飛機,191.7
2560065344943161352,香港事业部,NFT00.000230,恆輝貿易公司,恆輝,分销业务冻品水产部销售部,凌靖翔,遼寧欣城帶皮腿扒|15KG (250-300/塊),1,15,千克,221.7,,,14763539,已登记,2026-06-12 00:00:00,2026-06-12 10:20:34,1300607016,1300607,帶皮腿扒,批發-飛機,221.7
2560043397660278786,香港事业部,NFT00.000230,恆輝貿易公司,恆輝,分销业务冻品水产部销售部,凌靖翔,遼寧欣城帶骨雞全腿 280-300G|15KG,1,15,千克,635.1,,,14764098,已登记,2026-06-12 00:00:00,2026-06-12 09:38:01,1300603040,1300603,帶骨全腿,批發-飛機,635.1
2560043397660278786,香港事业部,NFT00.000230,恆輝貿易公司,恆輝,分销业务冻品水产部销售部,凌靖翔,遼寧銘川帶皮腿扒|15KG (250克+/塊),2,30,千克,635.1,,,14764098,已登记,2026-06-12 00:00:00,2026-06-12 09:38:01,1300607014,1300607,帶皮腿扒,批發-飛機,0
2560015875518758919,香港事业部,NFT00.000230,恆輝貿易公司,恆輝,分销业务冻品水产部销售部,凌靖翔,遼寧盛佳康帶骨雞全腿 260-280G|15KG,3,45,千克,644.85,,,14763467,已登记,2026-06-12 00:00:00,2026-06-12 08:44:37,1300603106,1300603,帶骨全腿,批發-飛機,644.85
2559468731044986883,香港事业部,NFT00.003501,明記海鮮食品有限公司,明記海鮮,分销业务冻品水产部销售部,许至邦,高峰網裝羊肩卷肉| 18KG,5,90,千克,7306.2,,,14763741,已登记,2026-06-12 00:00:00,2026-06-11 15:03:00,1300503009,1300503,羊肩卷肉,批發-加工,7306.2
2559435857365303303,香港事业部,NFT00.000229,駿利貿易公司,駿利,分销业务冻品水产部销售部,张淑燕,遼寧欣城雞翅尖IQF|10KG,1,10,千克,97,,,14763732,已登记,2026-06-12 00:00:00,2026-06-11 13:59:13,1300627002,1300627,翅尖,批發-飛機,97
2559435178760470528,香港事业部,NFT00.000229,駿利貿易公司,駿利,分销业务冻品水产部销售部,张淑燕,遼寧欣城小雞胸肉 IQF|10KG,2,20,千克,242,,,14763730,已登记,2026-06-12 00:00:00,2026-06-11 13:57:54,1300613017,1300613,小胸肉,批發-飛機,242
2559357259454873602,香港事业部,NFT00.000774,新昌,新昌,分销业务冻品水产部,张淑燕,遼寧欣城帶骨雞全腿 300-320G|15KG,2,30,千克,2468.98,,,14763224,已登记,2026-06-12 00:00:00,2026-06-11 11:26:43,1300603041,1300603,帶骨全腿,凍肉店,2468.98
2559357259454873602,香港事业部,NFT00.000774,新昌,新昌,分销业务冻品水产部,张淑燕,金鷹寸骨|10KG (1K*10包),1,10,千克,2468.98,,,14763224,已登记,2026-06-12 00:00:00,2026-06-11 11:26:43,1300111003,1300111,寸骨,凍肉店,0
2559357259454873602,香港事业部,NFT00.000774,新昌,新昌,分销业务冻品水产部,张淑燕,至尊梅肉|25KG,1,25,千克,2468.98,,,14763224,已登记,2026-06-12 00:00:00,2026-06-11 11:26:43,1300101043,1300101,一號肉,凍肉店,0
2559357259454873602,香港事业部,NFT00.000774,新昌,新昌,分销业务冻品水产部,张淑燕,遼寧銘川帶皮腿扒|15KG (300克+/塊),3,45,千克,2468.98,,,14763224,已登记,2026-06-12 00:00:00,2026-06-11 11:26:43,1300607015,1300607,帶皮腿扒,凍肉店,0
2559308846592425984,香港事业部,NFT00.002547,先進食品國際有限公司,先進,分销业务冻品水产部销售部,岑美玉,遼寧欣城帶骨雞全腿 280-300G|15KG,5,75,千克,942.75,,,14762458,已登记,2026-06-12 00:00:00,2026-06-11 09:52:47,1300603040,1300603,帶骨全腿,批發-加工,942.75
2559288634476331012,香港事业部,NFT00.000230,恆輝貿易公司,恆輝,分销业务冻品水产部销售部,凌靖翔,遼寧銘川帶皮腿扒|15KG (300克+/塊),4,60,千克,886.8,,,14762993,已登记,2026-06-11 00:00:00,2026-06-11 09:13:35,1300607015,1300607,帶皮腿扒,批發-飛機,886.8
2558775540503281664,香港事业部,NFT00.002547,先進食品國際有限公司,先進,分销业务冻品水产部销售部,岑美玉,遼寧欣城帶骨雞全腿 280-300G|15KG,4,60,千克,754.2,,,14762387,已登记,2026-06-11 00:00:00,2026-06-10 16:38:02,1300603040,1300603,帶骨全腿,批發-加工,754.2
2558713211928969217,香港事业部,NFT00.002551,溢利食品(香港)有限公司,溢利,分销业务冻品水产部销售部,凌靖翔,中國紅布腸|20KG,1,20,千克,490,,,14762936,已登记,2026-06-11 00:00:00,2026-06-10 14:37:06,1300114011,1300114,熟食,批發-飛機,490
2558653889840676869,香港事业部,NFT00.000229,駿利貿易公司,駿利,分销业务冻品水产部销售部,张淑燕,遼寧欣城雞翅尖IQF|10KG,1,10,千克,97,,,14762774,已登记,2026-06-11 00:00:00,2026-06-10 12:42:00,1300627002,1300627,翅尖,批發-飛機,97
2558623833668452360,香港事业部,NFT00.000230,恆輝貿易公司,恆輝,分销业务冻品水产部销售部,凌靖翔,河南去皮上腿肉|12KG,8,96,千克,1516.8,,,14762722,已登记,2026-06-11 00:00:00,2026-06-10 11:43:41,1300609001,1300609,去皮上腿肉,批發-飛機,1516.8
2558614573710049284,香港事业部,NFT00.000774,新昌,新昌,分销业务冻品水产部,张淑燕,遼寧欣城帶骨雞全腿 300-320G|15KG,2,30,千克,1159.43,,,14762706,已登记,2026-06-11 00:00:00,2026-06-10 11:25:43,1300603041,1300603,帶骨全腿,凍肉店,1159.43
2558614573710049284,香港事业部,NFT00.000774,新昌,新昌,分销业务冻品水产部,张淑燕,遼寧欣城小雞胸肉 IQF|10KG,1,10,千克,1159.43,,,14762706,已登记,2026-06-11 00:00:00,2026-06-10 11:25:43,1300613017,1300613,小胸肉,凍肉店,0
2558614573710049284,香港事业部,NFT00.000774,新昌,新昌,分销业务冻品水产部,张淑燕,遼寧銘川帶皮腿扒|15KG (300克+/塊),3,45,千克,1159.43,,,14762706,已登记,2026-06-11 00:00:00,2026-06-10 11:25:43,1300607015,1300607,帶皮腿扒,凍肉店,0
2558612666753482761,香港事业部,NFT00.003074,信隆(亞洲)有限公司,信隆,分销业务冻品水产部销售部,谭小君,金鷹面精肉|25KG,4,100,千克,3306.6,,,14762701,已登记,2026-06-11 00:00:00,2026-06-10 11:22:02,1300109002,1300109,面精肉,批發-加工,3306.6
2558606215703691264,香港事业部,NFT00.000385,誠信凍肉有限公司,誠信,分销业务冻品水产部销售部,李华兴,遼寧欣城帶骨雞全腿 280-300G|15KG,3,45,千克,565.65,,,14762211,已登记,2026-06-10 00:00:00,2026-06-10 11:09:30,1300603040,1300603,帶骨全腿,凍肉店,565.65
2558576442990395399,香港事业部,NFT00.002547,先進食品國際有限公司,先進,分销业务冻品水产部销售部,岑美玉,高峰四號肉 25KG,2,50,千克,990,,,14762159,已登记,2026-06-11 00:00:00,2026-06-10 10:11:45,1300104005,1300104,四號肉,批發-加工,990
2557874911614861318,香港事业部,NFT00.000230,恆輝貿易公司,恆輝,分销业务冻品水产部销售部,凌靖翔,河南去皮上腿肉|12KG,10,120,千克,1896,,,14761644,已登记,2026-06-10 00:00:00,2026-06-09 11:30:35,1300609001,1300609,去皮上腿肉,批發-飛機,1896
2557866630935216133,香港事业部,NFT00.000774,新昌,新昌,分销业务冻品水产部,张淑燕,至尊梅肉|25KG,1,25,千克,1973.98,,,14761035,已登记,2026-06-10 00:00:00,2026-06-09 11:14:31,1300101043,1300101,一號肉,凍肉店,1973.98
2557866630935216133,香港事业部,NFT00.000774,新昌,新昌,分销业务冻品水产部,张淑燕,遼寧欣城帶骨雞全腿 300-320G|15KG,2,30,千克,1973.98,,,14761035,已登记,2026-06-10 00:00:00,2026-06-09 11:14:31,1300603041,1300603,帶骨全腿,凍肉店,0
2557866630935216133,香港事业部,NFT00.000774,新昌,新昌,分销业务冻品水产部,张淑燕,遼寧銘川帶皮腿扒|15KG (300克+/塊),3,45,千克,1973.98,,,14761035,已登记,2026-06-10 00:00:00,2026-06-09 11:14:31,1300607015,1300607,帶皮腿扒,凍肉店,0
2557854072450842628,香港事业部,NFT00.000140,聯合林記食品有限公司,聯合林記,分销业务冻品水产部销售部,莫艺生,遼寧嘉士德帶骨雞全腿 160-180G|15KG,5,75,千克,1178.35,,,14760965,已登记,2026-06-09 00:00:00,2026-06-09 10:50:09,1300603095,1300603,帶骨全腿,批發-加工,1178.35
2557851512650334217,香港事业部,NFT00.000116,新協興凍肉食品公司,新協興,分销业务冻品水产部销售部,凌靖翔,金鷹面精肉|25KG,2,50,千克,1653.3,,,14760963,已登记,2026-06-09 00:00:00,2026-06-09 10:45:12,1300109002,1300109,面精肉,批發-加工,1653.3
2557829994846879748,香港事业部,NFT00.000168,明記凍肉,明記,分销业务冻品水产部销售部,凌靖翔,遼寧欣城雞翅尖IQF|10KG,1,10,千克,97,,,14760540,已登记,2026-06-09 00:00:00,2026-06-09 10:03:28,1300627002,1300627,翅尖,凍肉店,97
2557829058544009221,香港事业部,NFT00.000230,恆輝貿易公司,恆輝,分销业务冻品水产部销售部,凌靖翔,遼寧欣城帶皮腿扒|15KG (250-300/塊),1,15,千克,221.7,,,14760921,已登记,2026-06-09 00:00:00,2026-06-09 10:01:37,1300607016,1300607,帶皮腿扒,批發-飛機,221.7
2557808365391577096,香港事业部,NFT00.000230,恆輝貿易公司,恆輝,分销业务冻品水产部销售部,凌靖翔,遼寧銘川帶皮腿扒|15KG (300克+/塊),2,30,千克,443.4,,,14760859,已登记,2026-06-09 00:00:00,2026-06-09 09:21:28,1300607015,1300607,帶皮腿扒,批發-飛機,443.4
2557804903665238025,香港事业部,15MYKD.80036688,美亞食品貿易有限公司,美亞,分销业务冻品水产部销售部,许至邦,遼寧欣城帶皮腿扒|15KG (250-300/塊),30,450,千克,6651,,,14760870,已登记,2026-06-11 00:00:00,2026-06-09 09:14:47,1300607016,1300607,帶皮腿扒,批發-加工,6651
2557266409238298633,香港事业部,NFT00.000230,恆輝貿易公司,恆輝,分销业务冻品水产部销售部,凌靖翔,遼寧銘川帶皮腿扒|15KG (300克+/塊),1,15,千克,221.7,,,14760710,已登记,2026-06-09 00:00:00,2026-06-08 15:49:56,1300607015,1300607,帶皮腿扒,批發-飛機,221.7
2557247872176750601,香港事业部,NFT00.000230,恆輝貿易公司,恆輝,分销业务冻品水产部销售部,凌靖翔,遼寧盛佳康帶骨雞全腿 260-280G|15KG,2,30,千克,423.3,,,14760684,已登记,2026-06-09 00:00:00,2026-06-08 15:13:59,1300603106,1300603,帶骨全腿,批發-飛機,423.3
2557242262949462019,香港事业部,NFT00.000230,恆輝貿易公司,恆輝,分销业务冻品水产部销售部,凌靖翔,金鷹寸骨|10KG (1K*10包),1,10,千克,520,,,14760265,已登记,2026-06-09 00:00:00,2026-06-08 15:03:05,1300111003,1300111,寸骨,批發-飛機,520
2557207104329875457,香港事业部,NFT00.000774,新昌,新昌,分销业务冻品水产部,张淑燕,遼寧欣城帶骨雞全腿 300-320G|15KG,2,30,千克,2379.88,,,14760157,已登记,2026-06-09 00:00:00,2026-06-08 13:54:53,1300603041,1300603,帶骨全腿,凍肉店,2379.88
2557207104329875457,香港事业部,NFT00.000774,新昌,新昌,分销业务冻品水产部,张淑燕,金鷹寸骨|10KG (1K*10包),1,10,千克,2379.88,,,14760157,已登记,2026-06-09 00:00:00,2026-06-08 13:54:53,1300111003,1300111,寸骨,凍肉店,0
2557207104329875457,香港事业部,NFT00.000774,新昌,新昌,分销业务冻品水产部,张淑燕,金鷹面精肉|25KG,1,25,千克,2379.88,,,14760157,已登记,2026-06-09 00:00:00,2026-06-08 13:54:53,1300109002,1300109,面精肉,凍肉店,0
2557207104329875457,香港事业部,NFT00.000774,新昌,新昌,分销业务冻品水产部,张淑燕,遼寧銘川帶皮腿扒|15KG (300克+/塊),3,45,千克,2379.88,,,14760157,已登记,2026-06-09 00:00:00,2026-06-08 13:54:53,1300607015,1300607,帶皮腿扒,凍肉店,0
2557132208690167809,香港事业部,NFT00.002551,溢利食品(香港)有限公司,溢利,分销业务冻品水产部销售部,凌靖翔,中國紅布腸|20KG,2,40,千克,980,,,14760092,已登记,2026-06-09 00:00:00,2026-06-08 11:29:33,1300114011,1300114,熟食,批發-飛機,980
2557099077312446466,香港事业部,15MYKD.80036688,美亞食品貿易有限公司,美亞,分销业务冻品水产部销售部,许至邦,高峰法式羊排 8 支骨|20KG,5,100,千克,9504,,,14759273,已登记,2026-06-09 00:00:00,2026-06-08 10:25:17,1300501020,1300501,羊排,批發-加工,9504
2557095546866630662,香港事业部,NFT00.002547,先進食品國際有限公司,先進,分销业务冻品水产部销售部,岑美玉,高峰四號肉 25KG,2,50,千克,990,,,14760024,已登记,2026-06-09 00:00:00,2026-06-08 10:18:25,1300104005,1300104,四號肉,批發-加工,990
2557074716275245057,香港事业部,NFT00.000230,恆輝貿易公司,恆輝,分销业务冻品水产部销售部,凌靖翔,遼寧銘川帶皮腿扒|15KG (250克+/塊),2,30,千克,443.4,,,14759180,已登记,2026-06-08 00:00:00,2026-06-08 09:38:02,1300607014,1300607,帶皮腿扒,批發-飛機,443.4
2555659893918400514,香港事业部,NFT00.000229,駿利貿易公司,駿利,分销业务冻品水产部销售部,张淑燕,遼寧欣城小雞胸肉 IQF|10KG,2,20,千克,242,,,14759833,已登记,2026-06-08 00:00:00,2026-06-06 11:52:53,1300613017,1300613,小胸肉,批發-飛機,242
2555659198133698569,香港事业部,NFT00.000229,駿利貿易公司,駿利,分销业务冻品水产部销售部,张淑燕,遼寧欣城雞翅尖IQF|10KG,1,10,千克,97,,,14758896,已登记,2026-06-08 00:00:00,2026-06-06 11:51:32,1300627002,1300627,翅尖,批發-飛機,97
2555652858744668163,香港事业部,NFT00.000230,恆輝貿易公司,恆輝,分销业务冻品水产部销售部,凌靖翔,華英帶骨鴨腿|10KG (260-280G/只),1,10,千克,553.3,,,14759936,已登记,2026-06-08 00:00:00,2026-06-06 11:39:15,1300902006,1300902,帶骨整腿,批發-飛機,553.3
2555652858744668163,香港事业部,NFT00.000230,恆輝貿易公司,恆輝,分销业务冻品水产部销售部,凌靖翔,遼寧盛佳康帶骨雞全腿 260-280G|15KG,2,30,千克,553.3,,,14759936,已登记,2026-06-08 00:00:00,2026-06-06 11:39:15,1300603106,1300603,帶骨全腿,批發-飛機,0
2555644320366985222,香港事业部,NFT00.000230,恆輝貿易公司,恆輝,分销业务冻品水产部销售部,凌靖翔,金鷹面精肉|25KG,7,175,千克,5845,,,14759823,已登记,2026-06-08 00:00:00,2026-06-06 11:22:41,1300109002,1300109,面精肉,批發-飛機,5845
2555608577649147911,香港事业部,NFT00.000168,明記凍肉,明記,分销业务冻品水产部销售部,凌靖翔,遼寧欣城雞翅尖IQF|10KG,1,10,千克,97,,,14759810,已登记,2026-06-06 00:00:00,2026-06-06 10:13:19,1300627002,1300627,翅尖,凍肉店,97
2555605476682760201,香港事业部,NFT00.000230,恆輝貿易公司,恆輝,分销业务冻品水产部销售部,凌靖翔,河南去皮上腿肉|12KG,10,120,千克,1896,,,14758868,已登记,2026-06-06 00:00:00,2026-06-06 10:07:18,1300609001,1300609,去皮上腿肉,批發-飛機,1896
2555575300225236993,香港事业部,NFT00.000230,恆輝貿易公司,恆輝,分销业务冻品水产部销售部,凌靖翔,河南去皮上腿肉|12KG,2,24,千克,379.2,,,14758869,已登记,2026-06-06 00:00:00,2026-06-06 09:08:46,1300609001,1300609,去皮上腿肉,批發-飛機,379.2
2555056932049649670,香港事业部,NFT00.000230,恆輝貿易公司,恆輝,分销业务冻品水产部销售部,凌靖翔,遼寧銘川帶皮腿扒|15KG (300克+/塊),1,15,千克,221.7,,,14758729,已登记,2026-06-06 00:00:00,2026-06-05 16:23:00,1300607015,1300607,帶皮腿扒,批發-飛機,221.7
2554995187582500871,香港事业部,NFT00.000774,新昌,新昌,分销业务冻品水产部,张淑燕,至尊梅肉|25KG,1,25,千克,1987.2,,,14758395,已登记,2026-06-08 00:00:00,2026-06-05 14:23:11,1300101043,1300101,一號肉,凍肉店,1987.2
2554995187582500871,香港事业部,NFT00.000774,新昌,新昌,分销业务冻品水产部,张淑燕,遼寧欣城帶骨雞全腿 300-320G|15KG,2,30,千克,1987.2,,,14758395,已登记,2026-06-08 00:00:00,2026-06-05 14:23:11,1300603041,1300603,帶骨全腿,凍肉店,0
2554995187582500871,香港事业部,NFT00.000774,新昌,新昌,分销业务冻品水产部,张淑燕,遼寧銘川帶皮腿扒|15KG (300克+/塊),3,45,千克,1987.2,,,14758395,已登记,2026-06-08 00:00:00,2026-06-05 14:23:11,1300607015,1300607,帶皮腿扒,凍肉店,0
2554993856142639113,香港事业部,NFT00.000774,新昌,新昌,分销业务冻品水产部,张淑燕,金鷹面精肉|25KG,1,25,千克,2445.1,,,14758389,已登记,2026-06-06 00:00:00,2026-06-05 14:20:37,1300109002,1300109,面精肉,凍肉店,2445.1
2554993856142639113,香港事业部,NFT00.000774,新昌,新昌,分销业务冻品水产部,张淑燕,至尊梅肉|25KG,1,25,千克,2445.1,,,14758389,已登记,2026-06-06 00:00:00,2026-06-05 14:20:37,1300101043,1300101,一號肉,凍肉店,0
2554993856142639113,香港事业部,NFT00.000774,新昌,新昌,分销业务冻品水产部,张淑燕,遼寧銘川帶皮腿扒|15KG (300克+/塊),3,45,千克,2445.1,,,14758389,已登记,2026-06-06 00:00:00,2026-06-05 14:20:37,1300607015,1300607,帶皮腿扒,凍肉店,0
2554984390052020243,香港事业部,NFT00.000385,誠信凍肉有限公司,誠信,分销业务冻品水产部销售部,李华兴,山東鴨胸肉|10KG(200-220克/塊),1,10,千克,132,,,14758623,已登记,2026-06-05 00:00:00,2026-06-05 14:02:14,1300903005,1300903,生鴨胸,凍肉店,132
2554936698717863939,香港事业部,NFT00.000385,誠信凍肉有限公司,誠信,分销业务冻品水产部销售部,李华兴,山東鴨胸肉|10KG(220-240克/塊),1,10,千克,132,,,14758564,已关闭,2026-06-05 00:00:00,2026-06-05 12:29:43,1300903006,1300903,生鴨胸,凍肉店,132
2554923229717725187,香港事业部,NFT00.003035,三寶食品集團有限公司,三寶,分销业务冻品水产部销售部,黄佩连,遼寧欣城小雞胸肉|12KG (2KG*6),15,180,千克,2106,,,14757539,已登记,2026-06-05 00:00:00,2026-06-05 12:03:35,1300613016,1300613,小胸肉,批發-飛機,2106
2554892469144649731,香港事业部,15MYKD.KSH05,佳城興業有限公司火炭,佳城興業,分销业务冻品水产部销售部,岑美玉,高峰四號肉 25KG,4,100,千克,1980,,,14757465,已登记,2026-06-06 00:00:00,2026-06-05 11:03:53,1300104005,1300104,四號肉,批發-加工,1980
2554888277256568836,香港事业部,NFT00.002547,先進食品國際有限公司,先進,分销业务冻品水产部销售部,岑美玉,高峰四號肉 25KG,2,50,千克,990,,,14758196,已登记,2026-06-06 00:00:00,2026-06-05 10:55:46,1300104005,1300104,四號肉,批發-加工,990
2554851718494945283,香港事业部,NFT00.000229,駿利貿易公司,駿利,分销业务冻品水产部销售部,张淑燕,金鷹寸骨|10KG (1K*10包),1,10,千克,520,,,14758142,已登记,2026-06-05 00:00:00,2026-06-05 09:44:49,1300111003,1300111,寸骨,批發-飛機,520
2554849768579792903,香港事业部,NFT00.000230,恆輝貿易公司,恆輝,分销业务冻品水产部销售部,凌靖翔,遼寧欣城帶骨雞全腿 280-300G|15KG,1,15,千克,188.55,,,14758141,已登记,2026-06-05 00:00:00,2026-06-05 09:41:02,1300603040,1300603,帶骨全腿,批發-飛機,188.55
2554819755348328453,香港事业部,NFT00.000230,恆輝貿易公司,恆輝,分销业务冻品水产部销售部,凌靖翔,高峰法式羊排 12 支骨|20KG,1,20,千克,1640,,,14757248,已登记,2026-06-05 00:00:00,2026-06-05 08:42:50,1300501019,1300501,羊排,批發-飛機,1640
2554305931248140290,香港事业部,NFT00.000230,恆輝貿易公司,恆輝,分销业务冻品水产部销售部,凌靖翔,河南去皮上腿肉|12KG,2,24,千克,379.2,,,14758053,已登记,2026-06-05 00:00:00,2026-06-04 16:05:52,1300609001,1300609,去皮上腿肉,批發-飛機,379.2
2554185843962544131,香港事业部,NFT00.000229,駿利貿易公司,駿利,分销业务冻品水产部销售部,张淑燕,遼寧欣城雞翅尖IQF|10KG,1,10,千克,97,,,14756907,已登记,2026-06-05 00:00:00,2026-06-04 12:12:51,1300627002,1300627,翅尖,批發-飛機,97
2554173568928710660,香港事业部,NFT00.000357,三明有限公司,三明,分销业务冻品水产部销售部,张淑燕,金鷹寸骨|10KG (1K*10包),3,30,千克,1455,,,14756895,已登记,2026-06-04 00:00:00,2026-06-04 11:49:03,1300111003,1300111,寸骨,批發-飛機,1455
2554110338437480450,香港事业部,NFT00.001901,福偉集團有限公司,福偉,分销业务冻品水产部销售部,谭小君,中國金鯧魚(200-300G)|10KG(黃帶),2,20,千克,716,,,14755485,已登记,2026-06-04 00:00:00,2026-06-04 09:46:22,1800108098,1800108,魚.其他,批發-加工,716
2554104686243217417,香港事业部,NFT00.000230,恆輝貿易公司,恆輝,分销业务冻品水产部销售部,凌靖翔,河南去皮上腿肉|12KG,3,36,千克,568.8,,,14756731,已登记,2026-06-04 00:00:00,2026-06-04 09:35:24,1300609001,1300609,去皮上腿肉,批發-飛機,568.8
2554097805722910727,香港事业部,NFT00.000230,恆輝貿易公司,恆輝,分销业务冻品水产部销售部,凌靖翔,河南去皮上腿肉|12KG,3,36,千克,568.8,,,14755424,已登记,2026-06-04 00:00:00,2026-06-04 09:22:02,1300609001,1300609,去皮上腿肉,批發-飛機,568.8
2554097384798814213,香港事业部,NFT00.003501,明記海鮮食品有限公司,明記海鮮,分销业务冻品水产部销售部,许至邦,金鷹寸骨|10KG (1K*10包),1,10,千克,485,,,14755422,已登记,2026-06-05 00:00:00,2026-06-04 09:21:14,1300111003,1300111,寸骨,批發-加工,485
2553552284746776579,香港事业部,NFT00.000230,恆輝貿易公司,恆輝,分销业务冻品水产部销售部,凌靖翔,遼寧銘川帶皮腿扒|15KG (300克+/塊),4,60,千克,886.8,,,14756616,已登记,2026-06-04 00:00:00,2026-06-03 15:43:35,1300607015,1300607,帶皮腿扒,批發-飛機,886.8
2553519831956586502,香港事业部,NFT00.000091,恆昌凍肉食品有限公司,恆昌,分销业务冻品水产部销售部,谭小君,高峰網裝羊肩卷肉| 18KG,5,90,千克,7200,,,14755266,已登记,2026-06-03 00:00:00,2026-06-03 14:40:37,1300503009,1300503,羊肩卷肉,批發-加工,7200
2553505237675016193,香港事业部,NFT00.002547,先進食品國際有限公司,先進,分销业务冻品水产部销售部,岑美玉,高峰法式羊排 8 支骨|20KG,10,200,千克,18600,,,14756530,已登记,2026-06-04 00:00:00,2026-06-03 14:12:20,1300501020,1300501,羊排,批發-加工,18600
2553462665959178242,香港事业部,NFT00.000774,新昌,新昌,分销业务冻品水产部,张淑燕,至尊梅肉|25KG,1,25,千克,1610.1,,,14755194,已登记,2026-06-04 00:00:00,2026-06-03 12:49:43,1300101043,1300101,一號肉,凍肉店,1610.1
2553462665959178242,香港事业部,NFT00.000774,新昌,新昌,分销业务冻品水产部,张淑燕,遼寧銘川帶皮腿扒|15KG (300克+/塊),3,45,千克,1610.1,,,14755194,已登记,2026-06-04 00:00:00,2026-06-03 12:49:43,1300607015,1300607,帶皮腿扒,凍肉店,0
2553450536971534341,香港事业部,NFT00.001511,福永行貿易有限公司,福永行,分销业务冻品水产部销售部,岑美玉,中國金鯧魚(200-300G)|10KG(藍帶),2,20,千克,660,,,14756417,已关闭,2026-06-04 00:00:00,2026-06-03 12:26:10,1800108095,1800108,魚.其他,批發-加工,660
2553430926150860806,香港事业部,NFT00.003074,信隆(亞洲)有限公司,信隆,分销业务冻品水产部销售部,谭小君,高峰法式羊排 8 支骨|20KG,15,300,千克,27900,,,14755164,已登记,2026-06-04 00:00:00,2026-06-03 11:48:07,1300501020,1300501,羊排,批發-加工,27900
2553429551761326089,香港事业部,NFT00.003074,信隆(亞洲)有限公司,信隆,分销业务冻品水产部销售部,谭小君,華英煙熏鴨胸肉|10KG (240-260G/塊)日文包裝,15,150,千克,3120,,,14756358,已登记,2026-06-04 00:00:00,2026-06-03 11:45:27,1300904024,1300904,煙熏鴨胸,批發-加工,3120
2553399821997703171,香港事业部,NFT00.000229,駿利貿易公司,駿利,分销业务冻品水产部销售部,张淑燕,遼寧欣城小雞胸肉|12KG (2KG*6),1,12,千克,141.6,,,14755113,已登记,2026-06-03 00:00:00,2026-06-03 10:47:46,1300613016,1300613,小胸肉,批發-飛機,141.6
2553383982158315524,香港事业部,NFT00.000229,駿利貿易公司,駿利,分销业务冻品水产部销售部,张淑燕,金鷹寸骨|10KG (1K*10包),1,10,千克,520,,,14756175,已登记,2026-06-03 00:00:00,2026-06-03 10:17:03,1300111003,1300111,寸骨,批發-飛機,520
2553383088787816449,香港事业部,NFT00.000168,明記凍肉,明記,分销业务冻品水产部销售部,凌靖翔,遼寧欣城雞翅尖IQF|10KG,1,10,千克,97,,,14756181,已关闭,2026-06-03 00:00:00,2026-06-03 10:15:19,1300627002,1300627,翅尖,凍肉店,97
2553370152346320903,香港事业部,NFT00.000270,永進食品有限公司,永進,分销业务冻品水产部销售部,许至邦,華王樂雞肉腸｜10.88KG(340.2g*32),5,160,包,1104,,,14756173,已登记,2026-06-03 00:00:00,2026-06-03 09:50:12,1310501001,1310501,腸類.雞肉腸,批發-飛機,1104
2553334151947747328,香港事业部,NFT00.000230,恆輝貿易公司,恆輝,分销业务冻品水产部销售部,凌靖翔,遼寧銘川帶皮腿扒|15KG (300克+/塊),7,105,千克,1551.9,,,14756041,已登记,2026-06-03 00:00:00,2026-06-03 08:40:24,1300607015,1300607,帶皮腿扒,批發-飛機,1551.9
2552813095088029703,香港事业部,#N/A,華潤膳食管理部,#N/A,分销业务销售发展部销售部,黎文欣,高富牌特級珍珠米(綠袋)|25KG,5,5,包,1025,,,14755797,已登记,2026-06-05 00:00:00,2026-06-02 15:49:23,#N/A,#N/A,#N/A,,1025
2552772688053010436,香港事业部,NFT00.000230,恆輝貿易公司,恆輝,分销业务冻品水产部销售部,凌靖翔,遼寧欣城帶骨雞全腿 240-260G|15KG,2,30,千克,450,,,14754956,已登记,2026-06-03 00:00:00,2026-06-02 14:30:58,1300603038,1300603,帶骨全腿,批發-飛機,450
2552688987713044488,香港事业部,NFT00.002551,溢利食品(香港)有限公司,溢利,分销业务冻品水产部销售部,凌靖翔,中國紅布腸|20KG,2,40,千克,980,,,14753466,已登记,2026-06-03 00:00:00,2026-06-02 11:48:34,1300114011,1300114,熟食,批發-飛機,980
2552643710185111560,香港事业部,NFT00.000185,萬駿貿易公司,萬駿,分销业务冻品水产部销售部,岑美玉,中國梅肉|25KG,10,250,千克,6500,,,14754661,已登记,2026-06-02 00:00:00,2026-06-02 10:20:44,1300101040,1300101,一號肉,批發-加工,6500
2552639037260693511,香港事业部,NFT00.000168,明記凍肉,明記,分销业务冻品水产部销售部,凌靖翔,山東鴨胸肉|10KG(220-240克/塊),1,10,千克,132,,,14754655,已关闭,2026-06-02 00:00:00,2026-06-02 10:11:40,1300903006,1300903,生鴨胸,凍肉店,132
2552134309866635265,香港事业部,NFT00.000230,恆輝貿易公司,恆輝,分销业务冻品水产部销售部,凌靖翔,金鷹梅肉|25KG,1,25,千克,840,,,14753256,已登记,2026-06-02 00:00:00,2026-06-01 17:52:22,1300101018,1300101,一號肉,批發-飛機,840
2552131698543820806,香港事业部,NFT00.001511,福永行貿易有限公司,福永行,分销业务冻品水产部销售部,岑美玉,中國金鯧魚(200-300G)|10KG(藍帶),1,10,千克,330,,,14754326,已关闭,2026-06-02 00:00:00,2026-06-01 17:47:18,1800108095,1800108,魚.其他,批發-加工,330
2552045172132675584,香港事业部,NFT00.000230,恆輝貿易公司,恆輝,分销业务冻品水产部销售部,凌靖翔,金鷹寸骨|10KG (1K*10包),1,10,千克,520,,,14754177,已登记,2026-06-02 00:00:00,2026-06-01 14:59:24,1300111003,1300111,寸骨,批發-飛機,520
2551951327097257989,香港事业部,NFT00.000385,誠信凍肉有限公司,誠信,分销业务冻品水产部销售部,李华兴,金鷹面精肉|25KG,2,50,千克,1630,,,14753939,已登记,2026-06-01 00:00:00,2026-06-01 11:57:20,1300109002,1300109,面精肉,凍肉店,1630
2551944197434245127,香港事业部,NFT00.000881,明興食品有限公司(元朗),明興,分销业务冻品水产部销售部,许至邦,金鷹面精肉|25KG,5,125,千克,4075,,,14752993,已登记,2026-06-02 00:00:00,2026-06-01 11:43:30,1300109002,1300109,面精肉,批發-加工,4075
2551923719047479304,香港事业部,NFT00.000774,新昌,新昌,分销业务冻品水产部,张淑燕,金鷹面精肉|25KG,1,25,千克,2000.1,,,14752954,已登记,2026-06-02 00:00:00,2026-06-01 11:03:45,1300109002,1300109,面精肉,凍肉店,2000.1
2551923719047479304,香港事业部,NFT00.000774,新昌,新昌,分销业务冻品水产部,张淑燕,金鷹寸骨|10KG (1K*10包),1,10,千克,2000.1,,,14752954,已登记,2026-06-02 00:00:00,2026-06-01 11:03:45,1300111003,1300111,寸骨,凍肉店,0
2551923719047479304,香港事业部,NFT00.000774,新昌,新昌,分销业务冻品水产部,张淑燕,遼寧銘川帶皮腿扒|15KG (300克+/塊),3,45,千克,2000.1,,,14752954,已登记,2026-06-02 00:00:00,2026-06-01 11:03:45,1300607015,1300607,帶皮腿扒,凍肉店,0
2551915859240026115,香港事业部,NFT00.001991,昭楠貿易有限公司,昭楠,分销业务冻品水产部销售部,莫艺生,河南去皮上腿肉|12KG,20,240,千克,3768,,,14752957,已登记,2026-06-01 00:00:00,2026-06-01 10:48:30,1300609001,1300609,去皮上腿肉,批發-飛機,3768
2551911306591993856,香港事业部,NFT00.000116,新協興凍肉食品公司,新協興,分销业务冻品水产部销售部,凌靖翔,河南去皮上腿肉|12KG,5,60,千克,942,,,14752959,已登记,2026-06-01 00:00:00,2026-06-01 10:39:39,1300609001,1300609,去皮上腿肉,批發-加工,942
2551911272232255489,香港事业部,NFT00.000116,新協興凍肉食品公司,新協興,分销业务冻品水产部销售部,凌靖翔,河南去皮上腿肉|12KG,5,60,千克,942,,,14752958,已登记,2026-06-01 00:00:00,2026-06-01 10:39:37,1300609001,1300609,去皮上腿肉,批發-加工,942
2551908832690831362,香港事业部,NFT00.003177,翎凰凍肉有限公司,翎凰,分销业务冻品水产部销售部,凌靖翔,金鷹面精肉|25KG,5,125,千克,4075,,,14753755,已登记,2026-06-02 00:00:00,2026-06-01 10:34:52,1300109002,1300109,面精肉,批發-加工,4075
2551908282935017480,香港事业部,NFT00.000337,新城發食品有限公司,新城發,分销业务冻品水产部销售部,许至邦,金鷹面精肉|25KG,4,100,千克,3260,,,14753752,已登记,2026-06-02 00:00:00,2026-06-01 10:33:49,1300109002,1300109,面精肉,批發-加工,3260
2551905920685703171,香港事业部,NFT00.000168,明記凍肉,明記,分销业务冻品水产部销售部,凌靖翔,遼寧欣城琵琶腿130-150G|10KG(5KG*2),1,10,千克,229,,,14752924,已登记,2026-06-01 00:00:00,2026-06-01 10:29:12,1300624103,1300624,琵琶腿,凍肉店,229
2551905920685703171,香港事业部,NFT00.000168,明記凍肉,明記,分销业务冻品水产部销售部,凌靖翔,遼寧欣城雞翅尖IQF|10KG,1,10,千克,229,,,14752924,已登记,2026-06-01 00:00:00,2026-06-01 10:29:12,1300627002,1300627,翅尖,凍肉店,0
2551905628627927046,香港事业部,NFT00.000362,三興行貿易有限公司,三興行,分销业务冻品水产部销售部,凌靖翔,金鷹面精肉|25KG,10,250,千克,8150,,,14753747,已登记,2026-06-01 00:00:00,2026-06-01 10:28:39,1300109002,1300109,面精肉,批發-加工,8150
2551905319390281730,香港事业部,NFT00.000168,明記凍肉,明記,分销业务冻品水产部销售部,凌靖翔,金鷹面精肉|25KG,1,25,千克,815,,,14753745,已登记,2026-06-01 00:00:00,2026-06-01 10:28:04,1300109002,1300109,面精肉,凍肉店,815
2551896884091813888,香港事业部,NFT00.000140,聯合林記食品有限公司,聯合林記,分销业务冻品水产部销售部,莫艺生,河南去皮上腿肉|12KG,20,240,千克,3768,,,14752913,已登记,2026-06-01 00:00:00,2026-06-01 10:11:43,1300609001,1300609,去皮上腿肉,批發-加工,3768
2551884720727130118,香港事业部,NFT00.000230,恆輝貿易公司,恆輝,分销业务冻品水产部销售部,凌靖翔,河南去皮上腿肉|12KG,3,36,千克,565.2,,,14753696,已登记,2026-06-01 00:00:00,2026-06-01 09:48:06,1300609001,1300609,去皮上腿肉,批發-飛機,565.2
2551873837280002051,香港事业部,NFT00.000230,恆輝貿易公司,恆輝,分销业务冻品水产部销售部,凌靖翔,遼寧銘川帶皮腿扒|15KG (250克+/塊),12,180,千克,2660.4,,,14753621,已登记,2026-06-01 00:00:00,2026-06-01 09:26:58,1300607014,1300607,帶皮腿扒,批發-飛機,2660.4
2550455347038388226,香港事业部,NFT00.000230,恆輝貿易公司,恆輝,分销业务冻品水产部销售部,凌靖翔,河南去皮上腿肉|12KG,8,96,千克,1738.5,,,14752627,已登记,2026-06-01 00:00:00,2026-05-30 11:34:45,1300609001,1300609,去皮上腿肉,批發-飛機,1738.5
2550455347038388226,香港事业部,NFT00.000230,恆輝貿易公司,恆輝,分销业务冻品水产部销售部,凌靖翔,遼寧銘川帶皮腿扒|15KG (250克+/塊),1,15,千克,1738.5,,,14752627,已登记,2026-06-01 00:00:00,2026-05-30 11:34:45,1300607014,1300607,帶皮腿扒,批發-飛機,0
2550435607351394311,香港事业部,NFT00.000230,恆輝貿易公司,恆輝,分销业务冻品水产部销售部,凌靖翔,金鷹面精肉|25KG,2,50,千克,1670,,,14751442,已登记,2026-06-01 00:00:00,2026-05-30 10:56:24,1300109002,1300109,面精肉,批發-飛機,1670
2550435555811786755,香港事业部,NFT00.000135,同榮泰凍肉食品有限公司,同榮泰,分销业务冻品水产部销售部,李华兴,金鷹面精肉|25KG,5,125,千克,4175,,,14752619,已登记,2026-06-01 00:00:00,2026-05-30 10:56:21,1300109002,1300109,面精肉,批發-加工,4175
2550408549057429506,香港事业部,NFT00.000168,明記凍肉,明記,分销业务冻品水产部销售部,凌靖翔,遼寧欣城琵琶腿130-150G|10KG(5KG*2),1,10,千克,132,,,14751405,已登记,2026-05-30 00:00:00,2026-05-30 10:03:57,1300624103,1300624,琵琶腿,凍肉店,132
2550402029314375687,香港事业部,NFT00.000169,福源食品有限公司,福源,分销业务冻品水产部销售部,罗展勤,遼寧銘川帶皮腿扒|15KG (300克+/塊),5,75,千克,1108.5,,,14752573,已登记,2026-05-30 00:00:00,2026-05-30 09:51:19,1300607015,1300607,帶皮腿扒,批發-加工,1108.5
2549819502882717700,香港事业部,NFT00.000230,恆輝貿易公司,恆輝,分销业务冻品水产部销售部,凌靖翔,金鷹寸骨|10KG (1K*10包),1,10,千克,520,,,14751281,已登记,2026-05-30 00:00:00,2026-05-29 15:01:02,1300111003,1300111,寸骨,批發-飛機,520
2549796851242500103,香港事业部,NFT00.000230,恆輝貿易公司,恆輝,分销业务冻品水产部销售部,凌靖翔,遼寧銘川帶皮腿扒|15KG (300克+/塊),1,15,千克,221.7,,,14752012,已登记,2026-05-30 00:00:00,2026-05-29 14:17:06,1300607015,1300607,帶皮腿扒,批發-飛機,221.7
2549757045485600774,香港事业部,NFT00.000229,駿利貿易公司,駿利,分销业务冻品水产部销售部,张淑燕,遼寧欣城雞翅尖IQF|10KG,1,10,千克,97,,,14751086,已登记,2026-05-30 00:00:00,2026-05-29 12:59:52,1300627002,1300627,翅尖,批發-飛機,97
2549005391831760904,香港事业部,NFT00.002551,溢利食品(香港)有限公司,溢利,分销业务冻品水产部销售部,凌靖翔,中國紅布腸|20KG,2,40,千克,980,,,14750461,已登记,2026-05-29 00:00:00,2026-05-28 12:41:28,1300114011,1300114,熟食,批發-飛機,980
2548984209070358535,香港事业部,NFT00.000229,駿利貿易公司,駿利,分销业务冻品水产部销售部,张淑燕,遼寧欣城雞翅尖IQF|10KG,1,10,千克,97,,,14749278,已登记,2026-05-29 00:00:00,2026-05-28 12:00:22,1300627002,1300627,翅尖,批發-飛機,97
2548978127396667401,香港事业部,NFT00.000229,駿利貿易公司,駿利,分销业务冻品水产部销售部,张淑燕,遼寧欣城小雞胸肉 IQF|10KG,2,20,千克,242,,,14750429,已登记,2026-05-29 00:00:00,2026-05-28 11:48:33,1300613017,1300613,小胸肉,批發-飛機,242
2548977122374320132,香港事业部,NFT00.000774,新昌,新昌,分销业务冻品水产部,张淑燕,金鷹寸骨|10KG (1K*10包),1,10,千克,1185.1,,,14750421,已登记,2026-05-29 00:00:00,2026-05-28 11:46:37,1300111003,1300111,寸骨,凍肉店,1185.1
2548977122374320132,香港事业部,NFT00.000774,新昌,新昌,分销业务冻品水产部,张淑燕,遼寧銘川帶皮腿扒|15KG (300克+/塊),3,45,千克,1185.1,,,14750421,已登记,2026-05-29 00:00:00,2026-05-28 11:46:37,1300607015,1300607,帶皮腿扒,凍肉店,0
2548976701467525121,香港事业部,NFT00.000230,恆輝貿易公司,恆輝,分销业务冻品水产部销售部,凌靖翔,河南去皮上腿肉|12KG,8,96,千克,1516.8,,,14750427,已登记,2026-05-29 00:00:00,2026-05-28 11:45:48,1300609001,1300609,去皮上腿肉,批發-飛機,1516.8
2548968326263996419,香港事业部,NFT00.003074,信隆(亞洲)有限公司,信隆,分销业务冻品水产部销售部,谭小君,華英煙熏鴨胸肉|10KG (220-240G/塊)日文包裝,10,100,千克,2080,,,14749239,已登记,2026-05-29 00:00:00,2026-05-28 11:29:32,1300904023,1300904,煙熏鴨胸,批發-加工,2080
2548956515121233925,香港事业部,NFT00.000759,天恆食品有限公司,天恆,分销业务冻品水产部销售部,岑美玉,中國梅肉|25KG,2,50,千克,1300,,,14749198,已登记,2026-05-28 00:00:00,2026-05-28 11:06:38,1300101040,1300101,一號肉,批發-飛機,1300
2548908316998238212,香港事业部,NFT00.000185,萬駿貿易公司,萬駿,分销业务冻品水产部销售部,岑美玉,中國梅肉|25KG,5,125,千克,3250,,,14749102,已登记,2026-05-28 00:00:00,2026-05-28 09:33:07,1300101040,1300101,一號肉,批發-加工,3250
2548907337728393217,香港事业部,NFT00.000169,福源食品有限公司,福源,分销业务冻品水产部销售部,罗展勤,西班牙Ready純鮮蘋果汁(接骨木花)_500ml,1,8,瓶,230,,,14750267,已登记,2026-05-28 00:00:00,2026-05-28 09:31:12,#N/A,#N/A,#N/A,批發-加工,230
2548907337728393217,香港事业部,NFT00.000169,福源食品有限公司,福源,分销业务冻品水产部销售部,罗展勤,西班牙Ready純鮮橙汁含果肉_500ml,1,8,瓶,230,,,14750267,已登记,2026-05-28 00:00:00,2026-05-28 09:31:12,#N/A,#N/A,#N/A,批發-加工,0
2548907019900813321,香港事业部,NFT00.000357,三明有限公司,三明,分销业务冻品水产部销售部,张淑燕,金鷹面精肉|25KG,8,200,千克,6520,,,14750265,已登记,2026-05-28 00:00:00,2026-05-28 09:30:36,1300109002,1300109,面精肉,批發-飛機,6520
2548906358475849731,香港事业部,NFT00.000168,明記凍肉,明記,分销业务冻品水产部销售部,凌靖翔,遼寧欣城琵琶腿130-150G|10KG(10KG*1),1,10,千克,132,,,14750261,已关闭,2026-05-28 00:00:00,2026-05-28 09:29:18,1300624104,1300624,琵琶腿,凍肉店,132
2548900981194096647,香港事业部,NFT00.000168,明記凍肉,明記,分销业务冻品水产部销售部,凌靖翔,遼寧欣城雞翅尖IQF|10KG,2,20,千克,194,,,14749077,已登记,2026-05-28 00:00:00,2026-05-28 09:18:55,1300627002,1300627,翅尖,凍肉店,194
2548416139498618884,香港事业部,NFT00.000140,聯合林記食品有限公司,聯合林記,分销业务冻品水产部销售部,莫艺生,河南去皮上腿肉|12KG,10,120,千克,1884,,,14749047,已登记,2026-05-28 00:00:00,2026-05-27 17:38:10,1300609001,1300609,去皮上腿肉,批發-加工,1884
2548407850229039110,香港事业部,NFT00.000168,明記凍肉,明記,分销业务冻品水产部销售部,凌靖翔,遼寧欣城雞翅尖IQF|10KG,2,20,千克,194,,,14749048,已关闭,2026-05-28 00:00:00,2026-05-27 17:22:05,1300627002,1300627,翅尖,凍肉店,194
2548356765870718978,香港事业部,NFT00.000230,恆輝貿易公司,恆輝,分销业务冻品水产部销售部,凌靖翔,遼寧銘川帶皮腿扒|15KG (300克+/塊),3,45,千克,665.1,,,14748981,已登记,2026-05-28 00:00:00,2026-05-27 15:42:58,1300607015,1300607,帶皮腿扒,批發-飛機,665.1
2548259021004996616,香港事业部,NFT00.003074,信隆(亞洲)有限公司,信隆,分销业务冻品水产部销售部,谭小君,高峰法式羊排 8 支骨|20KG,2,40,千克,3720,,,14749785,已登记,2026-05-28 00:00:00,2026-05-27 12:33:18,1300501020,1300501,羊排,批發-加工,3720
2548214379114921991,香港事业部,NFT00.000185,萬駿貿易公司,萬駿,分销业务冻品水产部销售部,岑美玉,中國紅布腸|20KG,4,80,千克,1872,,,14749610,已登记,2026-05-27 00:00:00,2026-05-27 11:06:42,1300114011,1300114,熟食,批發-加工,1872
2548190275775758344,香港事业部,NFT00.000273,皇品有限公司,皇品,分销业务冻品水产部销售部,凌靖翔,河南華英凍鴨舌(無鬚)|10KG,1,10,千克,950,,,14748529,已登记,2026-05-27 00:00:00,2026-05-27 10:19:56,1300913005,1300913,鴨舌,批發-飛機,950
2548185989381095432,香港事业部,NFT00.000140,聯合林記食品有限公司,聯合林記,分销业务冻品水产部销售部,莫艺生,河南去皮上腿肉|12KG,10,120,千克,1884,,,14748517,已登记,2026-05-27 00:00:00,2026-05-27 10:11:37,1300609001,1300609,去皮上腿肉,批發-加工,1884
2548174538998284290,香港事业部,NFT00.000357,三明有限公司,三明,分销业务冻品水产部销售部,张淑燕,中國紅布腸|20KG,1,20,千克,468,,,14748642,已登记,2026-05-27 00:00:00,2026-05-27 09:49:23,1300114011,1300114,熟食,批發-飛機,468
2548172778078994441,香港事业部,NFT00.000357,三明有限公司,三明,分销业务冻品水产部销售部,张淑燕,高峰法式羊排 8 支骨|20KG,1,20,千克,1860,,,14748458,已登记,2026-05-27 00:00:00,2026-05-27 09:45:59,1300501020,1300501,羊排,批發-飛機,1860
2547491501759266821,香港事业部,NFT00.000169,福源食品有限公司,福源,分销业务冻品水产部销售部,罗展勤,遼寧欣城帶骨雞全腿 280-300G|15KG,5,75,千克,959.25,,,14747033,已登记,2026-05-26 00:00:00,2026-05-26 11:44:07,1300603040,1300603,帶骨全腿,批發-加工,959.25
2547485428675510276,香港事业部,NFT00.000230,恆輝貿易公司,恆輝,分销业务冻品水产部销售部,凌靖翔,遼寧欣城帶骨雞全腿 280-300G|15KG,1,15,千克,191.85,,,14747014,已登记,2026-05-27 00:00:00,2026-05-26 11:32:21,1300603040,1300603,帶骨全腿,批發-飛機,191.85
2547473394177146888,香港事业部,NFT00.000774,新昌,新昌,分销业务冻品水产部,张淑燕,華英全淨膛鴨|12.8KG (1.6KG/只),1,12.8,千克,2155.78,,,14747993,已登记,2026-05-27 00:00:00,2026-05-26 11:09:00,1300901004,1300901,整鴨,凍肉店,2155.78
2547473394177146888,香港事业部,NFT00.000774,新昌,新昌,分销业务冻品水产部,张淑燕,金鷹寸骨|10KG (1K*10包),1,10,千克,2155.78,,,14747993,已登记,2026-05-27 00:00:00,2026-05-26 11:09:00,1300111003,1300111,寸骨,凍肉店,0
2547473394177146888,香港事业部,NFT00.000774,新昌,新昌,分销业务冻品水产部,张淑燕,金鷹面精肉|25KG,1,25,千克,2155.78,,,14747993,已登记,2026-05-27 00:00:00,2026-05-26 11:09:00,1300109002,1300109,面精肉,凍肉店,0
2547473394177146888,香港事业部,NFT00.000774,新昌,新昌,分销业务冻品水产部,张淑燕,遼寧銘川帶皮腿扒|15KG (300克+/塊),3,45,千克,2155.78,,,14747993,已登记,2026-05-27 00:00:00,2026-05-26 11:09:00,1300607015,1300607,帶皮腿扒,凍肉店,0
2547464864389398534,香港事业部,NFT00.000169,福源食品有限公司,福源,分销业务冻品水产部销售部,罗展勤,遼寧銘川帶皮腿扒|15KG (300克+/塊),20,300,千克,4434,,,14747980,已登记,2026-05-26 00:00:00,2026-05-26 10:52:27,1300607015,1300607,帶皮腿扒,批發-加工,4434
2547428537556008969,香港事业部,NFT00.000230,恆輝貿易公司,恆輝,分销业务冻品水产部销售部,凌靖翔,河南去皮上腿肉|12KG,16,192,千克,3033.6,,,14747815,已登记,2026-05-26 00:00:00,2026-05-26 09:41:57,1300609001,1300609,去皮上腿肉,批發-飛機,3033.6
2547425007075590149,香港事业部,NFT00.001901,福偉集團有限公司,福偉,分销业务冻品水产部销售部,谭小君,遼寧欣城帶骨雞全腿 280-300G|15KG,3,45,千克,565.65,,,14746873,已关闭,2026-05-26 00:00:00,2026-05-26 09:35:07,1300603040,1300603,帶骨全腿,批發-加工,565.65
2547420686355791873,香港事业部,NFT00.003177,翎凰凍肉有限公司,翎凰,分销业务冻品水产部销售部,凌靖翔,至尊梅肉|25KG,20,500,千克,18400,,,14746862,已登记,2026-05-27 00:00:00,2026-05-26 09:26:45,1300101043,1300101,一號肉,批發-加工,18400
2545281620843692036,香港事业部,NFT00.000230,恆輝貿易公司,恆輝,分销业务冻品水产部销售部,凌靖翔,金鷹面精肉|25KG,3,75,千克,2505,,,14745026,已登记,2026-05-26 00:00:00,2026-05-23 12:16:24,1300109002,1300109,面精肉,批發-飛機,2505
2545218184176730119,香港事业部,NFT00.000168,明記凍肉,明記,分销业务冻品水产部销售部,凌靖翔,金鷹面精肉|25KG,1,25,千克,835,,,14744995,已登记,2026-05-23 00:00:00,2026-05-23 10:13:20,1300109002,1300109,面精肉,凍肉店,835
2545184795100971013,香港事业部,NFT00.000169,福源食品有限公司,福源,分销业务冻品水产部销售部,罗展勤,河南去皮上腿肉|12KG,30,360,千克,5664,,,14743518,已登记,2026-05-23 00:00:00,2026-05-23 09:08:30,1300609001,1300609,去皮上腿肉,批發-加工,5664
2545184769331167236,香港事业部,NFT00.000169,福源食品有限公司,福源,分销业务冻品水产部销售部,罗展勤,河南去皮上腿肉|12KG,30,360,千克,5664,,,14743516,已关闭,2026-05-23 00:00:00,2026-05-23 09:08:29,1300609001,1300609,去皮上腿肉,批發-加工,5664
2545170226571902977,香港事业部,NFT00.000230,恆輝貿易公司,恆輝,分销业务冻品水产部销售部,凌靖翔,遼寧盛佳康去皮雞胸肉|12KG,1,12,千克,141.6,,,14744845,已关闭,2026-05-23 00:00:00,2026-05-23 08:40:17,1300612031,1300612,去皮胸肉,批發-飛機,141.6
2544547172846141449,香港事业部,NFT00.000229,駿利貿易公司,駿利,分销业务冻品水产部销售部,张淑燕,遼寧欣城雞翅尖IQF|10KG,1,10,千克,97,,,14744334,已登记,2026-05-23 00:00:00,2026-05-22 12:31:22,1300627002,1300627,翅尖,批發-飛機,97
2544537784047632387,香港事业部,NFT00.000230,恆輝貿易公司,恆輝,分销业务冻品水产部销售部,凌靖翔,遼寧欣城帶骨雞全腿 280-300G|15KG,1,15,千克,2405.55,,,14744307,已登记,2026-05-23 00:00:00,2026-05-22 12:13:10,1300603040,1300603,帶骨全腿,批發-飛機,2405.55
2544537784047632387,香港事业部,NFT00.000230,恆輝貿易公司,恆輝,分销业务冻品水产部销售部,凌靖翔,遼寧銘川帶皮腿扒|15KG (250克+/塊),10,150,千克,2405.55,,,14744307,已登记,2026-05-23 00:00:00,2026-05-22 12:13:10,1300607014,1300607,帶皮腿扒,批發-飛機,0
2544516489582477313,香港事业部,NFT00.000774,新昌,新昌,分销业务冻品水产部,张淑燕,遼寧欣城帶骨雞全腿 300-320G|15KG,2,30,千克,1987.2,,,14744261,已登记,2026-05-26 00:00:00,2026-05-22 11:31:51,1300603041,1300603,帶骨全腿,凍肉店,1987.2
2544516489582477313,香港事业部,NFT00.000774,新昌,新昌,分销业务冻品水产部,张淑燕,至尊梅肉|25KG,1,25,千克,1987.2,,,14744261,已登记,2026-05-26 00:00:00,2026-05-22 11:31:51,1300101043,1300101,一號肉,凍肉店,0
2544516489582477313,香港事业部,NFT00.000774,新昌,新昌,分销业务冻品水产部,张淑燕,遼寧銘川帶皮腿扒|15KG (300克+/塊),3,45,千克,1987.2,,,14744261,已登记,2026-05-26 00:00:00,2026-05-22 11:31:51,1300607015,1300607,帶皮腿扒,凍肉店,0
2544515544706973696,香港事业部,NFT00.000774,新昌,新昌,分销业务冻品水产部,张淑燕,遼寧欣城帶骨雞全腿 300-320G|15KG,2,30,千克,2320.6,,,14744259,已登记,2026-05-23 00:00:00,2026-05-22 11:30:02,1300603041,1300603,帶骨全腿,凍肉店,2320.6
2544515544706973696,香港事业部,NFT00.000774,新昌,新昌,分销业务冻品水产部,张淑燕,遼寧銘川帶皮腿扒|15KG (300克+/塊),5,75,千克,2320.6,,,14744259,已登记,2026-05-23 00:00:00,2026-05-22 11:30:02,1300607015,1300607,帶皮腿扒,凍肉店,0
2544515544706973696,香港事业部,NFT00.000774,新昌,新昌,分销业务冻品水产部,张淑燕,金鷹面精肉|25KG,1,25,千克,2320.6,,,14744259,已登记,2026-05-23 00:00:00,2026-05-22 11:30:02,1300109002,1300109,面精肉,凍肉店,0
2544493159337426949,香港事业部,NFT00.000229,駿利貿易公司,駿利,分销业务冻品水产部销售部,张淑燕,金鷹寸骨|10KG (1K*10包),1,10,千克,485,,,14744202,已登记,2026-05-22 00:00:00,2026-05-22 10:46:35,1300111003,1300111,寸骨,批發-飛機,485
2544482851398615046,香港事业部,NFT00.000140,聯合林記食品有限公司,聯合林記,分销业务冻品水产部销售部,莫艺生,河南去皮上腿肉|12KG,20,240,千克,3768,,,14744136,已登记,2026-05-22 00:00:00,2026-05-22 10:26:35,1300609001,1300609,去皮上腿肉,批發-加工,3768
2544474338790735880,香港事业部,NFT00.000168,明記凍肉,明記,分销业务冻品水产部销售部,凌靖翔,高峰法式小切羊排 |10KG,1,10,千克,1040,,,14742998,已登记,2026-05-22 00:00:00,2026-05-22 10:10:05,1300501022,1300501,羊排,凍肉店,1040
2544467552742408201,香港事业部,NFT00.000359,泰怡國際有限公司,泰怡,分销业务冻品水产部销售部,许至邦,河南去皮上腿肉|12KG,20,240,千克,3768,,,14744083,已登记,2026-05-22 00:00:00,2026-05-22 09:56:54,1300609001,1300609,去皮上腿肉,批發-加工,3768
2544462819688448005,香港事业部,NFT00.000090,姚氏食品有限公司,姚氏,分销业务冻品水产部销售部,黄佩连,高峰柱裝羊卷肉|20KG,3,60,千克,3540,,,14744068,已登记,2026-05-22 00:00:00,2026-05-22 09:47:44,1300511002,1300511,羊卷肉,批發-飛機,3540
2544461514001088521,香港事业部,NFT00.001901,福偉集團有限公司,福偉,分销业务冻品水产部销售部,谭小君,中國金鯧魚(200-300G)|10KG(黃帶),1,10,千克,368,,,14742953,已登记,2026-05-22 00:00:00,2026-05-22 09:45:13,1800108098,1800108,魚.其他,批發-加工,368
2544045924375592967,香港事业部,15MYKD.SWT01,新華凍肉超級市場(葵芳),新華,分销业务冻品水产部销售部,李华兴,中國金鯧魚(200-300G)|10KG(藍帶),2,20,千克,660,,,14743984,已关闭,2026-05-22 00:00:00,2026-05-21 20:18:50,1800108095,1800108,魚.其他,批發-加工,660
2543957302037708803,香港事业部,NFT00.000230,恆輝貿易公司,恆輝,分销业务冻品水产部销售部,凌靖翔,華英帶骨鴨腿|10KG (200-220G/只),1,10,千克,1530.82,,,14743932,已登记,2026-05-22 00:00:00,2026-05-21 17:26:53,1300902002,1300902,帶骨整腿,批發-飛機,1530.82
2543957302037708803,香港事业部,NFT00.000230,恆輝貿易公司,恆輝,分销业务冻品水产部销售部,凌靖翔,華英全淨膛鴨|13.6KG (1.7KG/只),2,27.2,千克,1530.82,,,14743932,已登记,2026-05-22 00:00:00,2026-05-21 17:26:53,1300901005,1300901,整鴨,批發-飛機,0
2543957302037708803,香港事业部,NFT00.000230,恆輝貿易公司,恆輝,分销业务冻品水产部销售部,凌靖翔,遼寧銘川帶皮腿扒|15KG (300克+/塊),5,75,千克,1530.82,,,14743932,已登记,2026-05-22 00:00:00,2026-05-21 17:26:53,1300607015,1300607,帶皮腿扒,批發-飛機,0
2543924428340723721,香港事业部,NFT00.000385,誠信凍肉有限公司,誠信,分销业务冻品水产部销售部,李华兴,金鷹面精肉|25KG,2,50,千克,1630,,,14742821,已登记,2026-05-26 00:00:00,2026-05-21 16:23:05,1300109002,1300109,面精肉,凍肉店,1630
2543922736123609095,香港事业部,NFT00.000385,誠信凍肉有限公司,誠信,分销业务冻品水产部销售部,李华兴,金鷹面精肉|25KG,4,100,千克,3260,,,14742820,已登记,2026-05-23 00:00:00,2026-05-21 16:19:48,1300109002,1300109,面精肉,凍肉店,3260
2543921628039348226,香港事业部,NFT00.000385,誠信凍肉有限公司,誠信,分销业务冻品水产部销售部,李华兴,金鷹面精肉|25KG,1,25,千克,815,,,14743898,已登记,2026-05-22 00:00:00,2026-05-21 16:17:39,1300109002,1300109,面精肉,凍肉店,815
2543899259849670659,香港事业部,NFT00.002160,鴻興食品供應有限公司,鴻興,分销业务冻品水产部销售部,谭小君,金鷹面精肉|25KG,2,50,千克,1630,,,14743865,已登记,2026-05-22 00:00:00,2026-05-21 15:34:15,1300109002,1300109,面精肉,批發-加工,1630
2543886409307521029,香港事业部,NFT00.000230,恆輝貿易公司,恆輝,分销业务冻品水产部销售部,凌靖翔,遼寧欣城小雞胸肉 IQF|10KG,5,50,千克,600,,,14742782,已登记,2026-05-22 00:00:00,2026-05-21 15:09:19,1300613017,1300613,小胸肉,批發-飛機,600
2543857401098403842,香港事业部,NFT00.000881,明興食品有限公司(元朗),明興,分销业务冻品水产部销售部,许至邦,華英煙熏鴨胸肉|10KG (200-220G/塊)日文包裝,3,30,千克,630,,,14742738,已登记,2026-05-23 00:00:00,2026-05-21 14:13:01,1300904022,1300904,煙熏鴨胸,批發-加工,630
2543853716016463875,香港事业部,NFT00.000881,明興食品有限公司(元朗),明興,分销业务冻品水产部销售部,许至邦,金鷹面精肉|25KG,5,125,千克,4075,,,14743784,已登记,2026-05-23 00:00:00,2026-05-21 14:05:53,1300109002,1300109,面精肉,批發-加工,4075
2543772292009164801,香港事业部,NFT00.003074,信隆(亞洲)有限公司,信隆,分销业务冻品水产部销售部,谭小君,金鷹面精肉|25KG,8,200,千克,6520,,,14742644,已登记,2026-05-22 00:00:00,2026-05-21 11:27:55,1300109002,1300109,面精肉,批發-加工,6520
2543739547195801603,香港事业部,NFT00.000168,明記凍肉,明記,分销业务冻品水产部销售部,凌靖翔,高峰法式小切羊排 |10KG,1,10,千克,1040,,,14743563,已登记,2026-05-21 00:00:00,2026-05-21 10:24:23,1300501022,1300501,羊排,凍肉店,1040
2543727426780790787,香港事业部,NFT00.000273,皇品有限公司,皇品,分销业务冻品水产部销售部,凌靖翔,金鷹面精肉|25KG,1,25,千克,815,,,14742528,已登记,2026-05-21 00:00:00,2026-05-21 10:00:51,1300109002,1300109,面精肉,批發-飛機,815
2543725768923414531,香港事业部,NFT00.000116,新協興凍肉食品公司,新協興,分销业务冻品水产部销售部,凌靖翔,遼寧欣城帶骨雞全腿 240-260G|15KG,5,75,千克,1107.75,,,14742577,已登记,2026-05-21 00:00:00,2026-05-21 09:57:38,1300603038,1300603,帶骨全腿,批發-加工,1107.75
2543706321328799753,香港事业部,15MYKD.80036688,美亞食品貿易有限公司,美亞,分销业务冻品水产部销售部,许至邦,高峰法式羊排 8 支骨|20KG,5,100,千克,9600,,,14741539,已登记,2026-05-26 00:00:00,2026-05-21 09:19:55,1300501020,1300501,羊排,批發-加工,9600
2543697714214338564,香港事业部,NFT00.000169,福源食品有限公司,福源,分销业务冻品水产部销售部,罗展勤,遼寧銘川帶皮腿扒|15KG (300克+/塊),20,300,千克,11049,,,14741526,已登记,2026-05-21 00:00:00,2026-05-21 09:03:14,1300607015,1300607,帶皮腿扒,批發-加工,11049
2543697714214338564,香港事业部,NFT00.000169,福源食品有限公司,福源,分销业务冻品水产部销售部,罗展勤,遼寧欣城帶骨雞全腿 280-300G|15KG,20,300,千克,11049,,,14741526,已登记,2026-05-21 00:00:00,2026-05-21 09:03:14,1300603040,1300603,帶骨全腿,批發-加工,0
2543697714214338564,香港事业部,NFT00.000169,福源食品有限公司,福源,分销业务冻品水产部销售部,罗展勤,河南去皮上腿肉|12KG,15,180,千克,11049,,,14741526,已登记,2026-05-21 00:00:00,2026-05-21 09:03:14,1300609001,1300609,去皮上腿肉,批發-加工,0
2543155173945507841,香港事业部,NFT00.002160,鴻興食品供應有限公司,鴻興,分销业务冻品水产部销售部,谭小君,華王樂雞肉腸｜10.88KG(340.2g*32),2,64,包,441.6,,,14741408,已登记,2026-05-21 00:00:00,2026-05-20 15:30:33,1310501001,1310501,腸類.雞肉腸,批發-加工,441.6
2543140450780315654,香港事业部,NFT00.000273,皇品有限公司,皇品,分销业务冻品水产部销售部,凌靖翔,遼寧盛佳康帶骨雞全腿 260-280G|15KG,1,15,千克,211.65,,,14742274,已登记,2026-05-21 00:00:00,2026-05-20 15:01:58,1300603106,1300603,帶骨全腿,批發-飛機,211.65
2543136396331188229,香港事业部,NFT00.000273,皇品有限公司,皇品,分销业务冻品水产部销售部,凌靖翔,遼寧銘川帶皮腿扒|15KG (300克+/塊),4,60,千克,886.8,,,14742273,已登记,2026-05-21 00:00:00,2026-05-20 14:54:07,1300607015,1300607,帶皮腿扒,批發-飛機,886.8
2543036778871259139,香港事业部,NFT00.000774,新昌,新昌,分销业务冻品水产部,张淑燕,遼寧欣城帶骨雞全腿 300-320G|15KG,2,30,千克,1042.2,,,14742089,已登记,2026-05-21 00:00:00,2026-05-20 11:40:50,1300603041,1300603,帶骨全腿,凍肉店,1042.2
2543036778871259139,香港事业部,NFT00.000774,新昌,新昌,分销业务冻品水产部,张淑燕,遼寧銘川帶皮腿扒|15KG (300克+/塊),3,45,千克,1042.2,,,14742089,已登记,2026-05-21 00:00:00,2026-05-20 11:40:50,1300607015,1300607,帶皮腿扒,凍肉店,0
2543035696546840585,香港事业部,NFT00.000774,新昌,新昌,分销业务冻品水产部,张淑燕,遼寧欣城雞翅尖IQF|10KG,2,20,千克,194,,,14741278,已登记,2026-05-21 00:00:00,2026-05-20 11:38:44,1300627002,1300627,翅尖,凍肉店,194
2543029142419406851,香港事业部,NFT00.003074,信隆(亞洲)有限公司,信隆,分销业务冻品水产部销售部,谭小君,高峰法式羊排 8 支骨|20KG,10,200,千克,18600,,,14742055,已登记,2026-05-21 00:00:00,2026-05-20 11:26:10,1300501020,1300501,羊排,批發-加工,18600
2543027828159414275,香港事业部,NFT00.000230,恆輝貿易公司,恆輝,分销业务冻品水产部销售部,凌靖翔,遼寧銘川帶皮腿扒|15KG (250克+/塊),2,30,千克,443.4,,,14742052,已登记,2026-05-21 00:00:00,2026-05-20 11:23:28,1300607014,1300607,帶皮腿扒,批發-飛機,443.4
2542964735089836033,香港事业部,NFT00.000230,恆輝貿易公司,恆輝,分销业务冻品水产部销售部,凌靖翔,河南去皮上腿肉|12KG,8,96,千克,1516.8,,,14741156,已登记,2026-05-20 00:00:00,2026-05-20 09:21:03,1300609001,1300609,去皮上腿肉,批發-飛機,1516.8
2542957605444124679,香港事业部,NFT00.003177,翎凰凍肉有限公司,翎凰,分销业务冻品水产部销售部,凌靖翔,高峰法式羊排 8 支骨|20KG,1,20,千克,1860,,,14741155,已登记,2026-05-21 00:00:00,2026-05-20 09:07:18,1300501020,1300501,羊排,批發-加工,1860
2542535332856856579,香港事业部,NFT00.001114,天后肉食有限公司,天后肉食,分销业务冻品水产部销售部,谭小君,高峰法式小切羊排 |10KG,1,10,千克,1040,,,14741783,已登记,2026-05-20 00:00:00,2026-05-19 19:27:54,1300501022,1300501,羊排,凍肉店,1040
2542291464613789701,香港事业部,NFT00.000774,新昌,新昌,分销业务冻品水产部,张淑燕,遼寧欣城帶骨雞全腿 300-320G|15KG,2,30,千克,377.1,,,14740484,已登记,2026-05-20 00:00:00,2026-05-19 11:34:43,1300603041,1300603,帶骨全腿,凍肉店,377.1
2542290708699545607,香港事业部,NFT00.000774,新昌,新昌,分销业务冻品水产部,张淑燕,遼寧欣城雞翅尖IQF|10KG,1,10,千克,1707.1,,,14740744,已登记,2026-05-20 00:00:00,2026-05-19 11:33:15,1300627002,1300627,翅尖,凍肉店,1707.1
2542290708699545607,香港事业部,NFT00.000774,新昌,新昌,分销业务冻品水产部,张淑燕,至尊梅肉|25KG,1,25,千克,1707.1,,,14740744,已登记,2026-05-20 00:00:00,2026-05-19 11:33:15,1300101043,1300101,一號肉,凍肉店,0
2542290708699545607,香港事业部,NFT00.000774,新昌,新昌,分销业务冻品水产部,张淑燕,遼寧銘川帶皮腿扒|15KG (300克+/塊),3,45,千克,1707.1,,,14740744,已登记,2026-05-20 00:00:00,2026-05-19 11:33:15,1300607015,1300607,帶皮腿扒,凍肉店,0
2542274044219097091,香港事业部,NFT00.000230,恆輝貿易公司,恆輝,分销业务冻品水产部销售部,凌靖翔,遼寧欣城帶骨雞全腿 280-300G|15KG,1,15,千克,188.55,,,14740719,已登记,2026-05-20 00:00:00,2026-05-19 11:00:56,1300603040,1300603,帶骨全腿,批發-飛機,188.55
2542245147679129606,香港事业部,NFT00.000232,興利號食品有限公司,興利,分销业务冻品水产部销售部,凌靖翔,高峰法式羊排 12 支骨|20KG,1,20,千克,1600,,,14740272,已登记,2026-05-19 00:00:00,2026-05-19 10:04:52,1300501019,1300501,羊排,批發-加工,1600
2542220528926588935,香港事业部,NFT00.000230,恆輝貿易公司,恆輝,分销业务冻品水产部销售部,凌靖翔,金鷹寸骨|10KG (1K*10包),1,10,千克,520,,,14740186,已登记,2026-05-19 00:00:00,2026-05-19 09:17:06,1300111003,1300111,寸骨,批發-飛機,520
2542202636100173831,香港事业部,NFT00.000230,恆輝貿易公司,恆輝,分销业务冻品水产部销售部,凌靖翔,金鷹面精肉|25KG,2,50,千克,1670,,,14740184,已登记,2026-05-19 00:00:00,2026-05-19 08:42:24,1300109002,1300109,面精肉,批發-飛機,1670
2541733806052737026,香港事业部,NFT00.000230,恆輝貿易公司,恆輝,分销业务冻品水产部销售部,凌靖翔,華英鴨胸肉|10KG 200-220G/塊),2,20,千克,272,,,14740163,已登记,2026-05-19 00:00:00,2026-05-18 17:32:44,1300903002,1300903,生鴨胸,批發-飛機,272
2541659778003763202,香港事业部,NFT00.002551,溢利食品(香港)有限公司,溢利,分销业务冻品水产部销售部,凌靖翔,金鷹梅肉|25KG,4,100,千克,3040,,,14740631,已登记,2026-05-19 00:00:00,2026-05-18 15:09:05,1300101018,1300101,一號肉,批發-飛機,3040
2541638973174841352,香港事业部,NFT00.000230,恆輝貿易公司,恆輝,分销业务冻品水产部销售部,凌靖翔,金鷹面精肉|25KG,6,150,千克,5010,,,14739384,已登记,2026-05-19 00:00:00,2026-05-18 14:28:43,1300109002,1300109,面精肉,批發-飛機,5010
2541543272713551880,香港事业部,NFT00.000091,恆昌凍肉食品有限公司,恆昌,分销业务冻品水产部销售部,谭小君,金鷹寸骨|10KG (1K*10包),1,10,千克,520,,,14739768,已关闭,2026-05-18 00:00:00,2026-05-18 11:23:03,1300111003,1300111,寸骨,批發-加工,520
2541519890911592448,香港事业部,NFT00.000169,福源食品有限公司,福源,分销业务冻品水产部销售部,罗展勤,遼寧銘川帶皮腿扒|15KG (300克+/塊),15,225,千克,3325.5,,,14739190,已登记,2026-05-18 00:00:00,2026-05-18 10:37:40,1300607015,1300607,帶皮腿扒,批發-加工,3325.5
2541519298206105605,香港事业部,NFT00.000169,福源食品有限公司,福源,分销业务冻品水产部销售部,罗展勤,遼寧欣城帶骨雞全腿 280-300G|15KG,5,75,千克,942.75,,,14739189,已登记,2026-05-18 00:00:00,2026-05-18 10:36:30,1300603040,1300603,帶骨全腿,批發-加工,942.75
2541519263846367237,香港事业部,NFT00.000169,福源食品有限公司,福源,分销业务冻品水产部销售部,罗展勤,遼寧欣城帶骨雞全腿 280-300G|15KG,5,75,千克,942.75,,,14739191,已登记,2026-05-18 00:00:00,2026-05-18 10:36:27,1300603040,1300603,帶骨全腿,批發-加工,942.75
2541518757047566341,香港事业部,NFT00.000169,福源食品有限公司,福源,分销业务冻品水产部销售部,罗展勤,遼寧欣城帶骨雞全腿 280-300G|15KG,15,225,千克,2828.25,,,14739697,已登记,2026-05-18 00:00:00,2026-05-18 10:35:29,1300603040,1300603,帶骨全腿,批發-加工,2828.25
2541491415285760003,香港事业部,NFT00.000230,恆輝貿易公司,恆輝,分销业务冻品水产部销售部,凌靖翔,河南去皮上腿肉|12KG,3,36,千克,568.8,,,14739147,已登记,2026-05-18 00:00:00,2026-05-18 09:42:25,1300609001,1300609,去皮上腿肉,批發-飛機,568.8
2541489130355818504,香港事业部,NFT00.000230,恆輝貿易公司,恆輝,分销业务冻品水产部销售部,凌靖翔,遼寧欣城去皮雞胸肉|12KG,2,24,千克,278.4,,,14738538,已关闭,2026-05-18 00:00:00,2026-05-18 09:37:59,1300612023,1300612,去皮胸肉,批發-飛機,278.4
2541488322901966856,香港事业部,NFT00.001901,福偉集團有限公司,福偉,分销业务冻品水产部销售部,谭小君,遼寧欣城帶骨雞全腿 280-300G|15KG,3,45,千克,565.65,,,14739145,已关闭,2026-05-18 00:00:00,2026-05-18 09:36:26,1300603040,1300603,帶骨全腿,批發-加工,565.65
2541465413553750021,香港事业部,NFT00.000230,恆輝貿易公司,恆輝,分销业务冻品水产部销售部,凌靖翔,高峰法式羊排 12 支骨|20KG,1,20,千克,1640,,,14739092,已登记,2026-05-18 00:00:00,2026-05-18 08:52:00,1300501019,1300501,羊排,批發-飛機,1640
2540051733658206214,香港事业部,NFT00.000268,再豐有限公司,再豐,分销业务冻品水产部销售部,李华兴,遼寧欣城帶骨雞全腿 280-300G|15KG,1,15,千克,188.55,,,14738996,已登记,2026-05-18 00:00:00,2026-05-16 11:09:06,1300603040,1300603,帶骨全腿,批發-飛機,188.55
2540023910860062729,香港事业部,NFT00.000168,明記凍肉,明記,分销业务冻品水产部销售部,凌靖翔,遼寧欣城雞翅尖IQF|10KG,1,10,千克,97,,,14738207,已登记,2026-05-16 00:00:00,2026-05-16 10:15:07,1300627002,1300627,翅尖,凍肉店,97
2539399156319911937,香港事业部,NFT00.000230,恆輝貿易公司,恆輝,分销业务冻品水产部销售部,凌靖翔,金鷹寸骨|10KG (1K*10包),1,10,千克,520,,,14737481,已登记,2026-05-16 00:00:00,2026-05-15 14:02:55,1300111003,1300111,寸骨,批發-飛機,520
2539350648959270914,香港事业部,NFT00.000774,新昌,新昌,分销业务冻品水产部,张淑燕,遼寧欣城小雞胸肉 IQF|10KG,1,10,千克,1352,,,14737917,已登记,2026-05-18 00:00:00,2026-05-15 12:28:47,1300613017,1300613,小胸肉,凍肉店,1352
2539350648959270914,香港事业部,NFT00.000774,新昌,新昌,分销业务冻品水产部,张淑燕,遼寧欣城帶骨雞全腿 300-320G|15KG,2,30,千克,1352,,,14737917,已登记,2026-05-18 00:00:00,2026-05-15 12:28:47,1300603041,1300603,帶骨全腿,凍肉店,0
2539350648959270914,香港事业部,NFT00.000774,新昌,新昌,分销业务冻品水产部,张淑燕,遼寧嘉士德去皮上腿肉|12KG,1,12,千克,1352,,,14737917,已登记,2026-05-18 00:00:00,2026-05-15 12:28:47,1300609018,1300609,去皮上腿肉,凍肉店,0
2539350648959270914,香港事业部,NFT00.000774,新昌,新昌,分销业务冻品水产部,张淑燕,遼寧銘川帶皮腿扒|15KG (300克+/塊),3,45,千克,1352,,,14737917,已登记,2026-05-18 00:00:00,2026-05-15 12:28:47,1300607015,1300607,帶皮腿扒,凍肉店,0
2539345769876422661,香港事业部,NFT00.000774,新昌,新昌,分销业务冻品水产部,张淑燕,山東煙熏鴨胸肉|10KG (200-220G/塊)日文包裝,1,10,千克,2218.2,,,14737393,已登记,2026-05-16 00:00:00,2026-05-15 12:19:20,1300904016,1300904,煙熏鴨胸,凍肉店,2218.2
2539345769876422661,香港事业部,NFT00.000774,新昌,新昌,分销业务冻品水产部,张淑燕,遼寧欣城雞翅尖IQF|10KG,4,40,千克,2218.2,,,14737393,已登记,2026-05-16 00:00:00,2026-05-15 12:19:20,1300627002,1300627,翅尖,凍肉店,0
2539345769876422661,香港事业部,NFT00.000774,新昌,新昌,分销业务冻品水产部,张淑燕,遼寧欣城帶骨雞全腿 300-320G|15KG,2,30,千克,2218.2,,,14737393,已登记,2026-05-16 00:00:00,2026-05-15 12:19:20,1300603041,1300603,帶骨全腿,凍肉店,0
2539345769876422661,香港事业部,NFT00.000774,新昌,新昌,分销业务冻品水产部,张淑燕,遼寧銘川帶皮腿扒|15KG (300克+/塊),3,45,千克,2218.2,,,14737393,已登记,2026-05-16 00:00:00,2026-05-15 12:19:20,1300607015,1300607,帶皮腿扒,凍肉店,0
2539345769876422661,香港事业部,NFT00.000774,新昌,新昌,分销业务冻品水产部,张淑燕,金鷹寸骨|10KG (1K*10包),1,10,千克,2218.2,,,14737393,已登记,2026-05-16 00:00:00,2026-05-15 12:19:20,1300111003,1300111,寸骨,凍肉店,0
2539339756929548292,香港事业部,NFT00.000881,明興食品有限公司(元朗),明興,分销业务冻品水产部销售部,许至邦,華英煙熏鴨胸肉|10KG (220-240G/塊)日文包裝,3,30,千克,645,,,14737386,已登记,2026-05-16 00:00:00,2026-05-15 12:07:39,1300904023,1300904,煙熏鴨胸,批發-加工,645
2539320283547828228,香港事业部,NFT00.000230,恆輝貿易公司,恆輝,分销业务冻品水产部销售部,凌靖翔,遼寧銘川帶皮腿扒|15KG (250克+/塊),1,15,千克,221.7,,,14737343,已登记,2026-05-16 00:00:00,2026-05-15 11:29:52,1300607014,1300607,帶皮腿扒,批發-飛機,221.7
2539313506089435136,香港事业部,NFT00.003074,信隆(亞洲)有限公司,信隆,分销业务冻品水产部销售部,谭小君,華英煙熏鴨胸肉|10KG (240-260G/塊)日文包裝,15,150,千克,3225,,,14737317,已登记,2026-05-18 00:00:00,2026-05-15 11:16:44,1300904024,1300904,煙熏鴨胸,批發-加工,3225
2539267068903030787,香港事业部,NFT00.002279,祥興食品公司,祥興,分销业务冻品水产部销售部,李华兴,中國紅布腸|20KG,2,40,千克,980,,,14737789,已登记,2026-05-16 00:00:00,2026-05-15 09:46:37,1300114011,1300114,熟食,批發-加工,980
2539259114623598599,香港事业部,NFT00.000165,富景凍肉有限公司,富景,分销业务冻品水产部销售部,谭小君,華英煙熏鴨胸肉|10KG (220-240G/塊)日文包裝,1,10,千克,215,,,14737119,已登记,2026-05-15 00:00:00,2026-05-15 09:31:12,1300904023,1300904,煙熏鴨胸,批發-加工,215
2538670008312004608,香港事业部,NFT00.002160,鴻興食品供應有限公司,鴻興,分销业务冻品水产部销售部,谭小君,中國紅布腸|20KG,2,40,千克,1377.6,,,14736956,已登记,2026-05-15 00:00:00,2026-05-14 14:28:10,1300114011,1300114,熟食,批發-加工,1377.6
2538670008312004608,香港事业部,NFT00.002160,鴻興食品供應有限公司,鴻興,分销业务冻品水产部销售部,谭小君,華王樂雞肉腸｜10.88KG(340.2g*32),2,64,包,1377.6,,,14736956,已登记,2026-05-15 00:00:00,2026-05-14 14:28:10,1310501001,1310501,腸類.雞肉腸,批發-加工,0
2538530456234622984,香港事业部,NFT00.000168,明記凍肉,明記,分销业务冻品水产部销售部,凌靖翔,遼寧欣城雞翅尖IQF|10KG,1,10,千克,97,,,14736812,已登记,2026-05-14 00:00:00,2026-05-14 09:57:25,1300627002,1300627,翅尖,凍肉店,97
2538528892873867265,香港事业部,NFT00.000230,恆輝貿易公司,恆輝,分销业务冻品水产部销售部,凌靖翔,高峰四號肉 25KG,8,200,千克,3960,,,14736257,已登记,2026-05-14 00:00:00,2026-05-14 09:54:23,1300104005,1300104,四號肉,批發-飛機,3960
2538517648642146305,香港事业部,NFT00.001114,天后肉食有限公司,天后肉食,分销业务冻品水产部销售部,谭小君,高峰法式小切羊排 |10KG,1,10,千克,1040,,,14736192,已登记,2026-05-14 00:00:00,2026-05-14 09:32:34,1300501022,1300501,羊排,凍肉店,1040
2538511927753048072,香港事业部,NFT00.002279,祥興食品公司,祥興,分销业务冻品水产部销售部,李华兴,中國紅布腸|20KG,2,40,千克,980,,,14736783,已登记,2026-05-14 00:00:00,2026-05-14 09:21:28,1300114011,1300114,熟食,批發-加工,980
2538010979940171781,香港事业部,#N/A,華潤膳食管理部,#N/A,分销业务销售发展部销售部,黎文欣,高富牌特級珍珠米(綠袋)|25KG,5,5,包,1025,,,14736044,已登记,2026-05-14 00:00:00,2026-05-13 17:09:30,#N/A,#N/A,#N/A,,1025
2537946186070884361,香港事业部,NFT00.000385,誠信凍肉有限公司,誠信,分销业务冻品水产部销售部,李华兴,金鷹面精肉|25KG,1,25,千克,815,,,14735987,已登记,2026-05-14 00:00:00,2026-05-13 15:03:47,1300109002,1300109,面精肉,凍肉店,815
2537868696263589893,香港事业部,NFT00.002551,溢利食品(香港)有限公司,溢利,分销业务冻品水产部销售部,凌靖翔,金鷹梅肉|25KG,4,100,千克,3150,,,14735482,已登记,2026-05-14 00:00:00,2026-05-13 12:33:26,1300101018,1300101,一號肉,批發-飛機,3150
2537848089010503688,香港事业部,NFT00.000230,恆輝貿易公司,恆輝,分销业务冻品水产部销售部,凌靖翔,遼寧欣城帶骨雞全腿 280-300G|15KG,1,15,千克,1017.35,,,14735853,已登记,2026-05-14 00:00:00,2026-05-13 11:53:26,1300603040,1300603,帶骨全腿,批發-飛機,1017.35
2537848089010503688,香港事业部,NFT00.000230,恆輝貿易公司,恆輝,分销业务冻品水产部销售部,凌靖翔,華英鴨胸肉|10KG 200-220G/塊),2,20,千克,1017.35,,,14735853,已登记,2026-05-14 00:00:00,2026-05-13 11:53:26,1300903002,1300903,生鴨胸,批發-飛機,0
2537848089010503688,香港事业部,NFT00.000230,恆輝貿易公司,恆輝,分销业务冻品水产部销售部,凌靖翔,遼寧欣城去皮雞胸肉|12KG,4,48,千克,1017.35,,,14735853,已登记,2026-05-14 00:00:00,2026-05-13 11:53:26,1300612023,1300612,去皮胸肉,批發-飛機,0
2537837763909124103,香港事业部,NFT00.000774,新昌,新昌,分销业务冻品水产部,张淑燕,遼寧欣城帶骨雞全腿 300-320G|15KG,2,30,千克,1423.8,,,14735835,已登记,2026-05-14 00:00:00,2026-05-13 11:33:25,1300603041,1300603,帶骨全腿,凍肉店,1423.8
2537837763909124103,香港事业部,NFT00.000774,新昌,新昌,分销业务冻品水产部,张淑燕,遼寧嘉士德去皮上腿肉|12KG,2,24,千克,1423.8,,,14735835,已登记,2026-05-14 00:00:00,2026-05-13 11:33:25,1300609018,1300609,去皮上腿肉,凍肉店,0
2537837763909124103,香港事业部,NFT00.000774,新昌,新昌,分销业务冻品水产部,张淑燕,遼寧銘川帶皮腿扒|15KG (300克+/塊),3,45,千克,1423.8,,,14735835,已登记,2026-05-14 00:00:00,2026-05-13 11:33:25,1300607015,1300607,帶皮腿扒,凍肉店,0
2537836149008760837,香港事业部,NFT00.000230,恆輝貿易公司,恆輝,分销业务冻品水产部销售部,凌靖翔,華英鴨胸肉|10KG 200-220G/塊),2,20,千克,272,,,14735834,已关闭,2026-05-14 00:00:00,2026-05-13 11:30:18,1300903002,1300903,生鴨胸,批發-飛機,272
2537821632011960327,香港事业部,15MYKD.80036688,美亞食品貿易有限公司,美亞,分销业务冻品水产部销售部,许至邦,高峰法式羊排 8 支骨|20KG,5,100,千克,9600,,,14735803,已登记,2026-05-14 00:00:00,2026-05-13 11:02:07,1300501020,1300501,羊排,批發-加工,9600
2537818264757600263,香港事业部,NFT00.002551,溢利食品(香港)有限公司,溢利,分销业务冻品水产部销售部,凌靖翔,高峰柱裝羊卷肉|20KG,1,20,千克,1180,,,14735797,已登记,2026-05-13 00:00:00,2026-05-13 10:55:35,1300511002,1300511,羊卷肉,批發-飛機,1180
2537779618641870856,香港事业部,NFT00.002547,先進食品國際有限公司,先進,分销业务冻品水产部销售部,岑美玉,高峰四號肉 25KG,2,50,千克,990,,,14735739,已登记,2026-05-14 00:00:00,2026-05-13 09:40:35,1300104005,1300104,四號肉,批發-加工,990
2537777977971703815,香港事业部,NFT00.000230,恆輝貿易公司,恆輝,分销业务冻品水产部销售部,凌靖翔,河南去皮上腿肉|12KG,8,96,千克,1516.8,,,14735737,已登记,2026-05-13 00:00:00,2026-05-13 09:37:23,1300609001,1300609,去皮上腿肉,批發-飛機,1516.8
2537777857705279489,香港事业部,NFT00.000230,恆輝貿易公司,恆輝,分销业务冻品水产部销售部,凌靖翔,河南去皮上腿肉|12KG,8,96,千克,1516.8,,,14735736,已登记,2026-05-13 00:00:00,2026-05-13 09:37:11,1300609001,1300609,去皮上腿肉,批發-飛機,1516.8
2537771930657751047,香港事业部,NFT00.002110,溢豐貿易,溢豐,分销业务冻品水产部销售部,李华兴,河南去皮上腿肉|12KG,15,180,千克,2844,,,14735215,已登记,2026-05-13 00:00:00,2026-05-13 09:25:44,1300609001,1300609,去皮上腿肉,批發-加工,2844
2537239397662720008,香港事业部,NFT00.000140,聯合林記食品有限公司,聯合林記,分销业务冻品水产部销售部,莫艺生,河南去皮上腿肉|12KG,10,120,千克,1884,,,14735170,已登记,2026-05-13 00:00:00,2026-05-12 16:12:26,1300609001,1300609,去皮上腿肉,批發-加工,1884
2537121054126505992,香港事业部,NFT00.002962,英豐(香港)貿易有限公司,英豐,分销业务冻品水产部销售部,李华兴,至尊梅肉|25KG,2,50,千克,1945,,,14734434,已登记,2026-05-13 00:00:00,2026-05-12 12:22:49,1300101043,1300101,一號肉,燒臘,1945
2537115376187080713,香港事业部,NFT00.000239,東浩冷凍食品公司,東浩,分销业务冻品水产部销售部,李华兴,遼寧盛佳康帶皮腿扒|15KG (250克+/塊),40,600,千克,9000,,,14734428,已登记,2026-05-13 00:00:00,2026-05-12 12:11:48,1300607032,1300607,帶皮腿扒,批發-加工,9000
2537094837653471233,香港事业部,NFT00.002547,先進食品國際有限公司,先進,分销业务冻品水产部销售部,岑美玉,高峰法式羊排 8 支骨|20KG,10,200,千克,18600,,,14734403,已登记,2026-05-13 00:00:00,2026-05-12 11:31:57,1300501020,1300501,羊排,批發-加工,18600
2537093798264045570,香港事业部,NFT00.000774,新昌,新昌,分销业务冻品水产部,张淑燕,至尊梅肉|25KG,1,25,千克,2184.6,,,14734822,已登记,2026-05-13 00:00:00,2026-05-12 11:29:56,1300101043,1300101,一號肉,凍肉店,2184.6
2537093798264045570,香港事业部,NFT00.000774,新昌,新昌,分销业务冻品水产部,张淑燕,遼寧欣城帶骨雞全腿 300-320G|15KG,2,30,千克,2184.6,,,14734822,已登记,2026-05-13 00:00:00,2026-05-12 11:29:56,1300603041,1300603,帶骨全腿,凍肉店,0
2537093798264045570,香港事业部,NFT00.000774,新昌,新昌,分销业务冻品水产部,张淑燕,遼寧嘉士德去皮上腿肉|12KG,1,12,千克,2184.6,,,14734822,已登记,2026-05-13 00:00:00,2026-05-12 11:29:56,1300609018,1300609,去皮上腿肉,凍肉店,0
2537093798264045570,香港事业部,NFT00.000774,新昌,新昌,分销业务冻品水产部,张淑燕,遼寧銘川帶皮腿扒|15KG (300克+/塊),3,45,千克,2184.6,,,14734822,已登记,2026-05-13 00:00:00,2026-05-12 11:29:56,1300607015,1300607,帶皮腿扒,凍肉店,0
2537088429562265605,香港事业部,NFT00.003074,信隆(亞洲)有限公司,信隆,分销业务冻品水产部销售部,谭小君,高峰法式羊排 8 支骨|20KG,10,200,千克,18600,,,14734789,已登记,2026-05-13 00:00:00,2026-05-12 11:19:31,1300501020,1300501,羊排,批發-加工,18600
2537063226694172672,香港事业部,NFT00.002547,先進食品國際有限公司,先進,分销业务冻品水产部销售部,岑美玉,高峰四號肉 25KG,2,50,千克,990,,,14734705,已登记,2026-05-13 00:00:00,2026-05-12 10:30:37,1300104005,1300104,四號肉,批發-加工,990
2537062917449187336,香港事业部,15MYKD.80010851,再興燒臘飯店有限公司,再興,分销业务冻品水产部销售部,李华兴,至尊梅肉|25KG,3,75,千克,2917.5,,,14734707,已登记,2026-05-13 00:00:00,2026-05-12 10:30:02,1300101043,1300101,一號肉,燒臘,2917.5
2537037396760854532,香港事业部,NFT00.000230,恆輝貿易公司,恆輝,分销业务冻品水产部销售部,凌靖翔,遼寧銘川帶皮腿扒|15KG (300克+/塊),2,30,千克,443.4,,,14734331,已登记,2026-05-12 00:00:00,2026-05-12 09:40:30,1300607015,1300607,帶皮腿扒,批發-飛機,443.4
2536681704749268999,香港事业部,NFT00.000385,誠信凍肉有限公司,誠信,分销业务冻品水产部销售部,李华兴,金鷹面精肉|25KG,3,75,千克,2445,,,14733510,已登记,2026-05-16 00:00:00,2026-05-11 22:10:25,1300109002,1300109,面精肉,凍肉店,2445
2536576014194049031,香港事业部,NFT00.000385,誠信凍肉有限公司,誠信,分销业务冻品水产部销售部,李华兴,金鷹面精肉|25KG,1,25,千克,815,,,14733508,已关闭,2027-05-13 00:00:00,2026-05-11 18:45:18,1300109002,1300109,面精肉,凍肉店,815
2536541353807970312,香港事业部,NFT00.000385,誠信凍肉有限公司,誠信,分销业务冻品水产部销售部,李华兴,金鷹面精肉|25KG,1,25,千克,815,,,14733505,已登记,2026-05-12 00:00:00,2026-05-11 17:38:03,1300109002,1300109,面精肉,凍肉店,815
2536486232197693446,香港事业部,15MYKD.SWT01,新華凍肉超級市場(葵芳),新華,分销业务冻品水产部销售部,李华兴,華英帶骨鴨腿|10KG (200-220G/只),2,20,千克,1525,,,14733411,已关闭,2026-05-12 00:00:00,2026-05-11 15:51:05,1300902002,1300902,帶骨整腿,批發-加工,1525
2536486232197693446,香港事业部,15MYKD.SWT01,新華凍肉超級市場(葵芳),新華,分销业务冻品水产部销售部,李华兴,中國金鯧魚(200-300G)|10KG(黃帶),1,10,千克,1525,,,14733411,已关闭,2026-05-12 00:00:00,2026-05-11 15:51:05,1800108098,1800108,魚.其他,批發-加工,0
2536486232197693446,香港事业部,15MYKD.SWT01,新華凍肉超級市場(葵芳),新華,分销业务冻品水产部销售部,李华兴,挪威煙燻三文魚500g裝|7.5KG (500g*15包/箱),1,15,包,1525,,,14733411,已关闭,2026-05-12 00:00:00,2026-05-11 15:51:05,1310701011,1310701,凍海產品.魚類,批發-加工,0
2536476551341408256,香港事业部,NFT00.000268,再豐有限公司,再豐,分销业务冻品水产部销售部,李华兴,華英全淨膛鴨|13.6KG (1.7KG/只),1,13.6,千克,144.16,,,14733402,已关闭,2026-05-12 00:00:00,2026-05-11 15:32:18,1300901005,1300901,整鴨,批發-飛機,144.16
2536471612129017858,香港事业部,NFT00.000268,再豐有限公司,再豐,分销业务冻品水产部销售部,李华兴,遼寧欣城帶骨雞全腿 300-320G|15KG,1,15,千克,191.85,,,14733387,已关闭,2026-05-12 00:00:00,2026-05-11 15:22:43,1300603041,1300603,帶骨全腿,批發-飛機,191.85
2536441598897553409,香港事业部,NFT00.002474,明記冷凍食品有限公司,明記冷凍,分销业务冻品水产部销售部,岑美玉,遼寧嘉士德去皮上腿肉|12KG,10,120,千克,1896,,,14733333,已登记,2026-05-12 00:00:00,2026-05-11 14:24:29,1300609018,1300609,去皮上腿肉,批發-加工,1896
2536383144392654855,香港事业部,NFT00.000079,明興凍肉食品有限公司,明興,分销业务冻品水产部销售部,李华兴,遼寧欣城去皮雞胸肉|12KG,5,60,千克,696,,,14733218,已登记,2026-05-12 00:00:00,2026-05-11 12:31:04,1300612023,1300612,去皮胸肉,批發-加工,696
2536368936633499656,香港事业部,NFT00.000230,恆輝貿易公司,恆輝,分销业务冻品水产部销售部,凌靖翔,遼寧欣城帶骨雞全腿 280-300G|15KG,1,15,千克,1965.45,,,14733192,已登记,2026-05-12 00:00:00,2026-05-11 12:03:32,1300603040,1300603,帶骨全腿,批發-飛機,1965.45
2536368936633499656,香港事业部,NFT00.000230,恆輝貿易公司,恆輝,分销业务冻品水产部销售部,凌靖翔,遼寧銘川帶皮腿扒|15KG (250克+/塊),8,120,千克,1965.45,,,14733192,已登记,2026-05-12 00:00:00,2026-05-11 12:03:32,1300607014,1300607,帶皮腿扒,批發-飛機,0
2536336887587536896,香港事业部,NFT00.000385,誠信凍肉有限公司,誠信,分销业务冻品水产部销售部,李华兴,金鷹面精肉|25KG,1,25,千克,815,,,14733818,已登记,2026-05-11 00:00:00,2026-05-11 11:01:20,1300109002,1300109,面精肉,凍肉店,815
2536322447914827789,香港事业部,NFT00.000168,明記凍肉,明記,分销业务冻品水产部销售部,凌靖翔,金鷹面精肉|25KG,1,25,千克,912,,,14733805,已登记,2026-05-11 00:00:00,2026-05-11 10:33:18,1300109002,1300109,面精肉,凍肉店,912
2536322447914827789,香港事业部,NFT00.000168,明記凍肉,明記,分销业务冻品水产部销售部,凌靖翔,遼寧欣城雞翅尖IQF|10KG,1,10,千克,912,,,14733805,已登记,2026-05-11 00:00:00,2026-05-11 10:33:18,1300627002,1300627,翅尖,凍肉店,0
2536320755690373125,香港事业部,NFT00.000230,恆輝貿易公司,恆輝,分销业务冻品水产部销售部,凌靖翔,遼寧盛佳康帶皮腿扒|15KG (250克+/塊),2,30,千克,450,,,14733803,已登记,2026-05-11 00:00:00,2026-05-11 10:30:02,1300607032,1300607,帶皮腿扒,批發-飛機,450
2536312105626238981,香港事业部,NFT00.003177,翎凰凍肉有限公司,翎凰,分销业务冻品水产部销售部,凌靖翔,金鷹面精肉|25KG,3,75,千克,2445,,,14733078,已登记,2026-05-12 00:00:00,2026-05-11 10:13:14,1300109002,1300109,面精肉,批發-加工,2445
2536298842774568968,香港事业部,NFT00.000337,新城發食品有限公司,新城發,分销业务冻品水产部销售部,许至邦,金鷹面精肉|25KG,4,100,千克,3260,,,14733013,已登记,2026-05-12 00:00:00,2026-05-11 09:47:31,1300109002,1300109,面精肉,批發-加工,3260
2536298404687904768,香港事业部,NFT00.000881,明興食品有限公司(元朗),明興,分销业务冻品水产部销售部,许至邦,金鷹面精肉|25KG,5,125,千克,4075,,,14733014,已登记,2026-05-12 00:00:00,2026-05-11 09:46:42,1300109002,1300109,面精肉,批發-加工,4075
2534962171635302401,香港事业部,NFT00.000230,恆輝貿易公司,恆輝,分销业务冻品水产部销售部,凌靖翔,華英帶骨鴨腿|10KG (200-220G/只),1,10,千克,135,,,14732995,已登记,2026-05-11 00:00:00,2026-05-09 14:34:02,1300902002,1300902,帶骨整腿,批發-飛機,135
2534960917512192006,香港事业部,NFT00.000230,恆輝貿易公司,恆輝,分销业务冻品水产部销售部,凌靖翔,遼寧銘川帶皮腿扒|15KG (300克+/塊),3,45,千克,665.1,,,14733598,已登记,2026-05-11 00:00:00,2026-05-09 14:31:37,1300607015,1300607,帶皮腿扒,批發-飛機,665.1
2534919479667720198,香港事业部,NFT00.000230,恆輝貿易公司,恆輝,分销业务冻品水产部销售部,凌靖翔,金鷹面精肉|25KG,5,125,千克,4175,,,14732928,已登记,2026-05-11 00:00:00,2026-05-09 13:11:12,1300109002,1300109,面精肉,批發-飛機,4175
2534878488499847171,香港事业部,NFT00.000385,誠信凍肉有限公司,誠信,分销业务冻品水产部销售部,李华兴,金鷹面精肉|25KG,1,25,千克,835,,,14732520,已登记,2026-05-09 00:00:00,2026-05-09 11:51:39,1300109002,1300109,面精肉,凍肉店,835
2534877105513037826,香港事业部,NFT00.000385,誠信凍肉有限公司,誠信,分销业务冻品水产部销售部,李华兴,華英煙熏鴨胸肉|10KG (200-220G/塊)日文包裝,1,10,千克,220,,,14732507,已登记,2026-05-09 00:00:00,2026-05-09 11:48:59,1300904022,1300904,煙熏鴨胸,凍肉店,220
2534851455968346117,香港事业部,NFT00.000268,再豐有限公司,再豐,分销业务冻品水产部销售部,李华兴,遼寧欣城帶骨雞全腿 280-300G|15KG,1,15,千克,191.85,,,14732470,已登记,2026-05-11 00:00:00,2026-05-09 10:59:13,1300603040,1300603,帶骨全腿,批發-飛機,191.85
2534839155182010376,香港事业部,NFT00.000168,明記凍肉,明記,分销业务冻品水产部销售部,凌靖翔,金鷹面精肉|25KG,1,25,千克,835,,,14732775,已登记,2026-05-09 00:00:00,2026-05-09 10:35:20,1300109002,1300109,面精肉,凍肉店,835
2534839017743056898,香港事业部,NFT00.003034,豪氣有限公司,豪氣,分销业务冻品水产部销售部,萧景新,高峰四號肉 25KG,30,750,千克,14850,,,14732467,已登记,2026-05-11 00:00:00,2026-05-09 10:35:05,1300104005,1300104,四號肉,批發-加工,14850
2534835710618238985,香港事业部,NFT00.001922,新江公司,新江,分销业务冻品水产部销售部,李华兴,中國金鯧魚(200-300G)|10KG(黃帶),1,10,千克,370,,,14732471,已登记,2026-05-11 00:00:00,2026-05-09 10:28:39,1800108098,1800108,魚.其他,批發-加工,370
2534822928802906113,香港事业部,NFT00.000230,恆輝貿易公司,恆輝,分销业务冻品水产部销售部,凌靖翔,華英鴨胸肉|10KG 200-220G/塊),1,10,千克,136,,,14732469,已登记,2026-05-09 00:00:00,2026-05-09 10:03:51,1300903002,1300903,生鴨胸,批發-飛機,136
2534821219398582279,香港事业部,NFT00.000268,再豐有限公司,再豐,分销业务冻品水产部销售部,李华兴,遼寧銘川帶皮腿扒|15KG (300克+/塊),4,60,千克,886.8,,,14732472,已登记,2026-05-11 00:00:00,2026-05-09 10:00:33,1300607015,1300607,帶皮腿扒,批發-飛機,886.8
2534253244340764678,香港事业部,NFT00.000230,恆輝貿易公司,恆輝,分销业务冻品水产部销售部,凌靖翔,遼寧銘川帶皮腿扒|15KG (300克+/塊),5,75,千克,1108.5,,,14732304,已登记,2026-05-09 00:00:00,2026-05-08 15:38:32,1300607015,1300607,帶皮腿扒,批發-飛機,1108.5
2534218180227760129,香港事业部,15MYKD.SWT01,新華凍肉超級市場(葵芳),新華,分销业务冻品水产部销售部,李华兴,遼寧欣城帶骨雞全腿 200-220G|15KG,5,75,千克,1190.25,,,14731448,已登记,2026-05-09 00:00:00,2026-05-08 14:30:29,1300603036,1300603,帶骨全腿,批發-加工,1190.25
2534186062462320644,香港事业部,15MYKD.WHS03,榮興燒臘(單回公司),榮興,分销业务冻品水产部销售部,李华兴,優質梅肉|25KG,5,125,千克,3412.5,,,14731433,已登记,2026-05-09 00:00:00,2026-05-08 13:28:11,1300101007,1300101,一號肉,燒臘,3412.5
2534169277730127878,香港事业部,NFT00.000774,新昌,新昌,分销业务冻品水产部,张淑燕,遼寧銘川帶皮腿扒|15KG (300克+/塊),3,45,千克,3019.6,,,14731326,已登记,2026-05-11 00:00:00,2026-05-08 12:55:37,1300607015,1300607,帶皮腿扒,凍肉店,3019.6
2534169277730127878,香港事业部,NFT00.000774,新昌,新昌,分销业务冻品水产部,张淑燕,金鷹面精肉|25KG,1,25,千克,3019.6,,,14731326,已登记,2026-05-11 00:00:00,2026-05-08 12:55:37,1300109002,1300109,面精肉,凍肉店,0
2534169277730127878,香港事业部,NFT00.000774,新昌,新昌,分销业务冻品水产部,张淑燕,遼寧欣城帶骨雞全腿 300-320G|15KG,2,30,千克,3019.6,,,14731326,已登记,2026-05-11 00:00:00,2026-05-08 12:55:37,1300603041,1300603,帶骨全腿,凍肉店,0
2534169277730127878,香港事业部,NFT00.000774,新昌,新昌,分销业务冻品水产部,张淑燕,遼寧嘉士德去皮上腿肉|12KG,1,12,千克,3019.6,,,14731326,已登记,2026-05-11 00:00:00,2026-05-08 12:55:37,1300609018,1300609,去皮上腿肉,凍肉店,0
2534169277730127878,香港事业部,NFT00.000774,新昌,新昌,分销业务冻品水产部,张淑燕,至尊梅肉|25KG,1,25,千克,3019.6,,,14731326,已登记,2026-05-11 00:00:00,2026-05-08 12:55:37,1300101043,1300101,一號肉,凍肉店,0
2534161735767556099,香港事业部,NFT00.000209,裕豐優質食材專門店,裕豐,分销业务冻品水产部销售部,李华兴,高峰法式小切羊排 |10KG,2,20,千克,2102,,,14732139,已登记,2026-05-09 00:00:00,2026-05-08 12:40:58,1300501022,1300501,羊排,凍肉店,2102
2534154150855311367,香港事业部,NFT00.000079,明興凍肉食品有限公司,明興,分销业务冻品水产部销售部,李华兴,遼寧欣城帶骨雞全腿 200-220G|15KG,1,15,千克,238.05,,,14731271,已登记,2026-05-09 00:00:00,2026-05-08 12:26:15,1300603036,1300603,帶骨全腿,批發-加工,238.05
2534151049881583625,香港事业部,NFT00.000079,明興凍肉食品有限公司,明興,分销业务冻品水产部销售部,李华兴,遼寧欣城帶骨雞全腿 260-280G|15KG,8,120,千克,1719.6,,,14732113,已登记,2026-05-09 00:00:00,2026-05-08 12:20:14,1300603039,1300603,帶骨全腿,批發-加工,1719.6
2534145217315995649,香港事业部,NFT00.000239,東浩冷凍食品公司,東浩,分销业务冻品水产部销售部,李华兴,凍粟米粒|15KG(1KG*15),10,150,千克,1819.5,,,14732110,已登记,2026-05-09 00:00:00,2026-05-08 12:08:56,1311001016,1311001,#N/A,批發-加工,1819.5
2534142863681257472,香港事业部,NFT00.000091,恆昌凍肉食品有限公司,恆昌,分销业务冻品水产部销售部,谭小君,高峰網裝羊肩卷肉| 18KG,2,36,千克,2880,,,14731239,已登记,2026-05-08 00:00:00,2026-05-08 12:04:21,1300503009,1300503,羊肩卷肉,批發-加工,2880
2534137589461417993,香港事业部,NFT00.002551,溢利食品(香港)有限公司,溢利,分销业务冻品水产部销售部,凌靖翔,中國紅布腸|20KG,2,40,千克,936,,,14731204,已登记,2026-05-09 00:00:00,2026-05-08 11:54:07,1300114011,1300114,熟食,批發-飛機,936
2534136739057893379,香港事业部,NFT00.000268,再豐有限公司,再豐,分销业务冻品水产部销售部,李华兴,遼寧欣城雞翅尖IQF|10KG,2,20,千克,194,,,14731201,已登记,2026-05-09 00:00:00,2026-05-08 11:52:28,1300627002,1300627,翅尖,批發-飛機,194
2534134780552806409,香港事业部,NFT00.003074,信隆(亞洲)有限公司,信隆,分销业务冻品水产部销售部,谭小君,精品面精肉|25KG,5,125,千克,3975,,,14732090,已登记,2026-05-09 00:00:00,2026-05-08 11:48:40,1300109012,1300109,面精肉,批發-加工,3975
2534134522854768644,香港事业部,NFT00.000209,裕豐優質食材專門店,裕豐,分销业务冻品水产部销售部,李华兴,高峰法式小切羊排 |10KG,3,30,千克,3153,,,14731196,已登记,2026-05-11 00:00:00,2026-05-08 11:48:10,1300501022,1300501,羊排,凍肉店,3153
2534133139867959297,香港事业部,NFT00.000209,裕豐優質食材專門店,裕豐,分销业务冻品水产部销售部,李华兴,高峰法式小切羊排 |10KG,3,30,千克,3153,,,14731189,已登记,2026-05-09 00:00:00,2026-05-08 11:45:29,1300501022,1300501,羊排,凍肉店,3153
2534133019608875015,香港事业部,NFT00.002551,溢利食品(香港)有限公司,溢利,分销业务冻品水产部销售部,凌靖翔,中國紅布腸|20KG,2,40,千克,936,,,14732084,已关闭,2026-05-09 00:00:00,2026-05-08 11:45:16,1300114011,1300114,熟食,批發-飛機,936
2534125099696521220,香港事业部,NFT00.000230,恆輝貿易公司,恆輝,分销业务冻品水产部销售部,凌靖翔,遼寧銘川帶皮腿扒|15KG (250克+/塊),1,15,千克,221.7,,,14732076,已登记,2026-05-09 00:00:00,2026-05-08 11:29:54,1300607014,1300607,帶皮腿扒,批發-飛機,221.7
2534122505528934406,香港事业部,NFT00.002547,先進食品國際有限公司,先進,分销业务冻品水产部销售部,岑美玉,高峰四號肉 25KG,2,50,千克,990,,,14731171,已登记,2026-05-11 00:00:00,2026-05-08 11:24:51,1300104005,1300104,四號肉,批發-加工,990
2534112601341689859,香港事业部,NFT00.000091,恆昌凍肉食品有限公司,恆昌,分销业务冻品水产部销售部,谭小君,華英全淨膛鴨|11.2KG (1.4KG/只),10,112,千克,1176,,,14731138,已登记,2026-05-08 00:00:00,2026-05-08 11:05:39,1300901002,1300901,整鴨,批發-加工,1176
2534109955634495495,香港事业部,NFT00.002962,英豐(香港)貿易有限公司,英豐,分销业务冻品水产部销售部,李华兴,至尊梅肉|25KG,2,50,千克,1945,,,14731132,已登记,2026-05-11 00:00:00,2026-05-08 11:00:31,1300101043,1300101,一號肉,燒臘,1945
2534108409453608965,香港事业部,NFT00.000774,新昌,新昌,分销业务冻品水产部,张淑燕,至尊梅肉|25KG,1,25,千克,945,,,14731127,已关闭,2026-05-11 00:00:00,2026-05-08 10:57:30,1300101043,1300101,一號肉,凍肉店,945
2534108400856334337,香港事业部,NFT00.002962,英豐(香港)貿易有限公司,英豐,分销业务冻品水产部销售部,李华兴,至尊梅肉|25KG,4,100,千克,3890,,,14731126,已登记,2026-05-09 00:00:00,2026-05-08 10:57:29,1300101043,1300101,一號肉,燒臘,3890
2534107550452809734,香港事业部,NFT00.000774,新昌,新昌,分销业务冻品水产部,张淑燕,遼寧銘川帶皮腿扒|15KG (300克+/塊),3,45,千克,2594.6,,,14731123,已关闭,2026-05-11 00:00:00,2026-05-08 10:55:50,1300607015,1300607,帶皮腿扒,凍肉店,2594.6
2534107550452809734,香港事业部,NFT00.000774,新昌,新昌,分销业务冻品水产部,张淑燕,金鷹面精肉|25KG,1,25,千克,2594.6,,,14731123,已关闭,2026-05-11 00:00:00,2026-05-08 10:55:50,1300109002,1300109,面精肉,凍肉店,0
2534107550452809734,香港事业部,NFT00.000774,新昌,新昌,分销业务冻品水产部,张淑燕,金鷹寸骨|10KG (1K*10包),1,10,千克,2594.6,,,14731123,已关闭,2026-05-11 00:00:00,2026-05-08 10:55:50,1300111003,1300111,寸骨,凍肉店,0
2534107550452809734,香港事业部,NFT00.000774,新昌,新昌,分销业务冻品水产部,张淑燕,遼寧欣城帶骨雞全腿 300-320G|15KG,2,30,千克,2594.6,,,14731123,已关闭,2026-05-11 00:00:00,2026-05-08 10:55:50,1300603041,1300603,帶骨全腿,凍肉店,0
2534107550452809734,香港事业部,NFT00.000774,新昌,新昌,分销业务冻品水产部,张淑燕,遼寧嘉士德去皮上腿肉|12KG,1,12,千克,2594.6,,,14731123,已关闭,2026-05-11 00:00:00,2026-05-08 10:55:50,1300609018,1300609,去皮上腿肉,凍肉店,0
2534104509623304194,香港事业部,NFT00.000774,新昌,新昌,分销业务冻品水产部,张淑燕,至尊梅肉|25KG,1,25,千克,2375.4,,,14732025,已登记,2026-05-09 00:00:00,2026-05-08 10:49:56,1300101043,1300101,一號肉,凍肉店,2375.4
2534104509623304194,香港事业部,NFT00.000774,新昌,新昌,分销业务冻品水产部,张淑燕,遼寧欣城帶骨雞全腿 300-320G|15KG,2,30,千克,2375.4,,,14732025,已登记,2026-05-09 00:00:00,2026-05-08 10:49:56,1300603041,1300603,帶骨全腿,凍肉店,0
2534104509623304194,香港事业部,NFT00.000774,新昌,新昌,分销业务冻品水产部,张淑燕,遼寧嘉士德去皮上腿肉|12KG,2,24,千克,2375.4,,,14732025,已登记,2026-05-09 00:00:00,2026-05-08 10:49:56,1300609018,1300609,去皮上腿肉,凍肉店,0
2534104509623304194,香港事业部,NFT00.000774,新昌,新昌,分销业务冻品水产部,张淑燕,遼寧銘川帶皮腿扒|15KG (300克+/塊),3,45,千克,2375.4,,,14732025,已登记,2026-05-09 00:00:00,2026-05-08 10:49:56,1300607015,1300607,帶皮腿扒,凍肉店,0
2534100128756662280,香港事业部,15MYKD.80010851,再興燒臘飯店有限公司,再興,分销业务冻品水产部销售部,李华兴,至尊梅肉|25KG,5,125,千克,4862.5,,,14732008,已登记,2026-05-11 00:00:00,2026-05-08 10:41:27,1300101043,1300101,一號肉,燒臘,4862.5
2534093531686895620,香港事业部,NFT00.000357,三明有限公司,三明,分销业务冻品水产部销售部,张淑燕,精品面精肉|25KG,25,25,千克,795,,,14731110,已登记,2026-05-08 00:00:00,2026-05-08 10:28:39,1300109012,1300109,面精肉,批發-飛機,795
2534060494798454787,香港事业部,NFT00.000268,再豐有限公司,再豐,分销业务冻品水产部销售部,李华兴,遼寧銘川帶皮腿扒|15KG (300克+/塊),3,45,千克,665.1,,,14731919,已登记,2026-05-08 00:00:00,2026-05-08 09:24:32,1300607015,1300607,帶皮腿扒,批發-飛機,665.1
2533524946736381957,香港事业部,NFT00.000268,再豐有限公司,再豐,分销业务冻品水产部销售部,李华兴,遼寧銘川帶皮腿扒|15KG (300克+/塊),3,45,千克,665.1,,,14731795,已登记,2026-05-08 00:00:00,2026-05-07 16:05:27,1300607015,1300607,帶皮腿扒,批發-飛機,665.1
2533492244848050184,香港事业部,NFT00.000230,恆輝貿易公司,恆輝,分销业务冻品水产部销售部,凌靖翔,金鷹寸骨|10KG (1K*10包),1,10,千克,1815.2,,,14730912,已登记,2026-05-08 00:00:00,2026-05-07 15:02:00,1300111003,1300111,寸骨,批發-飛機,1815.2
2533492244848050184,香港事业部,NFT00.000230,恆輝貿易公司,恆輝,分销业务冻品水产部销售部,凌靖翔,遼寧銘川帶皮腿扒|15KG (300克+/塊),6,90,千克,1815.2,,,14730912,已登记,2026-05-08 00:00:00,2026-05-07 15:02:00,1300607015,1300607,帶皮腿扒,批發-飛機,0
2533469026262188034,香港事业部,NFT00.000758,啟如凍肉,#N/A,分销业务冻品水产部销售部,李华兴,中國紅布腸|20KG,1,20,千克,848.96,,,14730834,已关闭,2026-05-08 00:00:00,2026-05-07 14:16:57,1300114011,1300114,熟食,凍肉店,848.96
2533469026262188034,香港事业部,NFT00.000758,啟如凍肉,#N/A,分销业务冻品水产部销售部,李华兴,華英全淨膛鴨|14.4KG (1.8KG/只),2,28.8,千克,848.96,,,14730834,已关闭,2026-05-08 00:00:00,2026-05-07 14:16:57,1300901006,1300901,整鴨,凍肉店,0
2533402024772370434,香港事业部,NFT00.001922,新江公司,新江,分销业务冻品水产部销售部,李华兴,遼寧銘川帶皮腿扒|15KG (300克+/塊),10,150,千克,2217,,,14730744,已登记,2026-05-08 00:00:00,2026-05-07 12:06:57,1300607015,1300607,帶皮腿扒,批發-加工,2217
2533393340341157892,香港事业部,NFT00.000268,再豐有限公司,再豐,分销业务冻品水产部销售部,李华兴,遼寧銘川帶皮腿扒|15KG (300克+/塊),4,60,千克,886.8,,,14730715,已登记,2026-05-08 00:00:00,2026-05-07 11:50:06,1300607015,1300607,帶皮腿扒,批發-飛機,886.8
2533382963707510789,香港事业部,NFT00.000774,新昌,新昌,分销业务冻品水产部,张淑燕,金鷹寸骨|10KG (1K*10包),1,10,千克,2661.8,,,14730462,已登记,2026-05-08 00:00:00,2026-05-07 11:29:57,1300111003,1300111,寸骨,凍肉店,2661.8
2533382963707510789,香港事业部,NFT00.000774,新昌,新昌,分销业务冻品水产部,张淑燕,遼寧嘉士德去皮上腿肉|12KG,1,12,千克,2661.8,,,14730462,已登记,2026-05-08 00:00:00,2026-05-07 11:29:57,1300609018,1300609,去皮上腿肉,凍肉店,0
2533382963707510789,香港事业部,NFT00.000774,新昌,新昌,分销业务冻品水产部,张淑燕,至尊梅肉|25KG,1,25,千克,2661.8,,,14730462,已登记,2026-05-08 00:00:00,2026-05-07 11:29:57,1300101043,1300101,一號肉,凍肉店,0
2533382963707510789,香港事业部,NFT00.000774,新昌,新昌,分销业务冻品水产部,张淑燕,遼寧欣城帶骨雞全腿 300-320G|15KG,2,30,千克,2661.8,,,14730462,已登记,2026-05-08 00:00:00,2026-05-07 11:29:57,1300603041,1300603,帶骨全腿,凍肉店,0
2533382963707510789,香港事业部,NFT00.000774,新昌,新昌,分销业务冻品水产部,张淑燕,遼寧銘川帶皮腿扒|15KG (300克+/塊),3,45,千克,2661.8,,,14730462,已登记,2026-05-08 00:00:00,2026-05-07 11:29:57,1300607015,1300607,帶皮腿扒,凍肉店,0
2533343106411003909,香港事业部,NFT00.000385,誠信凍肉有限公司,誠信,分销业务冻品水产部销售部,李华兴,金鷹面精肉|25KG,4,100,千克,3340,,,14730591,已登记,2026-05-07 00:00:00,2026-05-07 10:12:37,1300109002,1300109,面精肉,凍肉店,3340
2533323246482227200,香港事业部,15MYKD.80036688,美亞食品貿易有限公司,美亞,分销业务冻品水产部销售部,许至邦,高峰法式羊排 8 支骨|20KG,3,60,千克,5760,,,14729534,已登记,2026-05-08 00:00:00,2026-05-07 09:34:07,1300501020,1300501,羊排,批發-加工,5760
2533299658521837568,香港事业部,NFT00.000230,恆輝貿易公司,恆輝,分销业务冻品水产部销售部,凌靖翔,高峰法式羊排 12 支骨|20KG,1,20,千克,1600,,,14730283,已登记,2026-05-07 00:00:00,2026-05-07 08:48:20,1300501019,1300501,羊排,批發-飛機,1600
2532648163522641925,香港事业部,NFT00.002547,先進食品國際有限公司,先進,分销业务冻品水产部销售部,岑美玉,高峰四號肉 25KG,2,50,千克,990,,,14730069,已登记,2026-05-07 00:00:00,2026-05-06 11:44:15,1300104005,1300104,四號肉,批發-加工,990
2532647854277656576,香港事业部,NFT00.000230,恆輝貿易公司,恆輝,分销业务冻品水产部销售部,凌靖翔,遼寧銘川帶皮腿扒|15KG (250克+/塊),1,15,千克,221.7,,,14730064,已登记,2026-05-07 00:00:00,2026-05-06 11:43:39,1300607014,1300607,帶皮腿扒,批發-飛機,221.7
2532647691076239361,香港事业部,NFT00.003074,信隆(亞洲)有限公司,信隆,分销业务冻品水产部销售部,谭小君,華英煙熏鴨胸肉|10KG (220-240G/塊)日文包裝,15,150,千克,3225,,,14730061,已登记,2026-05-07 00:00:00,2026-05-06 11:43:21,1300904023,1300904,煙熏鴨胸,批發-加工,3225
2532638182011305989,香港事业部,NFT00.000774,新昌,新昌,分销业务冻品水产部,张淑燕,至尊梅肉|25KG,1,25,千克,2511.7,,,14730023,已登记,2026-05-07 00:00:00,2026-05-06 11:24:54,1300101043,1300101,一號肉,凍肉店,2511.7
2532638182011305989,香港事业部,NFT00.000774,新昌,新昌,分销业务冻品水产部,张淑燕,金鷹寸骨|10KG (1K*10包),1,10,千克,2511.7,,,14730023,已登记,2026-05-07 00:00:00,2026-05-06 11:24:54,1300111003,1300111,寸骨,凍肉店,0
2532638182011305989,香港事业部,NFT00.000774,新昌,新昌,分销业务冻品水产部,张淑燕,遼寧嘉士德去皮上腿肉|12KG,2,24,千克,2511.7,,,14730023,已登记,2026-05-07 00:00:00,2026-05-06 11:24:54,1300609018,1300609,去皮上腿肉,凍肉店,0
2532638182011305989,香港事业部,NFT00.000774,新昌,新昌,分销业务冻品水产部,张淑燕,遼寧銘川帶皮腿扒|15KG (300克+/塊),3,45,千克,2511.7,,,14730023,已登记,2026-05-07 00:00:00,2026-05-06 11:24:54,1300607015,1300607,帶皮腿扒,凍肉店,0
2532578980182097926,香港事业部,NFT00.000230,恆輝貿易公司,恆輝,分销业务冻品水产部销售部,凌靖翔,高峰四號肉 25KG,5,125,千克,2475,,,14729791,已登记,2026-05-06 00:00:00,2026-05-06 09:30:02,1300104005,1300104,四號肉,批發-飛機,2475
2532023220003930120,香港事业部,NFT00.000759,天恆食品有限公司,天恆,分销业务冻品水产部销售部,岑美玉,高峰法式小切羊排 |10KG,5,50,千克,5150,,,14729627,已登记,2026-05-06 00:00:00,2026-05-05 15:31:43,1300501022,1300501,羊排,批發-飛機,5150
2532018237841866756,香港事业部,NFT00.000230,恆輝貿易公司,恆輝,分销业务冻品水产部销售部,凌靖翔,遼寧銘川帶皮腿扒|15KG (300克+/塊),3,45,千克,665.1,,,14728854,已登记,2026-05-06 00:00:00,2026-05-05 15:22:02,1300607015,1300607,帶皮腿扒,批發-飛機,665.1
2532017129747644421,香港事业部,NFT00.000230,恆輝貿易公司,恆輝,分销业务冻品水产部销售部,凌靖翔,遼寧銘川帶皮腿扒|15KG (300克+/塊),1,15,千克,221.7,,,14728853,已登记,2026-05-06 00:00:00,2026-05-05 15:19:52,1300607015,1300607,帶皮腿扒,批發-飛機,221.7
2532000327828242440,香港事业部,NFT00.001114,天后肉食有限公司,天后肉食,分销业务冻品水产部销售部,谭小君,高峰法式小切羊排 |10KG,1,10,千克,1030,,,14728823,已登记,2026-05-06 00:00:00,2026-05-05 14:47:17,1300501022,1300501,羊排,凍肉店,1030
2531982555260911616,香港事业部,NFT00.000229,駿利貿易公司,駿利,分销业务冻品水产部销售部,张淑燕,高峰法式小切羊排 |10KG,2,20,千克,2060,,,14728741,已登记,2026-05-06 00:00:00,2026-05-05 14:12:49,1300501022,1300501,羊排,批發-飛機,2060
2531950136847761416,香港事业部,NFT00.002547,先進食品國際有限公司,先進,分销业务冻品水产部销售部,岑美玉,高峰四號肉 25KG,2,50,千克,990,,,14728655,已登记,2026-05-06 00:00:00,2026-05-05 13:09:55,1300104005,1300104,四號肉,批發-加工,990
2531948513342783488,香港事业部,NFT00.002547,先進食品國際有限公司,先進,分销业务冻品水产部销售部,岑美玉,高峰四號肉 25KG,2,50,千克,990,,,14728654,已登记,2026-05-06 00:00:00,2026-05-05 13:06:46,1300104005,1300104,四號肉,批發-加工,990
2531904515697803269,香港事业部,NFT00.000229,駿利貿易公司,駿利,分销业务冻品水产部销售部,张淑燕,遼寧銘川帶皮腿扒|15KG (300克+/塊),3,45,千克,665.1,,,14728605,已登记,2026-05-06 00:00:00,2026-05-05 11:41:23,1300607015,1300607,帶皮腿扒,批發-飛機,665.1
2531899963032469513,香港事业部,NFT00.000774,新昌,新昌,分销业务冻品水产部,张淑燕,遼寧嘉士德去皮上腿肉|12KG,2,24,千克,1423.8,,,14728598,已登记,2026-05-06 00:00:00,2026-05-05 11:32:32,1300609018,1300609,去皮上腿肉,凍肉店,1423.8
2531899963032469513,香港事业部,NFT00.000774,新昌,新昌,分销业务冻品水产部,张淑燕,遼寧欣城帶骨雞全腿 300-320G|15KG,2,30,千克,1423.8,,,14728598,已登记,2026-05-06 00:00:00,2026-05-05 11:32:32,1300603041,1300603,帶骨全腿,凍肉店,0
2531899963032469513,香港事业部,NFT00.000774,新昌,新昌,分销业务冻品水产部,张淑燕,遼寧銘川帶皮腿扒|15KG (300克+/塊),3,45,千克,1423.8,,,14728598,已登记,2026-05-06 00:00:00,2026-05-05 11:32:32,1300607015,1300607,帶皮腿扒,凍肉店,0
2531899481996132353,香港事业部,NFT00.002220,新田食品貿易有限公司,新田,分销业务冻品水产部销售部,岑美玉,河南去皮上腿肉|12KG,5,60,千克,942,,,14728597,已登记,2026-05-06 00:00:00,2026-05-05 11:31:38,1300609001,1300609,去皮上腿肉,批發-加工,942
2531871590478512133,香港事业部,NFT00.000168,明記凍肉,明記,分销业务冻品水产部销售部,凌靖翔,高峰法式小切羊排 |10KG,1,10,千克,1030,,,14728569,已登记,2026-05-05 00:00:00,2026-05-05 10:37:31,1300501022,1300501,羊排,凍肉店,1030
2531866359215685639,香港事业部,NFT00.001114,天后肉食有限公司,天后肉食,分销业务冻品水产部销售部,谭小君,高峰法式小切羊排 |10KG,1,10,千克,1030,,,14728260,已关闭,2026-05-06 00:00:00,2026-05-05 10:27:20,1300501022,1300501,羊排,凍肉店,1030
2531865611891376129,香港事业部,NFT00.000385,誠信凍肉有限公司,誠信,分销业务冻品水产部销售部,李华兴,華英鴨胸肉|10KG 200-220G/塊),2,20,千克,272,,,14728565,已登记,2026-05-05 00:00:00,2026-05-05 10:25:54,1300903002,1300903,生鴨胸,凍肉店,272
2531852417751842820,香港事业部,NFT00.000140,聯合林記食品有限公司,聯合林記,分销业务冻品水产部销售部,莫艺生,河南去皮上腿肉|12KG,10,120,千克,1884,,,14727539,已登记,2026-05-05 00:00:00,2026-05-05 10:00:19,1300609001,1300609,去皮上腿肉,批發-加工,1884
2531848775612235779,香港事业部,NFT00.000230,恆輝貿易公司,恆輝,分销业务冻品水产部销售部,凌靖翔,遼寧銘川帶皮腿扒|15KG (250克+/塊),1,15,千克,221.7,,,14728198,已登记,2026-05-05 00:00:00,2026-05-05 09:53:14,1300607014,1300607,帶皮腿扒,批發-飛機,221.7
2531834688126844933,香港事业部,NFT00.003177,翎凰凍肉有限公司,翎凰,分销业务冻品水产部销售部,凌靖翔,至尊梅肉|25KG,10,250,千克,9200,,,14727522,已登记,2026-05-05 00:00:00,2026-05-05 09:25:54,1300101043,1300101,一號肉,批發-加工,9200
2531822748117762055,香港事业部,NFT00.000230,恆輝貿易公司,恆輝,分销业务冻品水产部销售部,凌靖翔,金鷹面精肉|25KG,8,200,千克,6680,,,14728133,已登记,2026-05-05 00:00:00,2026-05-05 09:02:45,1300109002,1300109,面精肉,批發-飛機,6680
2531330759606665223,香港事业部,NFT00.000230,恆輝貿易公司,恆輝,分销业务冻品水产部销售部,凌靖翔,華英全淨膛鴨|14.4KG (1.8KG/只),2,28.8,千克,305.28,,,14728098,已关闭,2026-05-05 00:00:00,2026-05-04 17:08:10,1300901006,1300901,整鴨,批發-飛機,305.28
2531300325475745795,香港事业部,#N/A,華潤膳食管理部,#N/A,分销业务销售发展部销售部,黎文欣,江中猴姑梨杷甘| 125ML*4*27,27,1,箱,266,,,14728067,已登记,2026-05-05 00:00:00,2026-05-04 16:09:06,#N/A,#N/A,#N/A,,266
2531195433784442881,香港事业部,NFT00.000230,恆輝貿易公司,恆輝,分销业务冻品水产部销售部,凌靖翔,華英全淨膛鴨|14.4KG (1.8KG/只),1,14.4,千克,152.64,,,14727023,已关闭,2026-05-05 00:00:00,2026-05-04 12:45:35,1300901006,1300901,整鴨,批發-飛機,152.64
2531165119905267713,香港事业部,NFT00.003074,信隆(亞洲)有限公司,信隆,分销业务冻品水产部销售部,谭小君,高峰法式羊排 8 支骨|20KG,5,100,千克,9300,,,14726558,已登记,2026-05-05 00:00:00,2026-05-04 11:46:47,1300501020,1300501,羊排,批發-加工,9300
2531163401911009287,香港事业部,NFT00.000230,恆輝貿易公司,恆輝,分销业务冻品水产部销售部,凌靖翔,高峰四號肉 25KG,2,50,千克,2506.8,,,14726949,已登记,2026-05-05 00:00:00,2026-05-04 11:43:27,1300104005,1300104,四號肉,批發-飛機,2506.8
2531163401911009287,香港事业部,NFT00.000230,恆輝貿易公司,恆輝,分销业务冻品水产部销售部,凌靖翔,河南去皮上腿肉|12KG,8,96,千克,2506.8,,,14726949,已登记,2026-05-05 00:00:00,2026-05-04 11:43:27,1300609001,1300609,去皮上腿肉,批發-飛機,0
2531162319579250695,香港事业部,NFT00.000091,恆昌凍肉食品有限公司,恆昌,分销业务冻品水产部销售部,谭小君,高峰網裝羊肩卷肉| 18KG,1,18,千克,1440,,,14726559,已登记,2026-05-04 00:00:00,2026-05-04 11:41:20,1300503009,1300503,羊肩卷肉,批發-加工,1440
2531161091218604040,香港事业部,NFT00.000759,天恆食品有限公司,天恆,分销业务冻品水产部销售部,岑美玉,高峰柱裝羊卷肉|20KG,1,20,千克,1180,,,14726928,已登记,2026-05-04 00:00:00,2026-05-04 11:38:57,1300511002,1300511,羊卷肉,批發-飛機,1180
2531152741809520641,香港事业部,NFT00.000774,新昌,新昌,分销业务冻品水产部,张淑燕,山東煙熏鴨胸肉|10KG (200-220G/塊)日文包裝,1,10,千克,1643.9,,,14726539,已登记,2026-05-05 00:00:00,2026-05-04 11:22:45,1300904016,1300904,煙熏鴨胸,凍肉店,1643.9
2531152741809520641,香港事业部,NFT00.000774,新昌,新昌,分销业务冻品水产部,张淑燕,金鷹寸骨|10KG (1K*10包),1,10,千克,1643.9,,,14726539,已登记,2026-05-05 00:00:00,2026-05-04 11:22:45,1300111003,1300111,寸骨,凍肉店,0
2531152741809520641,香港事业部,NFT00.000774,新昌,新昌,分销业务冻品水产部,张淑燕,遼寧嘉士德去皮上腿肉|12KG,1,12,千克,1643.9,,,14726539,已登记,2026-05-05 00:00:00,2026-05-04 11:22:45,1300609018,1300609,去皮上腿肉,凍肉店,0
2531152741809520641,香港事业部,NFT00.000774,新昌,新昌,分销业务冻品水产部,张淑燕,遼寧銘川帶皮腿扒|15KG (300克+/塊),3,45,千克,1643.9,,,14726539,已登记,2026-05-05 00:00:00,2026-05-04 11:22:45,1300607015,1300607,帶皮腿扒,凍肉店,0
2531112085641756675,香港事业部,NFT00.000385,誠信凍肉有限公司,誠信,分销业务冻品水产部销售部,李华兴,華英鴨胸肉|10KG 200-220G/塊),1,10,千克,136,,,14726326,已关闭,2026-05-04 00:00:00,2026-05-04 10:03:52,1300903002,1300903,生鴨胸,凍肉店,136
2531088128314179587,香港事业部,NFT00.000229,駿利貿易公司,駿利,分销业务冻品水产部销售部,张淑燕,遼寧銘川帶皮腿扒|15KG (300克+/塊),2,30,千克,443.4,,,14726224,已登记,2026-05-04 00:00:00,2026-05-04 09:17:24,1300607015,1300607,帶皮腿扒,批發-飛機,443.4
2529680177912348672,香港事业部,NFT00.000268,再豐有限公司,再豐,分销业务冻品水产部销售部,李华兴,遼寧欣城帶骨雞全腿 280-300G|15KG,1,15,千克,188.55,,,14726098,已登记,2026-05-04 00:00:00,2026-05-02 11:45:37,1300603040,1300603,帶骨全腿,批發-飛機,188.55
2529666811966783491,香港事业部,NFT00.000385,誠信凍肉有限公司,誠信,分销业务冻品水产部销售部,李华兴,金鷹面精肉|25KG,2,50,千克,1670,,,14726097,已登记,2026-05-02 00:00:00,2026-05-02 11:19:40,1300109002,1300109,面精肉,凍肉店,1670
2529632538127761417,香港事业部,NFT00.000268,再豐有限公司,再豐,分销业务冻品水产部销售部,李华兴,遼寧銘川帶皮腿扒|15KG (300克+/塊),4,60,千克,886.8,,,14726040,已登记,2026-05-04 00:00:00,2026-05-02 10:13:15,1300607015,1300607,帶皮腿扒,批發-飛機,886.8
2528316293860294663,香港事业部,NFT00.002160,鴻興食品供應有限公司,鴻興,分销业务冻品水产部销售部,谭小君,華王樂雞肉腸｜10.88KG(340.2g*32),4,128,包,883.2,,,14725002,已登记,2026-05-02 00:00:00,2026-04-30 15:39:19,1310501001,1310501,腸類.雞肉腸,批發-加工,883.2
2528281556164804614,香港事业部,NFT00.000230,恆輝貿易公司,恆輝,分销业务冻品水产部销售部,凌靖翔,金鷹寸骨|10KG (1K*10包),1,10,千克,520,,,14725584,已登记,2026-05-02 00:00:00,2026-04-30 14:31:55,1300111003,1300111,寸骨,批發-飛機,520
2528196318243848196,香港事业部,NFT00.000230,恆輝貿易公司,恆輝,分销业务冻品水产部销售部,凌靖翔,遼寧欣城帶骨雞全腿 280-300G|15KG,1,15,千克,410.25,,,14724634,已登记,2026-05-02 00:00:00,2026-04-30 11:46:33,1300603040,1300603,帶骨全腿,批發-飛機,410.25
2528196318243848196,香港事业部,NFT00.000230,恆輝貿易公司,恆輝,分销业务冻品水产部销售部,凌靖翔,遼寧銘川帶皮腿扒|15KG (250克+/塊),1,15,千克,410.25,,,14724634,已登记,2026-05-02 00:00:00,2026-04-30 11:46:33,1300607014,1300607,帶皮腿扒,批發-飛機,0
2528186792006385666,香港事业部,NFT00.000230,恆輝貿易公司,恆輝,分销业务冻品水产部销售部,凌靖翔,遼寧銘川帶皮腿扒|15KG (250克+/塊),1,15,千克,221.7,,,14724314,已登记,2026-05-02 00:00:00,2026-04-30 11:28:03,1300607014,1300607,帶皮腿扒,批發-飛機,221.7
2528183725407076353,香港事业部,NFT00.000774,新昌,新昌,分销业务冻品水产部,张淑燕,金鷹面精肉|25KG,1,25,千克,1355,,,14724311,已登记,2026-05-04 00:00:00,2026-04-30 11:22:07,1300109002,1300109,面精肉,凍肉店,1355
2528183725407076353,香港事业部,NFT00.000774,新昌,新昌,分销业务冻品水产部,张淑燕,金鷹寸骨|10KG (1K*10包),1,10,千克,1355,,,14724311,已登记,2026-05-04 00:00:00,2026-04-30 11:22:07,1300111003,1300111,寸骨,凍肉店,0
2528182986672701440,香港事业部,NFT00.000774,新昌,新昌,分销业务冻品水产部,张淑燕,至尊梅肉|25KG,1,25,千克,2178,,,14724313,已登记,2026-05-04 00:00:00,2026-04-30 11:20:41,1300101043,1300101,一號肉,凍肉店,2178
2528182986672701440,香港事业部,NFT00.000774,新昌,新昌,分销业务冻品水产部,张淑燕,遼寧欣城帶骨雞全腿 320-340G|15KG,2,30,千克,2178,,,14724313,已登记,2026-05-04 00:00:00,2026-04-30 11:20:41,1300603042,1300603,帶骨全腿,凍肉店,0
2528182986672701440,香港事业部,NFT00.000774,新昌,新昌,分销业务冻品水产部,张淑燕,遼寧嘉士德去皮上腿肉|12KG,1,12,千克,2178,,,14724313,已登记,2026-05-04 00:00:00,2026-04-30 11:20:41,1300609018,1300609,去皮上腿肉,凍肉店,0
2528182986672701440,香港事业部,NFT00.000774,新昌,新昌,分销业务冻品水产部,张淑燕,遼寧銘川帶皮腿扒|15KG (300克+/塊),3,45,千克,2178,,,14724313,已登记,2026-05-04 00:00:00,2026-04-30 11:20:41,1300607015,1300607,帶皮腿扒,凍肉店,0
2528181663815434241,香港事业部,NFT00.000774,新昌,新昌,分销业务冻品水产部,张淑燕,金鷹寸骨|10KG (1K*10包),1,10,千克,520,,,14724614,已登记,2026-05-02 00:00:00,2026-04-30 11:18:06,1300111003,1300111,寸骨,凍肉店,520
2528181131239489543,香港事业部,NFT00.000774,新昌,新昌,分销业务冻品水产部,张淑燕,遼寧欣城帶骨雞全腿 320-340G|15KG,2,30,千克,1617.8,,,14724610,已登记,2026-05-02 00:00:00,2026-04-30 11:17:05,1300603042,1300603,帶骨全腿,凍肉店,1617.8
2528181131239489543,香港事业部,NFT00.000774,新昌,新昌,分销业务冻品水产部,张淑燕,遼寧嘉士德去皮上腿肉|12KG,2,24,千克,1617.8,,,14724610,已登记,2026-05-02 00:00:00,2026-04-30 11:17:05,1300609018,1300609,去皮上腿肉,凍肉店,0
2528181131239489543,香港事业部,NFT00.000774,新昌,新昌,分销业务冻品水产部,张淑燕,遼寧銘川帶皮腿扒|15KG (300克+/塊),3,45,千克,1617.8,,,14724610,已登记,2026-05-02 00:00:00,2026-04-30 11:17:05,1300607015,1300607,帶皮腿扒,凍肉店,0
2528181131239489543,香港事业部,NFT00.000774,新昌,新昌,分销业务冻品水产部,张淑燕,遼寧欣城雞翅尖IQF|10KG,2,20,千克,1617.8,,,14724610,已登记,2026-05-02 00:00:00,2026-04-30 11:17:05,1300627002,1300627,翅尖,凍肉店,0
2528142674109661193,香港事业部,NFT00.000229,駿利貿易公司,駿利,分销业务冻品水产部销售部,张淑燕,金鷹寸骨|10KG (1K*10包),1,10,千克,520,,,14723512,已登记,2026-04-30 00:00:00,2026-04-30 10:02:28,1300111003,1300111,寸骨,批發-飛機,520
2527619143366082569,香港事业部,NFT00.001922,新江公司,新江,分销业务冻品水产部销售部,李华兴,遼寧欣城帶骨雞全腿 280-300G|15KG,1,15,千克,188.55,,,14723419,已登记,2026-04-30 00:00:00,2026-04-29 17:06:40,1300603040,1300603,帶骨全腿,批發-加工,188.55
2527618387444498435,香港事业部,NFT00.001922,新江公司,新江,分销业务冻品水产部销售部,李华兴,遼寧欣城帶骨雞全腿 280-300G|15KG,1,15,千克,188.55,,,14723420,已登记,2026-04-30 00:00:00,2026-04-29 17:05:13,1300603040,1300603,帶骨全腿,批發-加工,188.55
2527608904164048897,香港事业部,NFT00.001922,新江公司,新江,分销业务冻品水产部销售部,李华兴,高峰四號肉 25KG,2,50,千克,990,,,14723407,已登记,2026-04-30 00:00:00,2026-04-29 16:46:48,1300104005,1300104,四號肉,批發-加工,990
2527606636421316614,香港事业部,NFT00.001922,新江公司,新江,分销业务冻品水产部销售部,李华兴,遼寧欣城帶骨雞全腿 240-260G|15KG,3,45,千克,664.65,,,14723881,已登记,2026-04-30 00:00:00,2026-04-29 16:42:25,1300603038,1300603,帶骨全腿,批發-加工,664.65
2527604841124986880,香港事业部,NFT00.001922,新江公司,新江,分销业务冻品水产部销售部,李华兴,遼寧銘川帶皮腿扒|15KG (300克+/塊),10,150,千克,2217,,,14723882,已登记,2026-04-30 00:00:00,2026-04-29 16:38:56,1300607015,1300607,帶皮腿扒,批發-加工,2217
2527484796789063683,香港事业部,NFT00.000169,福源食品有限公司,福源,分销业务冻品水产部销售部,罗展勤,遼寧銘川帶皮腿扒|15KG (300克+/塊),10,150,千克,2217,,,14723072,已登记,2026-04-29 00:00:00,2026-04-29 12:46:00,1300607015,1300607,帶皮腿扒,批發-加工,2217
2527480561943969792,香港事业部,NFT00.003034,豪氣有限公司,豪氣,分销业务冻品水产部销售部,萧景新,高峰四號肉 25KG,10,250,千克,4950,,,14723734,已登记,2026-04-30 00:00:00,2026-04-29 12:37:48,1300104005,1300104,四號肉,批發-加工,4950
2527445411931619335,香港事业部,15MYKD.KSH05,佳城興業有限公司火炭,佳城興業,分销业务冻品水产部销售部,岑美玉,高峰四號肉 25KG,3,75,千克,1485,,,14723659,已登记,2026-04-30 00:00:00,2026-04-29 11:29:36,1300104005,1300104,四號肉,批發-加工,1485
2527439553603567622,香港事业部,NFT00.000774,新昌,新昌,分销业务冻品水产部,张淑燕,金鷹面精肉|25KG,1,25,千克,1355,,,14723624,已登记,2026-04-30 00:00:00,2026-04-29 11:18:13,1300109002,1300109,面精肉,凍肉店,1355
2527439553603567622,香港事业部,NFT00.000774,新昌,新昌,分销业务冻品水产部,张淑燕,金鷹寸骨|10KG (1K*10包),1,10,千克,1355,,,14723624,已登记,2026-04-30 00:00:00,2026-04-29 11:18:13,1300111003,1300111,寸骨,凍肉店,0
2527438462681874435,香港事业部,NFT00.000774,新昌,新昌,分销业务冻品水产部,张淑燕,遼寧欣城帶骨雞全腿 320-340G|15KG,2,30,千克,1811.8,,,14722959,已登记,2026-04-30 00:00:00,2026-04-29 11:16:07,1300603042,1300603,帶骨全腿,凍肉店,1811.8
2527438462681874435,香港事业部,NFT00.000774,新昌,新昌,分销业务冻品水产部,张淑燕,遼寧嘉士德去皮上腿肉|12KG,2,24,千克,1811.8,,,14722959,已登记,2026-04-30 00:00:00,2026-04-29 11:16:07,1300609018,1300609,去皮上腿肉,凍肉店,0
2527438462681874435,香港事业部,NFT00.000774,新昌,新昌,分销业务冻品水产部,张淑燕,遼寧欣城雞翅尖IQF|10KG,4,40,千克,1811.8,,,14722959,已登记,2026-04-30 00:00:00,2026-04-29 11:16:07,1300627002,1300627,翅尖,凍肉店,0
2527438462681874435,香港事业部,NFT00.000774,新昌,新昌,分销业务冻品水产部,张淑燕,遼寧銘川帶皮腿扒|15KG (300克+/塊),3,45,千克,1811.8,,,14722959,已登记,2026-04-30 00:00:00,2026-04-29 11:16:07,1300607015,1300607,帶皮腿扒,凍肉店,0
2527434081815232512,香港事业部,NFT00.000230,恆輝貿易公司,恆輝,分销业务冻品水产部销售部,凌靖翔,優質梅肉|25KG,1,25,千克,655,,,14722940,已登记,2026-04-29 00:00:00,2026-04-29 11:07:36,1300101007,1300101,一號肉,批發-飛機,655
2527400289005207554,香港事业部,NFT00.000230,恆輝貿易公司,恆輝,分销业务冻品水产部销售部,凌靖翔,遼寧銘川帶皮腿扒|15KG (250克+/塊),1,15,千克,221.7,,,14722841,已登记,2026-04-29 00:00:00,2026-04-29 10:02:02,1300607014,1300607,帶皮腿扒,批發-飛機,221.7
2527397858061058052,香港事业部,NFT00.000168,明記凍肉,明記,分销业务冻品水产部销售部,凌靖翔,金鷹面精肉|25KG,1,25,千克,835,,,14723566,已登记,2026-04-29 00:00:00,2026-04-29 09:57:20,1300109002,1300109,面精肉,凍肉店,835
2526872265733177346,香港事业部,NFT00.003034,豪氣有限公司,豪氣,分销业务冻品水产部销售部,萧景新,高峰柱裝羊卷肉|20KG,3,60,千克,3540,,,14721492,已登记,2026-04-29 00:00:00,2026-04-28 16:57:32,1300511002,1300511,羊卷肉,批發-加工,3540
2526839898859634696,香港事业部,NFT00.000230,恆輝貿易公司,恆輝,分销业务冻品水产部销售部,凌靖翔,遼寧銘川帶皮腿扒|15KG (300克+/塊),4,60,千克,886.8,,,14722604,已登记,2026-04-29 00:00:00,2026-04-28 15:54:44,1300607015,1300607,帶皮腿扒,批發-飛機,886.8
2526825983165595654,香港事业部,NFT00.001114,天后肉食有限公司,天后肉食,分销业务冻品水产部销售部,谭小君,高峰法式小切羊排 |10KG,1,10,千克,1030,,,14722541,已登记,2026-04-29 00:00:00,2026-04-28 15:27:44,1300501022,1300501,羊排,凍肉店,1030
2526821954486272004,香港事业部,NFT00.002160,鴻興食品供應有限公司,鴻興,分销业务冻品水产部销售部,谭小君,華英帶骨鴨腿|10KG (220-240G/只),2,20,千克,270,,,14722601,已登记,2026-04-29 00:00:00,2026-04-28 15:19:55,1300902003,1300902,帶骨整腿,批發-加工,270
2526726657751908360,香港事业部,NFT00.000229,駿利貿易公司,駿利,分销业务冻品水产部销售部,张淑燕,遼寧欣城帶骨雞全腿 320-340G|15KG,10,150,千克,1885.5,,,14722218,已登记,2026-04-29 00:00:00,2026-04-28 12:15:01,1300603042,1300603,帶骨全腿,批發-飛機,1885.5
2526716564571422724,香港事业部,NFT00.000759,天恆食品有限公司,天恆,分销业务冻品水产部销售部,岑美玉,高峰法式羊排 8 支骨|20KG,1,20,千克,1860,,,14721260,已登记,2026-04-29 00:00:00,2026-04-28 11:55:26,1300501020,1300501,羊排,批發-飛機,1860
2526709056968589317,香港事业部,NFT00.000229,駿利貿易公司,駿利,分销业务冻品水产部销售部,张淑燕,遼寧銘川帶皮腿扒|15KG (300克+/塊),3,45,千克,665.1,,,14721249,已登记,2026-04-29 00:00:00,2026-04-28 11:40:52,1300607015,1300607,帶皮腿扒,批發-飛機,665.1
2526706754873458689,香港事业部,#N/A,华润(集团)有限公司,#N/A,分销业务鲜肉部销售部,李北侦,金豐年優質一等五常大米|5KG*4,4,1,箱,393,,,,开立,2026-04-29 00:00:00,2026-04-28 11:36:24,#N/A,#N/A,#N/A,小餐,0
2526697228628656135,香港事业部,NFT00.000385,誠信凍肉有限公司,誠信,分销业务冻品水产部销售部,李华兴,金鷹面精肉|25KG,1,25,千克,835,,,14721201,已登记,2026-04-28 00:00:00,2026-04-28 11:17:57,1300109002,1300109,面精肉,凍肉店,835
2526693552143990792,香港事业部,NFT00.003074,信隆(亞洲)有限公司,信隆,分销业务冻品水产部销售部,谭小君,高峰法式羊排 8 支骨|20KG,5,100,千克,9300,,,14721206,已登记,2026-04-29 00:00:00,2026-04-28 11:10:47,1300501020,1300501,羊排,批發-加工,9300
2526691292983853059,香港事业部,NFT00.000774,新昌,新昌,分销业务冻品水产部,张淑燕,遼寧欣城雞翅尖IQF|10KG,2,20,千克,1870.4,,,14722151,已登记,2026-04-29 00:00:00,2026-04-28 11:06:24,1300627002,1300627,翅尖,凍肉店,1870.4
2526691292983853059,香港事业部,NFT00.000774,新昌,新昌,分销业务冻品水产部,张淑燕,遼寧欣城帶骨雞全腿 320-340G|15KG,2,30,千克,1870.4,,,14722151,已登记,2026-04-29 00:00:00,2026-04-28 11:06:24,1300603042,1300603,帶骨全腿,凍肉店,0
2526691292983853059,香港事业部,NFT00.000774,新昌,新昌,分销业务冻品水产部,张淑燕,遼寧嘉士德去皮上腿肉|12KG,1,12,千克,1870.4,,,14722151,已登记,2026-04-29 00:00:00,2026-04-28 11:06:24,1300609018,1300609,去皮上腿肉,凍肉店,0
2526691292983853059,香港事业部,NFT00.000774,新昌,新昌,分销业务冻品水产部,张淑燕,遼寧銘川帶皮腿扒|15KG (300克+/塊),5,75,千克,1870.4,,,14722151,已登记,2026-04-29 00:00:00,2026-04-28 11:06:24,1300607015,1300607,帶皮腿扒,凍肉店,0
2526650095657549826,香港事业部,NFT00.000230,恆輝貿易公司,恆輝,分销业务冻品水产部销售部,凌靖翔,高峰四號肉 25KG,1,25,千克,495,,,14722033,已登记,2026-04-28 00:00:00,2026-04-28 09:46:28,1300104005,1300104,四號肉,批發-飛機,495
2526646616734040064,香港事业部,NFT00.000230,恆輝貿易公司,恆輝,分销业务冻品水产部销售部,凌靖翔,高峰四號肉 25KG,4,100,千克,1980,,,14721123,已关闭,2026-04-28 00:00:00,2026-04-28 09:39:43,1300104005,1300104,四號肉,批發-飛機,1980
2526638198605479939,香港事业部,NFT00.003177,翎凰凍肉有限公司,翎凰,分销业务冻品水产部销售部,凌靖翔,至尊梅肉|25KG,15,375,千克,13800,,,14722012,已登记,2026-04-29 00:00:00,2026-04-28 09:23:23,1300101043,1300101,一號肉,批發-加工,13800
2526621834772742151,香港事业部,NFT00.000230,恆輝貿易公司,恆輝,分销业务冻品水产部销售部,凌靖翔,金鷹寸骨|10KG (1K*10包),1,10,千克,485,,,14722010,已登记,2026-04-28 00:00:00,2026-04-28 08:51:41,1300111003,1300111,寸骨,批發-飛機,485
2526075686731382786,香港事业部,NFT00.000230,恆輝貿易公司,恆輝,分销业务冻品水产部销售部,凌靖翔,遼寧銘川帶皮腿扒|15KG (300克+/塊),3,45,千克,665.1,,,14721773,已登记,2026-04-28 00:00:00,2026-04-27 15:11:58,1300607015,1300607,帶皮腿扒,批發-飛機,665.1
2526042383562309632,香港事业部,NFT00.000230,恆輝貿易公司,恆輝,分销业务冻品水产部销售部,凌靖翔,金鷹面精肉|25KG,9,225,千克,7335,,,14721682,已登记,2026-04-28 00:00:00,2026-04-27 14:07:22,1300109002,1300109,面精肉,批發-飛機,7335
2526004278605119489,香港事业部,NFT00.000169,福源食品有限公司,福源,分销业务冻品水产部销售部,罗展勤,遼寧銘川帶皮腿扒|15KG (300克+/塊),10,150,千克,2217,,,14720896,已登记,2026-04-27 00:00:00,2026-04-27 12:53:26,1300607015,1300607,帶皮腿扒,批發-加工,2217
2525981575407992839,香港事业部,NFT00.003074,信隆(亞洲)有限公司,信隆,分销业务冻品水产部销售部,谭小君,金鷹面精肉|25KG,4,100,千克,3260,,,14721566,已登记,2026-04-28 00:00:00,2026-04-27 12:09:22,1300109002,1300109,面精肉,批發-加工,3260
2525979342024998921,香港事业部,NFT00.003074,信隆(亞洲)有限公司,信隆,分销业务冻品水产部销售部,谭小君,華英煙熏鴨胸肉|10KG (240-260G/塊)日文包裝,15,150,千克,3225,,,14720792,已登记,2026-04-28 00:00:00,2026-04-27 12:05:03,1300904024,1300904,煙熏鴨胸,批發-加工,3225
2525970245291606016,香港事业部,NFT00.000230,恆輝貿易公司,恆輝,分销业务冻品水产部销售部,凌靖翔,高峰四號肉 25KG,6,150,千克,5984.4,,,14720548,已登记,2026-04-28 00:00:00,2026-04-27 11:47:23,1300104005,1300104,四號肉,批發-飛機,5984.4
2525970245291606016,香港事业部,NFT00.000230,恆輝貿易公司,恆輝,分销业务冻品水产部销售部,凌靖翔,河南去皮上腿肉|12KG,16,192,千克,5984.4,,,14720548,已登记,2026-04-28 00:00:00,2026-04-27 11:47:23,1300609001,1300609,去皮上腿肉,批發-飛機,0
2525963983229288452,香港事业部,NFT00.000774,新昌,新昌,分销业务冻品水产部,张淑燕,遼寧嘉士德去皮上腿肉|12KG,1,12,千克,1238.4,,,14720525,已登记,2026-04-28 00:00:00,2026-04-27 11:35:14,1300609018,1300609,去皮上腿肉,凍肉店,1238.4
2525963983229288452,香港事业部,NFT00.000774,新昌,新昌,分销业务冻品水产部,张淑燕,遼寧欣城帶骨雞全腿 320-340G|15KG,2,30,千克,1238.4,,,14720525,已登记,2026-04-28 00:00:00,2026-04-27 11:35:14,1300603042,1300603,帶骨全腿,凍肉店,0
2525963983229288452,香港事业部,NFT00.000774,新昌,新昌,分销业务冻品水产部,张淑燕,遼寧銘川帶皮腿扒|15KG (300克+/塊),3,45,千克,1238.4,,,14720525,已登记,2026-04-28 00:00:00,2026-04-27 11:35:14,1300607015,1300607,帶皮腿扒,凍肉店,0
2525962170745749505,香港事业部,NFT00.000230,恆輝貿易公司,恆輝,分销业务冻品水产部销售部,凌靖翔,金鷹寸骨|10KG (1K*10包),1,10,千克,485,,,14720523,已登记,2026-04-28 00:00:00,2026-04-27 11:31:43,1300111003,1300111,寸骨,批發-飛機,485
2525947104007815171,香港事业部,NFT00.000116,新協興凍肉食品公司,新協興,分销业务冻品水产部销售部,凌靖翔,金鷹寸骨|10KG (1K*10包),1,10,千克,485,,,14720668,已登记,2026-04-27 00:00:00,2026-04-27 11:02:29,1300111003,1300111,寸骨,批發-加工,485
2525929554764103689,香港事业部,NFT00.000357,三明有限公司,三明,分销业务冻品水产部销售部,张淑燕,金鷹寸骨|10KG (1K*10包),1,10,千克,485,,,14720444,已登记,2026-04-27 00:00:00,2026-04-27 10:28:26,1300111003,1300111,寸骨,批發-飛機,485
2524490706360205312,香港事业部,NFT00.000230,恆輝貿易公司,恆輝,分销业务冻品水产部销售部,凌靖翔,遼寧銘川帶皮腿扒|15KG (300克+/塊),3,45,千克,665.1,,,14720175,已登记,2026-04-27 00:00:00,2026-04-25 11:56:42,1300607015,1300607,帶皮腿扒,批發-飛機,665.1
2524475253067874310,香港事业部,NFT00.000230,恆輝貿易公司,恆輝,分销业务冻品水产部销售部,凌靖翔,遼寧欣城帶骨雞全腿 280-300G|15KG,1,15,千克,2405.55,,,14720176,已登记,2026-04-27 00:00:00,2026-04-25 11:26:44,1300603040,1300603,帶骨全腿,批發-飛機,2405.55
2524475253067874310,香港事业部,NFT00.000230,恆輝貿易公司,恆輝,分销业务冻品水产部销售部,凌靖翔,遼寧銘川帶皮腿扒|15KG (250克+/塊),10,150,千克,2405.55,,,14720176,已登记,2026-04-27 00:00:00,2026-04-25 11:26:44,1300607014,1300607,帶皮腿扒,批發-飛機,0
2524468149191966725,香港事业部,NFT00.000230,恆輝貿易公司,恆輝,分销业务冻品水产部销售部,凌靖翔,遼寧銘川帶皮腿扒|15KG (300克+/塊),2,30,千克,443.4,,,14719305,已登记,2026-04-27 00:00:00,2026-04-25 11:12:58,1300607015,1300607,帶皮腿扒,批發-飛機,443.4
2524432011337138183,香港事业部,NFT00.000169,福源食品有限公司,福源,分销业务冻品水产部销售部,罗展勤,遼寧欣城帶骨雞全腿 280-300G|15KG,10,150,千克,6946.5,,,14720116,已登记,2026-04-25 00:00:00,2026-04-25 10:02:50,1300603040,1300603,帶骨全腿,批發-加工,6946.5
2524432011337138183,香港事业部,NFT00.000169,福源食品有限公司,福源,分销业务冻品水产部销售部,罗展勤,河南去皮上腿肉|12KG,15,180,千克,6946.5,,,14720116,已登记,2026-04-25 00:00:00,2026-04-25 10:02:50,1300609001,1300609,去皮上腿肉,批發-加工,0
2524432011337138183,香港事业部,NFT00.000169,福源食品有限公司,福源,分销业务冻品水产部销售部,罗展勤,遼寧銘川帶皮腿扒|15KG (300克+/塊),10,150,千克,6946.5,,,14720116,已登记,2026-04-25 00:00:00,2026-04-25 10:02:50,1300607015,1300607,帶皮腿扒,批發-加工,0
2524431521718206473,香港事业部,NFT00.001901,福偉集團有限公司,福偉,分销业务冻品水产部销售部,谭小君,遼寧欣城帶骨雞全腿 280-300G|15KG,3,45,千克,565.65,,,14719289,已登记,2026-04-25 00:00:00,2026-04-25 10:01:53,1300603040,1300603,帶骨全腿,批發-加工,565.65
2524417915261812737,香港事业部,NFT00.000230,恆輝貿易公司,恆輝,分销业务冻品水产部销售部,凌靖翔,遼寧銘川帶皮腿扒|15KG (250克+/塊),4,60,千克,886.8,,,14719261,已登记,2026-04-25 00:00:00,2026-04-25 09:35:28,1300607014,1300607,帶皮腿扒,批發-飛機,886.8
2524408131318972422,香港事业部,NFT00.000385,誠信凍肉有限公司,誠信,分销业务冻品水产部销售部,李华兴,金鷹面精肉|25KG,2,50,千克,1670,,,14720041,已登记,2026-04-25 00:00:00,2026-04-25 09:16:29,1300109002,1300109,面精肉,凍肉店,1670
2524387970742484992,香港事业部,NFT00.000268,再豐有限公司,再豐,分销业务冻品水产部销售部,李华兴,遼寧欣城帶骨雞全腿 280-300G|15KG,3,45,千克,565.65,,,14719230,已登记,2026-04-25 00:00:00,2026-04-25 08:37:24,1300603040,1300603,帶骨全腿,批發-飛機,565.65
2523910336026771460,香港事业部,#N/A,裕發行(香港)有限公司,#N/A,,,安卡拉光身通心粉 | 5KG*2,2,1,箱,110,,,,开立,2026-04-30 00:00:00,2026-04-24 17:10:38,#N/A,#N/A,#N/A,,0
2523903730367070214,香港事业部,#N/A,香港嶺秀集團有限公司,#N/A,香港事业部,DMS虚拟员工,佳樂牌功夫花刀面（番茄牛肉味） |200g*40,40,1,箱,272,,,,开立,2026-04-30 00:00:00,2026-04-24 16:57:50,#N/A,#N/A,#N/A,,0
2523899117564854276,香港事业部,#N/A,華潤膳食管理部,#N/A,分销业务销售发展部销售部,黎文欣,江中猴姑健消轻饮| 125ML*4*27,27,1,箱,299,,,14719946,已登记,2026-04-28 00:00:00,2026-04-24 16:48:52,#N/A,#N/A,#N/A,,299
2523830750275436545,香港事业部,NFT00.000337,新城發食品有限公司,新城發,分销业务冻品水产部销售部,许至邦,遼寧欣城帶骨雞全腿 280-300G|15KG,1,15,千克,188.55,,,14718452,已关闭,2026-04-25 00:00:00,2026-04-24 14:36:13,1300603040,1300603,帶骨全腿,批發-加工,188.55
2523807205272059913,香港事业部,NFT00.003074,信隆(亞洲)有限公司,信隆,分销业务冻品水产部销售部,谭小君,高峰法式羊排 8 支骨|20KG,2,40,千克,3720,,,14718341,已登记,2026-04-27 00:00:00,2026-04-24 13:50:33,1300501020,1300501,羊排,批發-加工,3720
2523805556004618242,香港事业部,NFT00.003074,信隆(亞洲)有限公司,信隆,分销业务冻品水产部销售部,谭小君,高峰法式羊排 8 支骨|20KG,3,60,千克,5580,,,14719039,已登记,2026-04-25 00:00:00,2026-04-24 13:47:21,1300501020,1300501,羊排,批發-加工,5580
2523771780374462466,香港事业部,NFT00.000759,天恆食品有限公司,天恆,分销业务冻品水产部销售部,岑美玉,高峰法式羊排 8 支骨|20KG,1,20,千克,1860,,,14719008,已登记,2026-04-25 00:00:00,2026-04-24 12:41:48,1300501020,1300501,羊排,批發-飛機,1860
2523754385756913666,香港事业部,NFT00.000774,新昌,新昌,分销业务冻品水产部,张淑燕,遼寧欣城帶骨雞全腿 320-340G|15KG,2,30,千克,2822.2,,,14718972,已登记,2026-04-27 00:00:00,2026-04-24 12:08:03,1300603042,1300603,帶骨全腿,凍肉店,2822.2
2523754385756913666,香港事业部,NFT00.000774,新昌,新昌,分销业务冻品水产部,张淑燕,金鷹面精肉|25KG,1,25,千克,2822.2,,,14718972,已登记,2026-04-27 00:00:00,2026-04-24 12:08:03,1300109002,1300109,面精肉,凍肉店,0
2523754385756913666,香港事业部,NFT00.000774,新昌,新昌,分销业务冻品水产部,张淑燕,至尊梅肉|25KG,1,25,千克,2822.2,,,14718972,已登记,2026-04-27 00:00:00,2026-04-24 12:08:03,1300101043,1300101,一號肉,凍肉店,0
2523754385756913666,香港事业部,NFT00.000774,新昌,新昌,分销业务冻品水产部,张淑燕,遼寧銘川帶皮腿扒|15KG (300克+/塊),3,45,千克,2822.2,,,14718972,已登记,2026-04-27 00:00:00,2026-04-24 12:08:03,1300607015,1300607,帶皮腿扒,凍肉店,0
2523752367129624580,香港事业部,NFT00.000774,新昌,新昌,分销业务冻品水产部,张淑燕,遼寧欣城帶骨雞全腿 320-340G|15KG,2,30,千克,474.1,,,14718965,已登记,2026-04-25 00:00:00,2026-04-24 12:04:08,1300603042,1300603,帶骨全腿,凍肉店,474.1
2523752367129624580,香港事业部,NFT00.000774,新昌,新昌,分销业务冻品水产部,张淑燕,遼寧欣城雞翅尖IQF|10KG,1,10,千克,474.1,,,14718965,已登记,2026-04-25 00:00:00,2026-04-24 12:04:08,1300627002,1300627,翅尖,凍肉店,0
2523751533905969153,香港事业部,NFT00.000774,新昌,新昌,分销业务冻品水产部,张淑燕,金鷹寸骨|10KG (1K*10包),1,10,千克,1185.1,,,14718262,已登记,2026-04-25 00:00:00,2026-04-24 12:02:31,1300111003,1300111,寸骨,凍肉店,1185.1
2523751533905969153,香港事业部,NFT00.000774,新昌,新昌,分销业务冻品水产部,张淑燕,遼寧銘川帶皮腿扒|15KG (300克+/塊),3,45,千克,1185.1,,,14718262,已登记,2026-04-25 00:00:00,2026-04-24 12:02:31,1300607015,1300607,帶皮腿扒,凍肉店,0
2523743734238019589,香港事业部,NFT00.000230,恆輝貿易公司,恆輝,分销业务冻品水产部销售部,凌靖翔,遼寧銘川帶皮腿扒|15KG (300克+/塊),5,75,千克,1108.5,,,14718946,已登记,2026-04-25 00:00:00,2026-04-24 11:47:24,1300607015,1300607,帶皮腿扒,批發-飛機,1108.5
2523730170731298822,香港事业部,NFT00.000385,誠信凍肉有限公司,誠信,分销业务冻品水产部销售部,李华兴,金鷹面精肉|25KG,3,75,千克,2505,,,14718899,已登记,2026-04-24 00:00:00,2026-04-24 11:21:04,1300109002,1300109,面精肉,凍肉店,2505
2523729732644634626,香港事业部,NFT00.002547,先進食品國際有限公司,先進,分销业务冻品水产部销售部,岑美玉,高峰法式羊排 8 支骨|20KG,10,200,千克,18600,,,14718898,已登记,2026-04-25 00:00:00,2026-04-24 11:20:15,1300501020,1300501,羊排,批發-加工,18600
2523711985839767559,香港事业部,NFT00.000140,聯合林記食品有限公司,聯合林記,分销业务冻品水产部销售部,莫艺生,華英煙熏鴨胸肉|10KG (220-240G/塊)日文包裝,1,10,千克,220,,,14718078,已登记,2026-04-24 00:00:00,2026-04-24 10:45:47,1300904023,1300904,煙熏鴨胸,批發-加工,220
2523705921345945602,香港事业部,NFT00.000268,再豐有限公司,再豐,分销业务冻品水产部销售部,李华兴,遼寧銘川帶皮腿扒|15KG (300克+/塊),2,30,千克,443.4,,,14718838,已登记,2026-04-25 00:00:00,2026-04-24 10:34:01,1300607015,1300607,帶皮腿扒,批發-飛機,443.4
2523664131314155520,香港事业部,NFT00.000268,再豐有限公司,再豐,分销业务冻品水产部销售部,李华兴,遼寧銘川帶皮腿扒|15KG (300克+/塊),3,45,千克,665.1,,,14717928,已登记,2026-04-24 00:00:00,2026-04-24 09:12:57,1300607015,1300607,帶皮腿扒,批發-飛機,665.1
2523655257911721993,香港事业部,NFT00.000230,恆輝貿易公司,恆輝,分销业务冻品水产部销售部,凌靖翔,華英全淨膛鴨|14.4KG (1.8KG/只),1,14.4,千克,152.64,,,14718703,已关闭,2026-04-24 00:00:00,2026-04-24 08:55:44,1300901006,1300901,整鴨,批發-飛機,152.64
2523062346273783816,香港事业部,NFT00.001991,昭楠貿易有限公司,昭楠,分销业务冻品水产部销售部,莫艺生,河南去皮上腿肉|12KG,20,240,千克,3792,,,14717555,已登记,2026-04-24 00:00:00,2026-04-23 13:45:20,1300609001,1300609,去皮上腿肉,批發-飛機,3792
2523023365143265285,香港事业部,NFT00.000357,三明有限公司,三明,分销业务冻品水产部销售部,张淑燕,金鷹寸骨|10KG (1K*10包),5,50,千克,2425,,,14717554,已登记,2026-04-23 00:00:00,2026-04-23 12:29:41,1300111003,1300111,寸骨,批發-飛機,2425
2523008538916159490,香港事业部,NFT00.000230,恆輝貿易公司,恆輝,分销业务冻品水产部销售部,凌靖翔,遼寧銘川帶皮腿扒|15KG (300克+/塊),6,90,千克,1330.2,,,14717658,已登记,2026-04-24 00:00:00,2026-04-23 12:00:56,1300607015,1300607,帶皮腿扒,批發-飛機,1330.2
2522990388391706629,香港事业部,NFT00.000230,恆輝貿易公司,恆輝,分销业务冻品水产部销售部,凌靖翔,遼寧銘川帶皮腿扒|15KG (250克+/塊),1,15,千克,600.9,,,14717304,已登记,2026-04-24 00:00:00,2026-04-23 11:25:42,1300607014,1300607,帶皮腿扒,批發-飛機,600.9
2522990388391706629,香港事业部,NFT00.000230,恆輝貿易公司,恆輝,分销业务冻品水产部销售部,凌靖翔,河南去皮上腿肉|12KG,2,24,千克,600.9,,,14717304,已登记,2026-04-24 00:00:00,2026-04-23 11:25:42,1300609001,1300609,去皮上腿肉,批發-飛機,0
2522982236536438789,香港事业部,NFT00.000774,新昌,新昌,分销业务冻品水产部,张淑燕,至尊梅肉|25KG,1,25,千克,1707.1,,,14717267,已登记,2026-04-24 00:00:00,2026-04-23 11:09:54,1300101043,1300101,一號肉,凍肉店,1707.1
2522982236536438789,香港事业部,NFT00.000774,新昌,新昌,分销业务冻品水产部,张淑燕,遼寧欣城雞翅尖IQF|10KG,1,10,千克,1707.1,,,14717267,已登记,2026-04-24 00:00:00,2026-04-23 11:09:54,1300627002,1300627,翅尖,凍肉店,0
2522982236536438789,香港事业部,NFT00.000774,新昌,新昌,分销业务冻品水产部,张淑燕,遼寧銘川帶皮腿扒|15KG (300克+/塊),3,45,千克,1707.1,,,14717267,已登记,2026-04-24 00:00:00,2026-04-23 11:09:54,1300607015,1300607,帶皮腿扒,凍肉店,0
2522924787053887491,香港事业部,NFT00.000357,三明有限公司,三明,分销业务冻品水产部销售部,张淑燕,高峰四號肉 25KG,3,75,千克,1485,,,14717144,已登记,2026-04-23 00:00:00,2026-04-23 09:18:26,1300104005,1300104,四號肉,批發-飛機,1485
2522394650657947650,香港事业部,NFT00.002160,鴻興食品供應有限公司,鴻興,分销业务冻品水产部销售部,谭小君,華王樂雞肉腸｜10.88KG(340.2g*32),2,64,包,441.6,,,14716988,已登记,2026-04-23 00:00:00,2026-04-22 16:09:49,1310501001,1310501,腸類.雞肉腸,批發-加工,441.6
2522338231960207363,香港事业部,NFT00.000229,駿利貿易公司,駿利,分销业务冻品水产部销售部,张淑燕,遼寧欣城帶骨雞全腿 320-340G|15KG,15,225,千克,2877.75,,,14716252,已登记,2026-04-23 00:00:00,2026-04-22 14:20:21,1300603042,1300603,帶骨全腿,批發-飛機,2877.75
2522266162416320517,香港事业部,NFT00.003074,信隆(亞洲)有限公司,信隆,分销业务冻品水产部销售部,谭小君,高峰四號肉 25KG,20,500,千克,9900,,,14716627,已登记,2026-04-23 00:00:00,2026-04-22 12:00:31,1300104005,1300104,四號肉,批發-加工,9900
2522244352565051393,香港事业部,NFT00.000230,恆輝貿易公司,恆輝,分销业务冻品水产部销售部,凌靖翔,遼寧銘川帶皮腿扒|15KG (250克+/塊),1,15,千克,4013.7,,,14716589,已登记,2026-04-23 00:00:00,2026-04-22 11:18:12,1300607014,1300607,帶皮腿扒,批發-飛機,4013.7
2522244352565051393,香港事业部,NFT00.000230,恆輝貿易公司,恆輝,分销业务冻品水产部销售部,凌靖翔,河南去皮上腿肉|12KG,20,240,千克,4013.7,,,14716589,已登记,2026-04-23 00:00:00,2026-04-22 11:18:12,1300609001,1300609,去皮上腿肉,批發-飛機,0
2522243287413161993,香港事业部,NFT00.000774,新昌,新昌,分销业务冻品水产部,张淑燕,金鷹寸骨|10KG (1K*10包),1,10,千克,520,,,14716590,已登记,2026-04-23 00:00:00,2026-04-22 11:16:09,1300111003,1300111,寸骨,凍肉店,520
2522242634578132996,香港事业部,NFT00.000774,新昌,新昌,分销业务冻品水产部,张淑燕,遼寧欣城雞翅尖IQF|10KG,1,10,千克,762.1,,,14716095,已登记,2026-04-23 00:00:00,2026-04-22 11:14:52,1300627002,1300627,翅尖,凍肉店,762.1
2522242634578132996,香港事业部,NFT00.000774,新昌,新昌,分销业务冻品水产部,张淑燕,遼寧銘川帶皮腿扒|15KG (300克+/塊),3,45,千克,762.1,,,14716095,已登记,2026-04-23 00:00:00,2026-04-22 11:14:52,1300607015,1300607,帶皮腿扒,凍肉店,0
2522232678851280901,香港事业部,NFT00.000357,三明有限公司,三明,分销业务冻品水产部销售部,张淑燕,中國金鯧魚(200-300G)|10KG(藍帶),2,20,千克,656,,,14716068,已登记,2026-04-22 00:00:00,2026-04-22 10:55:33,1800108095,1800108,魚.其他,批發-飛機,656
2522214408060403714,香港事业部,NFT00.000070,運興泰有限公司,#N/A,分销业务冻品水产部销售部,许至邦,遼寧欣城帶骨雞全腿 280-300G|15KG,20,300,千克,3837,,,14715444,已关闭,2026-04-22 00:00:00,2026-04-22 10:20:05,1300603040,1300603,帶骨全腿,批發-加工,3837
2522192031280791560,香港事业部,NFT00.000169,福源食品有限公司,福源,分销业务冻品水产部销售部,罗展勤,遼寧銘川帶皮腿扒|15KG (300克+/塊),20,300,千克,4434,,,14715423,已登记,2026-04-22 00:00:00,2026-04-22 09:36:43,1300607015,1300607,帶皮腿扒,批發-加工,4434
2522168993076215814,香港事业部,NFT00.000230,恆輝貿易公司,恆輝,分销业务冻品水产部销售部,凌靖翔,高峰法式羊排 12 支骨|20KG,1,20,千克,1600,,,14715980,已登记,2026-04-22 00:00:00,2026-04-22 08:52:00,1300501019,1300501,羊排,批發-飛機,1600
2521503367627276294,香港事业部,NFT00.000229,駿利貿易公司,駿利,分销业务冻品水产部销售部,张淑燕,遼寧銘川帶皮腿扒|15KG (300克+/塊),1,15,千克,221.7,,,14715656,已登记,2026-04-22 00:00:00,2026-04-21 11:20:30,1300607015,1300607,帶皮腿扒,批發-飛機,221.7
2521501271683235842,香港事业部,NFT00.000774,新昌,新昌,分销业务冻品水产部,张淑燕,至尊梅肉|25KG,1,25,千克,1682.1,,,14714834,已登记,2026-04-22 00:00:00,2026-04-21 11:16:27,1300101043,1300101,一號肉,凍肉店,1682.1
2521501271683235842,香港事业部,NFT00.000774,新昌,新昌,分销业务冻品水产部,张淑燕,遼寧欣城雞翅尖IQF|10KG,1,10,千克,1682.1,,,14714834,已登记,2026-04-22 00:00:00,2026-04-21 11:16:27,1300627002,1300627,翅尖,凍肉店,0
2521501271683235842,香港事业部,NFT00.000774,新昌,新昌,分销业务冻品水产部,张淑燕,遼寧銘川帶皮腿扒|15KG (300克+/塊),3,45,千克,1682.1,,,14714834,已登记,2026-04-22 00:00:00,2026-04-21 11:16:27,1300607015,1300607,帶皮腿扒,凍肉店,0
2521478551313580033,香港事业部,NFT00.000140,聯合林記食品有限公司,聯合林記,分销业务冻品水产部销售部,莫艺生,河南去皮上腿肉|12KG,5,60,千克,942,,,14714766,已登记,2026-04-21 00:00:00,2026-04-21 10:32:22,1300609001,1300609,去皮上腿肉,批發-加工,942
2521459679219941379,香港事业部,NFT00.000230,恆輝貿易公司,恆輝,分销业务冻品水产部销售部,凌靖翔,遼寧銘川帶皮腿扒|15KG (250克+/塊),1,15,千克,220.2,,,14715606,已登记,2026-04-21 00:00:00,2026-04-21 09:55:46,1300607014,1300607,帶皮腿扒,批發-飛機,220.2
2520893602530328582,香港事业部,NFT00.001991,昭楠貿易有限公司,昭楠,分销业务冻品水产部销售部,莫艺生,河南去皮上腿肉|12KG,20,240,千克,3768,,,14713455,已登记,2026-04-21 00:00:00,2026-04-20 15:37:25,1300609001,1300609,去皮上腿肉,批發-飛機,3768
2520782388647165958,香港事业部,NFT00.000230,恆輝貿易公司,恆輝,分销业务冻品水产部销售部,凌靖翔,華英全淨膛鴨|14.4KG (1.8KG/只),1,14.4,千克,155.52,,,14714071,已登记,2026-04-21 00:00:00,2026-04-20 12:01:38,1300901006,1300901,整鴨,批發-飛機,155.52
2520773309086302214,香港事业部,NFT00.000774,新昌,新昌,分销业务冻品水产部,张淑燕,遼寧銘川帶皮腿扒|15KG (300克+/塊),3,45,千克,762.1,,,14714054,已登记,2026-04-21 00:00:00,2026-04-20 11:44:01,1300607015,1300607,帶皮腿扒,凍肉店,762.1
2520773309086302214,香港事业部,NFT00.000774,新昌,新昌,分销业务冻品水产部,张淑燕,遼寧欣城雞翅尖IQF|10KG,1,10,千克,762.1,,,14714054,已登记,2026-04-21 00:00:00,2026-04-20 11:44:01,1300627002,1300627,翅尖,凍肉店,0
2520758517218934786,香港事业部,NFT00.000230,恆輝貿易公司,恆輝,分销业务冻品水产部销售部,凌靖翔,遼寧欣城帶骨雞全腿 280-300G|15KG,1,15,千克,191.85,,,14713981,已登记,2026-04-21 00:00:00,2026-04-20 11:15:19,1300603040,1300603,帶骨全腿,批發-飛機,191.85
2520740212068319236,香港事业部,NFT00.000337,新城發食品有限公司,新城發,分销业务冻品水产部销售部,许至邦,金鷹面精肉|25KG,4,100,千克,3260,,,14713118,已登记,2026-04-21 00:00:00,2026-04-20 10:39:47,1300109002,1300109,面精肉,批發-加工,3260
2520734860539068419,香港事业部,NFT00.000140,聯合林記食品有限公司,聯合林記,分销业务冻品水产部销售部,莫艺生,河南去皮上腿肉|12KG,15,180,千克,2826,,,14713818,已登记,2026-04-20 00:00:00,2026-04-20 10:29:24,1300609001,1300609,去皮上腿肉,批發-加工,2826
2520734542711488520,香港事业部,NFT00.000229,駿利貿易公司,駿利,分销业务冻品水产部销售部,张淑燕,金鷹寸骨|10KG (1K*10包),1,10,千克,520,,,14713816,已登记,2026-04-20 00:00:00,2026-04-20 10:28:47,1300111003,1300111,寸骨,批發-飛機,520
2520733030890340359,香港事业部,NFT00.000385,誠信凍肉有限公司,誠信,分销业务冻品水产部销售部,李华兴,金鷹面精肉|25KG,2,50,千克,1630,,,14713106,已登记,2026-04-20 00:00:00,2026-04-20 10:25:53,1300109002,1300109,面精肉,凍肉店,1630
2520731596371263492,香港事业部,NFT00.000168,明記凍肉,明記,分销业务冻品水产部销售部,凌靖翔,金鷹面精肉|25KG,1,25,千克,815,,,14713105,已登记,2026-04-20 00:00:00,2026-04-20 10:23:04,1300109002,1300109,面精肉,凍肉店,815
2520713763667050501,香港事业部,NFT00.000230,恆輝貿易公司,恆輝,分销业务冻品水产部销售部,凌靖翔,遼寧銘川帶皮腿扒|15KG (250克+/塊),10,150,千克,2217,,,14713104,已登记,2026-04-20 00:00:00,2026-04-20 09:48:29,1300607014,1300607,帶皮腿扒,批發-飛機,2217
2519292223981355009,香港事业部,NFT00.000385,誠信凍肉有限公司,誠信,分销业务冻品水产部销售部,李华兴,華英鴨胸肉|10KG 200-220G/塊),1,10,千克,140,,,14712809,已登记,2026-04-18 00:00:00,2026-04-18 11:50:20,1300903002,1300903,生鴨胸,凍肉店,140
2519240770273148933,香港事业部,NFT00.000230,恆輝貿易公司,恆輝,分销业务冻品水产部销售部,凌靖翔,金鷹面精肉|25KG,5,125,千克,4175,,,14712737,已登记,2026-04-18 00:00:00,2026-04-18 10:10:29,1300109002,1300109,面精肉,批發-飛機,4175
2519239387286339592,香港事业部,NFT00.001901,福偉集團有限公司,福偉,分销业务冻品水产部销售部,谭小君,中國金鯧魚(200-300G)|10KG(藍帶),3,30,千克,990,,,14712738,已登记,2026-04-18 00:00:00,2026-04-18 10:07:51,1800108095,1800108,魚.其他,批發-加工,990
2518714215865253892,香港事业部,NFT00.000230,恆輝貿易公司,恆輝,分销业务冻品水产部销售部,凌靖翔,華英帶骨鴨腿|10KG (200-220G/只),1,10,千克,138,,,14712613,已登记,2026-04-18 00:00:00,2026-04-17 17:08:51,1300902002,1300902,帶骨整腿,批發-飛機,138
2518636399655124993,香港事业部,NFT00.000140,聯合林記食品有限公司,聯合林記,分销业务冻品水产部销售部,莫艺生,華英煙熏鴨胸肉|10KG (200-220G/塊)日文包裝,1,10,千克,220,,,14711510,已登记,2026-04-18 00:00:00,2026-04-17 14:37:52,1300904022,1300904,煙熏鴨胸,批發-加工,220
2518570652295757833,香港事业部,NFT00.000774,新昌,新昌,分销业务冻品水产部,张淑燕,遼寧欣城雞翅尖IQF|10KG,1,10,千克,97,,,14711385,已登记,2026-04-18 00:00:00,2026-04-17 12:30:17,1300627002,1300627,翅尖,凍肉店,97
2518569698813018117,香港事业部,NFT00.000774,新昌,新昌,分销业务冻品水产部,张淑燕,至尊梅肉|25KG,1,25,千克,1620,,,14712033,已登记,2026-04-20 00:00:00,2026-04-17 12:28:26,1300101043,1300101,一號肉,凍肉店,1620
2518569698813018117,香港事业部,NFT00.000774,新昌,新昌,分销业务冻品水产部,张淑燕,遼寧銘川帶皮腿扒|15KG (300克+/塊),3,45,千克,1620,,,14712033,已登记,2026-04-20 00:00:00,2026-04-17 12:28:26,1300607015,1300607,帶皮腿扒,凍肉店,0
2518568633661128705,香港事业部,NFT00.000774,新昌,新昌,分销业务冻品水产部,张淑燕,華英全淨膛鴨|13.6KG (1.7KG/只),1,13.6,千克,981.88,,,14712032,已登记,2026-04-18 00:00:00,2026-04-17 12:26:24,1300901005,1300901,整鴨,凍肉店,981.88
2518568633661128705,香港事业部,NFT00.000774,新昌,新昌,分销业务冻品水产部,张淑燕,金鷹面精肉|25KG,1,25,千克,981.88,,,14712032,已登记,2026-04-18 00:00:00,2026-04-17 12:26:24,1300109002,1300109,面精肉,凍肉店,0
2518567035933294595,香港事业部,NFT00.000774,新昌,新昌,分销业务冻品水产部,张淑燕,遼寧銘川帶皮腿扒|15KG (300克+/塊),3,45,千克,675,,,14711380,已登记,2026-04-18 00:00:00,2026-04-17 12:23:15,1300607015,1300607,帶皮腿扒,凍肉店,675
2518548189616799745,香港事业部,NFT00.000230,恆輝貿易公司,恆輝,分销业务冻品水产部销售部,凌靖翔,河南去皮上腿肉|12KG,12,144,千克,2275.2,,,14711952,已登记,2026-04-18 00:00:00,2026-04-17 11:46:42,1300609001,1300609,去皮上腿肉,批發-飛機,2275.2
2518520392588460034,香港事业部,NFT00.000140,聯合林記食品有限公司,聯合林記,分销业务冻品水产部销售部,莫艺生,華英煙熏鴨胸肉|10KG (220-240G/塊)日文包裝,1,10,千克,220,,,14711279,已关闭,2026-04-17 00:00:00,2026-04-17 10:52:47,1300904023,1300904,煙熏鴨胸,批發-加工,220
2518481420055216128,香港事业部,NFT00.000230,恆輝貿易公司,恆輝,分销业务冻品水产部销售部,凌靖翔,河南去皮上腿肉|12KG,2,24,千克,379.2,,,14711196,已登记,2026-04-17 00:00:00,2026-04-17 09:37:10,1300609001,1300609,去皮上腿肉,批發-飛機,379.2
2518468157196206084,香港事业部,NFT00.000230,恆輝貿易公司,恆輝,分销业务冻品水产部销售部,凌靖翔,金鷹面精肉|25KG,1,25,千克,835,,,14711192,已登记,2026-04-17 00:00:00,2026-04-17 09:11:25,1300109002,1300109,面精肉,批發-飛機,835
2517902484233519104,香港事业部,NFT00.000881,明興食品有限公司(元朗),明興,分销业务冻品水产部销售部,许至邦,金鷹面精肉|25KG,5,125,千克,4175,,,14710431,已登记,2026-04-18 00:00:00,2026-04-16 14:53:51,1300109002,1300109,面精肉,批發-加工,4175
2517786288180953096,香港事业部,NFT00.000774,新昌,新昌,分销业务冻品水产部,张淑燕,至尊梅肉|25KG,1,25,千克,2140,,,14710232,已登记,2026-04-17 00:00:00,2026-04-16 11:08:26,1300101043,1300101,一號肉,凍肉店,2140
2517786288180953096,香港事业部,NFT00.000774,新昌,新昌,分销业务冻品水产部,张淑燕,金鷹寸骨|10KG (1K*10包),1,10,千克,2140,,,14710232,已登记,2026-04-17 00:00:00,2026-04-16 11:08:26,1300111003,1300111,寸骨,凍肉店,0
2517786288180953096,香港事业部,NFT00.000774,新昌,新昌,分销业务冻品水产部,张淑燕,遼寧銘川帶皮腿扒|15KG (300克+/塊),3,45,千克,2140,,,14710232,已登记,2026-04-17 00:00:00,2026-04-16 11:08:26,1300607015,1300607,帶皮腿扒,凍肉店,0
2517159678222270471,香港事业部,NFT00.001511,福永行貿易有限公司,福永行,分销业务冻品水产部销售部,岑美玉,金鷹面精肉|25KG,5,125,千克,4075,,,14709803,已登记,2026-04-16 00:00:00,2026-04-15 14:52:38,1300109002,1300109,面精肉,批發-加工,4075
2517096722591645701,香港事业部,NFT00.000140,聯合林記食品有限公司,聯合林記,分销业务冻品水产部销售部,莫艺生,河南去皮上腿肉|12KG,5,60,千克,942,,,14709704,已登记,2026-04-16 00:00:00,2026-04-15 12:50:29,1300609001,1300609,去皮上腿肉,批發-加工,942
2517082978703638529,香港事业部,NFT00.000881,明興食品有限公司(元朗),明興,分销业务冻品水产部销售部,许至邦,金鷹面精肉|25KG,5,125,千克,4075,,,14709684,已登记,2026-04-16 00:00:00,2026-04-15 12:23:51,1300109002,1300109,面精肉,批發-加工,4075
2517063831739432962,香港事业部,NFT00.000774,新昌,新昌,分销业务冻品水产部,张淑燕,金鷹面精肉|25KG,1,25,千克,2000.1,,,14709667,已登记,2026-04-16 00:00:00,2026-04-15 11:46:41,1300109002,1300109,面精肉,凍肉店,2000.1
2517063831739432962,香港事业部,NFT00.000774,新昌,新昌,分销业务冻品水产部,张淑燕,遼寧銘川帶皮腿扒|15KG (300克+/塊),3,45,千克,2000.1,,,14709667,已登记,2026-04-16 00:00:00,2026-04-15 11:46:41,1300607015,1300607,帶皮腿扒,凍肉店,0
2517063831739432962,香港事业部,NFT00.000774,新昌,新昌,分销业务冻品水产部,张淑燕,金鷹寸骨|10KG (1K*10包),1,10,千克,2000.1,,,14709667,已登记,2026-04-16 00:00:00,2026-04-15 11:46:41,1300111003,1300111,寸骨,凍肉店,0
2517037795647684617,香港事业部,NFT00.000385,誠信凍肉有限公司,誠信,分销业务冻品水产部销售部,李华兴,金鷹面精肉|25KG,1,25,千克,815,,,14709390,已登记,2026-04-15 00:00:00,2026-04-15 10:56:10,1300109002,1300109,面精肉,凍肉店,815
2517000120194564099,香港事业部,NFT00.001901,福偉集團有限公司,福偉,分销业务冻品水产部销售部,谭小君,遼寧欣城帶骨雞全腿 280-300G|15KG,6,90,千克,1479.1,,,14709362,已登记,2026-04-15 00:00:00,2026-04-15 09:43:06,1300603040,1300603,帶骨全腿,批發-加工,1479.1
2517000120194564099,香港事业部,NFT00.001901,福偉集團有限公司,福偉,分销业务冻品水产部销售部,谭小君,中國金鯧魚(200-300G)|10KG(藍帶),1,10,千克,1479.1,,,14709362,已登记,2026-04-15 00:00:00,2026-04-15 09:43:06,1800108095,1800108,魚.其他,批發-加工,0
2516377753656229893,香港事业部,NFT00.001991,昭楠貿易有限公司,昭楠,分销业务冻品水产部销售部,莫艺生,河南去皮上腿肉|12KG,20,240,千克,3768,,,14708957,已登记,2026-04-15 00:00:00,2026-04-14 13:35:31,1300609001,1300609,去皮上腿肉,批發-飛機,3768
2516316327041302532,香港事业部,NFT00.000774,新昌,新昌,分销业务冻品水产部,张淑燕,遼寧銘川帶皮腿扒|15KG (300克+/塊),3,45,千克,2140,,,14707986,已登记,2026-04-15 00:00:00,2026-04-14 11:36:19,1300607015,1300607,帶皮腿扒,凍肉店,2140
2516316327041302532,香港事业部,NFT00.000774,新昌,新昌,分销业务冻品水产部,张淑燕,至尊梅肉|25KG,1,25,千克,2140,,,14707986,已登记,2026-04-15 00:00:00,2026-04-14 11:36:19,1300101043,1300101,一號肉,凍肉店,0
2516316327041302532,香港事业部,NFT00.000774,新昌,新昌,分销业务冻品水产部,张淑燕,金鷹寸骨|10KG (1K*10包),1,10,千克,2140,,,14707986,已登记,2026-04-15 00:00:00,2026-04-14 11:36:19,1300111003,1300111,寸骨,凍肉店,0
2516309523805765640,香港事业部,NFT00.000140,聯合林記食品有限公司,聯合林記,分销业务冻品水产部销售部,莫艺生,河南去皮上腿肉|12KG,15,180,千克,2826,,,14708853,已登记,2026-04-15 00:00:00,2026-04-14 11:23:08,1300609001,1300609,去皮上腿肉,批發-加工,2826
2516308458653876229,香港事业部,NFT00.000385,誠信凍肉有限公司,誠信,分销业务冻品水产部销售部,李华兴,金鷹面精肉|25KG,1,25,千克,815,,,14707971,已登记,2026-04-14 00:00:00,2026-04-14 11:21:04,1300109002,1300109,面精肉,凍肉店,815
2515705153192984581,香港事业部,NFT00.000230,恆輝貿易公司,恆輝,分销业务冻品水产部销售部,凌靖翔,金鷹寸骨|10KG (1K*10包),1,10,千克,520,,,14707482,已登记,2026-04-14 00:00:00,2026-04-13 15:50:30,1300111003,1300111,寸骨,批發-飛機,520
2515571502400667650,香港事业部,NFT00.000774,新昌,新昌,分销业务冻品水产部,张淑燕,遼寧銘川帶皮腿扒|15KG (300克+/塊),3,45,千克,1510,,,14707293,已登记,2026-04-14 00:00:00,2026-04-13 11:31:12,1300607015,1300607,帶皮腿扒,凍肉店,1510
2515571502400667650,香港事业部,NFT00.000774,新昌,新昌,分销业务冻品水产部,张淑燕,金鷹面精肉|25KG,1,25,千克,1510,,,14707293,已登记,2026-04-14 00:00:00,2026-04-13 11:31:12,1300109002,1300109,面精肉,凍肉店,0
2515525297142497280,香港事业部,NFT00.001901,福偉集團有限公司,福偉,分销业务冻品水产部销售部,谭小君,中國金鯧魚(200-300G)|10KG(藍帶),1,10,千克,330,,,14706999,已登记,2026-04-13 00:00:00,2026-04-13 10:01:32,1800108095,1800108,魚.其他,批發-加工,330
2515509148047638534,香港事业部,NFT00.000230,恆輝貿易公司,恆輝,分销业务冻品水产部销售部,凌靖翔,河南去皮上腿肉|12KG,8,96,千克,1516.8,,,14706972,已登记,2026-04-13 00:00:00,2026-04-13 09:30:12,1300609001,1300609,去皮上腿肉,批發-飛機,1516.8
2515493522956615681,香港事业部,NFT00.000230,恆輝貿易公司,恆輝,分销业务冻品水产部销售部,凌靖翔,華英全淨膛鴨|14.4KG (1.8KG/只),1,14.4,千克,155.52,,,14706953,已登记,2026-04-13 00:00:00,2026-04-13 08:59:56,1300901006,1300901,整鴨,批發-飛機,155.52
2514100905580691463,香港事业部,NFT00.001991,昭楠貿易有限公司,昭楠,分销业务冻品水产部销售部,莫艺生,河南去皮上腿肉|12KG,1,12,千克,189.6,,,14705988,已登记,2026-04-13 00:00:00,2026-04-11 11:57:51,1300609001,1300609,去皮上腿肉,批發-飛機,189.6
2514084327006928900,香港事业部,NFT00.000230,恆輝貿易公司,恆輝,分销业务冻品水产部销售部,凌靖翔,河南去皮上腿肉|12KG,8,96,千克,1516.8,,,14705982,已登记,2026-04-13 00:00:00,2026-04-11 11:25:44,1300609001,1300609,去皮上腿肉,批發-飛機,1516.8
2514072077778026505,香港事业部,NFT00.000230,恆輝貿易公司,恆輝,分销业务冻品水产部销售部,凌靖翔,金鷹面精肉|25KG,3,75,千克,2445,,,14705983,已登记,2026-04-13 00:00:00,2026-04-11 11:02:00,1300109002,1300109,面精肉,批發-飛機,2445
2513573139999358977,香港事业部,NFT00.000127,龍華食品有限公司,龍華,分销业务冻品水产部销售部,莫艺生,金鷹面精肉|25KG,2,50,千克,1630,,,14705984,已登记,2026-04-13 00:00:00,2026-04-10 18:53:50,1300109002,1300109,面精肉,批發-加工,1630
2513513397004271621,香港事业部,NFT00.000230,恆輝貿易公司,恆輝,分销业务冻品水产部销售部,凌靖翔,優質梅肉|25KG,1,25,千克,670,,,14705985,已登记,2026-04-11 00:00:00,2026-04-10 16:57:55,1300101007,1300101,一號肉,批發-飛機,670
2513473969204494339,香港事业部,NFT00.000881,明興食品有限公司(元朗),明興,分销业务冻品水产部销售部,许至邦,金鷹面精肉|25KG,5,125,千克,4075,,,14705810,已登记,2026-04-13 00:00:00,2026-04-10 15:41:25,1300109002,1300109,面精肉,批發-加工,4075
2513381240860573697,香港事业部,NFT00.000881,明興食品有限公司(元朗),明興,分销业务冻品水产部销售部,许至邦,金鷹面精肉|25KG,5,125,千克,4075,,,14705285,已登记,2026-04-13 00:00:00,2026-04-10 12:41:30,1300109002,1300109,面精肉,批發-加工,4075
2513374901506670599,香港事业部,NFT00.000759,天恆食品有限公司,天恆,分销业务冻品水产部销售部,岑美玉,高峰法式羊排 8 支骨|20KG,1,20,千克,1860,,,14705600,已登记,2026-04-11 00:00:00,2026-04-10 12:29:13,1300501020,1300501,羊排,批發-飛機,1860
2513347774493229063,香港事业部,NFT00.000774,新昌,新昌,分销业务冻品水产部,张淑燕,遼寧銘川帶皮腿扒|15KG (300克+/塊),5,75,千克,2053.5,,,14705208,已登记,2026-04-13 00:00:00,2026-04-10 11:36:35,1300607015,1300607,帶皮腿扒,凍肉店,2053.5
2513347774493229063,香港事业部,NFT00.000774,新昌,新昌,分销业务冻品水产部,张淑燕,至尊梅肉|25KG,1,25,千克,2053.5,,,14705208,已登记,2026-04-13 00:00:00,2026-04-10 11:36:35,1300101043,1300101,一號肉,凍肉店,0
2513346760863121411,香港事业部,NFT00.000774,新昌,新昌,分销业务冻品水产部,张淑燕,遼寧銘川帶皮腿扒|15KG (300克+/塊),5,75,千克,1923.5,,,14705574,已登记,2026-04-11 00:00:00,2026-04-10 11:34:37,1300607015,1300607,帶皮腿扒,凍肉店,1923.5
2513346760863121411,香港事业部,NFT00.000774,新昌,新昌,分销业务冻品水产部,张淑燕,金鷹面精肉|25KG,1,25,千克,1923.5,,,14705574,已登记,2026-04-11 00:00:00,2026-04-10 11:34:37,1300109002,1300109,面精肉,凍肉店,0
2513323233032273929,香港事业部,NFT00.002547,先進食品國際有限公司,先進,分销业务冻品水产部销售部,岑美玉,高峰法式羊排 8 支骨|20KG,10,200,千克,18600,,,14704447,已登记,2026-04-11 00:00:00,2026-04-10 10:48:57,1300501020,1300501,羊排,批發-加工,18600
2513317950222499840,香港事业部,NFT00.002547,先進食品國際有限公司,先進,分销业务冻品水产部销售部,岑美玉,高峰法式羊排 8 支骨|20KG,10,200,千克,18600,,,14705038,已关闭,2026-04-11 00:00:00,2026-04-10 10:38:43,1300501020,1300501,羊排,批發-加工,18600
2513313182826627081,香港事业部,NFT00.000140,聯合林記食品有限公司,聯合林記,分销业务冻品水产部销售部,莫艺生,華英煙熏鴨胸肉|10KG (240-260G/塊)日文包裝,2,20,千克,430,,,14704412,已登记,2026-04-10 00:00:00,2026-04-10 10:29:29,1300904024,1300904,煙熏鴨胸,批發-加工,430
2513312057545195525,香港事业部,NFT00.000140,聯合林記食品有限公司,聯合林記,分销业务冻品水产部销售部,莫艺生,遼寧銘川帶皮腿扒|15KG (300克+/塊),5,75,千克,1108.5,,,14705034,已登记,2026-04-10 00:00:00,2026-04-10 10:27:17,1300607015,1300607,帶皮腿扒,批發-加工,1108.5
2513303733898575880,香港事业部,NFT00.000140,聯合林記食品有限公司,聯合林記,分销业务冻品水产部销售部,莫艺生,遼寧銘川帶皮腿扒|15KG (300克+/塊),5,75,千克,1538.5,,,14705000,已关闭,2026-04-10 00:00:00,2026-04-10 10:11:08,1300607015,1300607,帶皮腿扒,批發-加工,1538.5
2513303733898575880,香港事业部,NFT00.000140,聯合林記食品有限公司,聯合林記,分销业务冻品水产部销售部,莫艺生,華英煙熏鴨胸肉|10KG (240-260G/塊)日文包裝,2,20,千克,1538.5,,,14705000,已关闭,2026-04-10 00:00:00,2026-04-10 10:11:08,1300904024,1300904,煙熏鴨胸,批發-加工,0
2513300194827698183,香港事业部,NFT00.000168,明記凍肉,明記,分销业务冻品水产部销售部,凌靖翔,金鷹面精肉|25KG,1,25,千克,815,,,14704377,已登记,2026-04-10 00:00:00,2026-04-10 10:04:16,1300109002,1300109,面精肉,凍肉店,815
2513286107352793091,香港事业部,NFT00.000385,誠信凍肉有限公司,誠信,分销业务冻品水产部销售部,李华兴,金鷹面精肉|25KG,4,100,千克,3260,,,14704368,已登记,2026-04-11 00:00:00,2026-04-10 09:36:56,1300109002,1300109,面精肉,凍肉店,3260
2513276366349139972,香港事业部,NFT00.000230,恆輝貿易公司,恆輝,分销业务冻品水产部销售部,凌靖翔,優質梅肉|25KG,1,25,千克,670,,,14704916,已登记,2026-04-10 00:00:00,2026-04-10 09:18:01,1300101007,1300101,一號肉,批發-飛機,670
2513267510144401408,香港事业部,NFT00.000230,恆輝貿易公司,恆輝,分销业务冻品水产部销售部,凌靖翔,華英全淨膛鴨|14.4KG (1.8KG/只),1,14.4,千克,155.52,,,14704841,已登记,2026-04-10 00:00:00,2026-04-10 09:00:52,1300901006,1300901,整鴨,批發-飛機,155.52
2512586225234214921,香港事业部,NFT00.000774,新昌,新昌,分销业务冻品水产部,张淑燕,遼寧銘川帶皮腿扒|15KG (300克+/塊),5,75,千克,2590,,,14703878,已登记,2026-04-10 00:00:00,2026-04-09 10:58:59,1300607015,1300607,帶皮腿扒,凍肉店,2590
2512586225234214921,香港事业部,NFT00.000774,新昌,新昌,分销业务冻品水产部,张淑燕,至尊梅肉|25KG,1,25,千克,2590,,,14703878,已登记,2026-04-10 00:00:00,2026-04-09 10:58:59,1300101043,1300101,一號肉,凍肉店,0
2512586225234214921,香港事业部,NFT00.000774,新昌,新昌,分销业务冻品水产部,张淑燕,金鷹寸骨|10KG (1K*10包),1,10,千克,2590,,,14703878,已登记,2026-04-10 00:00:00,2026-04-09 10:58:59,1300111003,1300111,寸骨,凍肉店,0
2511951841404125191,香港事业部,15MYKD.SWT01,新華凍肉超級市場(葵芳),新華,分销业务冻品水产部销售部,李华兴,聯友江西米線|2kg*12,1,1,箱,220,,,14702257,已登记,2026-04-09 00:00:00,2026-04-08 14:28:07,#N/A,#N/A,#N/A,批發-加工,220
2511948912212312071,香港事业部,15MYKD.SWT01,新華凍肉超級市場(葵芳),新華,分销业务冻品水产部销售部,李华兴,挪威煙燻三文魚500g裝|7.5KG (500g*15包/箱),1,15,包,885,,,14702981,已登记,2026-04-09 00:00:00,2026-04-08 14:22:26,1310701011,1310701,凍海產品.魚類,批發-加工,885
2511900585240297475,香港事业部,NFT00.000230,恆輝貿易公司,恆輝,分销业务冻品水产部销售部,凌靖翔,金鷹面精肉|25KG,6,150,千克,5010,,,14702985,已登记,2026-04-09 00:00:00,2026-04-08 12:48:39,1300109002,1300109,面精肉,批發-飛機,5010
2511848367027912713,香港事业部,NFT00.000774,新昌,新昌,分销业务冻品水产部,张淑燕,遼寧銘川帶皮腿扒|15KG (300克+/塊),3,45,千克,1195,,,14702730,已登记,2026-04-09 00:00:00,2026-04-08 11:07:20,1300607015,1300607,帶皮腿扒,凍肉店,1195
2511848367027912713,香港事业部,NFT00.000774,新昌,新昌,分销业务冻品水产部,张淑燕,金鷹寸骨|10KG (1K*10包),1,10,千克,1195,,,14702730,已登记,2026-04-09 00:00:00,2026-04-08 11:07:20,1300111003,1300111,寸骨,凍肉店,0
2511819736775917577,香港事业部,NFT00.000229,駿利貿易公司,駿利,分销业务冻品水产部销售部,张淑燕,金鷹寸骨|10KG (1K*10包),1,10,千克,520,,,14702622,已登记,2026-04-08 00:00:00,2026-04-08 10:11:48,1300111003,1300111,寸骨,批發-飛機,520
2511795066507886592,香港事业部,NFT00.000230,恆輝貿易公司,恆輝,分销业务冻品水产部销售部,凌靖翔,河南去皮上腿肉|12KG,10,120,千克,1896,,,14701854,已登记,2026-04-08 00:00:00,2026-04-08 09:23:56,1300609001,1300609,去皮上腿肉,批發-飛機,1896
2507530928469835777,香港事业部,NFT00.001511,福永行貿易有限公司,福永行,分销业务冻品水产部销售部,岑美玉,金鷹面精肉|25KG,5,125,千克,4075,,,14701074,已登记,2026-04-04 00:00:00,2026-04-02 15:30:24,1300109002,1300109,面精肉,批發-加工,4075
2507460817423695881,香港事业部,NFT00.000759,天恆食品有限公司,天恆,分销业务冻品水产部销售部,岑美玉,金鷹面精肉|25KG,1,25,千克,815,,,14700001,已登记,2026-04-08 00:00:00,2026-04-02 13:14:23,1300109002,1300109,面精肉,批發-飛機,815
2507452974811840520,香港事业部,NFT00.000881,明興食品有限公司(元朗),明興,分销业务冻品水产部销售部,许至邦,金鷹面精肉|25KG,10,250,千克,8350,,,14700965,已登记,2026-04-08 00:00:00,2026-04-02 12:59:09,1300109002,1300109,面精肉,批發-加工,8350
2507452270437203972,香港事业部,NFT00.000881,明興食品有限公司(元朗),明興,分销业务冻品水产部销售部,许至邦,金鷹面精肉|25KG,5,125,千克,4075,,,14700966,已登记,2026-04-04 00:00:00,2026-04-02 12:57:47,1300109002,1300109,面精肉,批發-加工,4075
2507451377085579264,香港事业部,NFT00.000881,明興食品有限公司(元朗),明興,分销业务冻品水产部销售部,许至邦,金鷹面精肉|25KG,10,250,千克,8150,,,14699999,已登记,2026-04-03 00:00:00,2026-04-02 12:56:04,1300109002,1300109,面精肉,批發-加工,8150
2507431122019811330,香港事业部,NFT00.000140,聯合林記食品有限公司,聯合林記,分销业务冻品水产部销售部,莫艺生,河南去皮上腿肉|12KG,4,48,千克,753.6,,,14699780,已登记,2026-04-03 00:00:00,2026-04-02 12:16:47,1300609001,1300609,去皮上腿肉,批發-加工,753.6
2507423279407955968,香港事业部,NFT00.000357,三明有限公司,三明,分销业务冻品水产部销售部,张淑燕,中國金鯧魚(200-300G)|10KG(藍帶),3,30,千克,984,,,14699760,已登记,2026-04-03 00:00:00,2026-04-02 12:01:32,1800108095,1800108,魚.其他,批發-飛機,984
2507413452524355589,香港事业部,NFT00.000774,新昌,新昌,分销业务冻品水产部,张淑燕,遼寧銘川帶皮腿扒|15KG (300克+/塊),3,45,千克,2885.1,,,14699746,已登记,2026-04-08 00:00:00,2026-04-02 11:42:28,1300607015,1300607,帶皮腿扒,凍肉店,2885.1
2507413452524355589,香港事业部,NFT00.000774,新昌,新昌,分销业务冻品水产部,张淑燕,至尊梅肉|25KG,1,25,千克,2885.1,,,14699746,已登记,2026-04-08 00:00:00,2026-04-02 11:42:28,1300101043,1300101,一號肉,凍肉店,0
2507413452524355589,香港事业部,NFT00.000774,新昌,新昌,分销业务冻品水产部,张淑燕,金鷹面精肉|25KG,1,25,千克,2885.1,,,14699746,已登记,2026-04-08 00:00:00,2026-04-02 11:42:28,1300109002,1300109,面精肉,凍肉店,0
2507413452524355589,香港事业部,NFT00.000774,新昌,新昌,分销业务冻品水产部,张淑燕,金鷹寸骨|10KG (1K*10包),1,10,千克,2885.1,,,14699746,已登记,2026-04-08 00:00:00,2026-04-02 11:42:28,1300111003,1300111,寸骨,凍肉店,0
2507411760307240969,香港事业部,NFT00.000774,新昌,新昌,分销业务冻品水产部,张淑燕,遼寧銘川帶皮腿扒|15KG (300克+/塊),3,45,千克,2070.1,,,14699738,已登记,2026-04-04 00:00:00,2026-04-02 11:39:11,1300607015,1300607,帶皮腿扒,凍肉店,2070.1
2507411760307240969,香港事业部,NFT00.000774,新昌,新昌,分销业务冻品水产部,张淑燕,至尊梅肉|25KG,1,25,千克,2070.1,,,14699738,已登记,2026-04-04 00:00:00,2026-04-02 11:39:11,1300101043,1300101,一號肉,凍肉店,0
2507411760307240969,香港事业部,NFT00.000774,新昌,新昌,分销业务冻品水产部,张淑燕,金鷹寸骨|10KG (1K*10包),1,10,千克,2070.1,,,14699738,已登记,2026-04-04 00:00:00,2026-04-02 11:39:11,1300111003,1300111,寸骨,凍肉店,0
2507409320765816834,香港事业部,NFT00.000774,新昌,新昌,分销业务冻品水产部,张淑燕,遼寧銘川帶皮腿扒|15KG (300克+/塊),5,75,千克,2513.5,,,14699728,已登记,2026-04-03 00:00:00,2026-04-02 11:34:28,1300607015,1300607,帶皮腿扒,凍肉店,2513.5
2507409320765816834,香港事业部,NFT00.000774,新昌,新昌,分销业务冻品水产部,张淑燕,至尊梅肉|25KG,1,25,千克,2513.5,,,14699728,已登记,2026-04-03 00:00:00,2026-04-02 11:34:28,1300101043,1300101,一號肉,凍肉店,0
2507409320765816834,香港事业部,NFT00.000774,新昌,新昌,分销业务冻品水产部,张淑燕,金鷹寸骨|10KG (1K*10包),1,10,千克,2513.5,,,14699728,已登记,2026-04-03 00:00:00,2026-04-02 11:34:28,1300111003,1300111,寸骨,凍肉店,0
2507395267631251456,香港事业部,NFT00.000385,誠信凍肉有限公司,誠信,分销业务冻品水产部销售部,李华兴,遼寧銘川帶皮腿扒|15KG (300克+/塊),6,90,千克,1330.2,,,14699675,已登记,2026-04-02 00:00:00,2026-04-02 11:07:11,1300607015,1300607,帶皮腿扒,凍肉店,1330.2
2507386342690783232,香港事业部,NFT00.000337,新城發食品有限公司,新城發,分销业务冻品水产部销售部,许至邦,金鷹面精肉|25KG,5,125,千克,4075,,,14699654,已登记,2026-04-08 00:00:00,2026-04-02 10:49:53,1300109002,1300109,面精肉,批發-加工,4075
2507380467175522311,香港事业部,NFT00.000759,天恆食品有限公司,天恆,分销业务冻品水产部销售部,岑美玉,金鷹面精肉|25KG,1,25,千克,815,,,14698543,已登记,2026-04-03 00:00:00,2026-04-02 10:38:27,1300109002,1300109,面精肉,批發-飛機,815
2507380149347942409,香港事业部,NFT00.000337,新城發食品有限公司,新城發,分销业务冻品水产部销售部,许至邦,金鷹面精肉|25KG,3,75,千克,2445,,,14699638,已登记,2026-04-04 00:00:00,2026-04-02 10:37:51,1300109002,1300109,面精肉,批發-加工,2445
2507378955347034120,香港事业部,NFT00.000759,天恆食品有限公司,天恆,分销业务冻品水产部销售部,岑美玉,高峰法式羊排 8 支骨|20KG,1,20,千克,1900,,,14699657,已登记,2026-04-03 00:00:00,2026-04-02 10:35:32,1300501020,1300501,羊排,批發-飛機,1900
2507377838655537152,香港事业部,NFT00.000357,三明有限公司,三明,分销业务冻品水产部销售部,张淑燕,中國金鯧魚(200-300G)|10KG(藍帶),1,10,千克,328,,,14698539,已登记,2026-04-02 00:00:00,2026-04-02 10:33:23,1800108095,1800108,魚.其他,批發-飛機,328
2507373346118172678,香港事业部,NFT00.000168,明記凍肉,明記,分销业务冻品水产部销售部,凌靖翔,金鷹面精肉|25KG,1,25,千克,815,,,14699612,已登记,2026-04-02 00:00:00,2026-04-02 10:24:40,1300109002,1300109,面精肉,凍肉店,815
2507367367525269504,香港事业部,NFT00.000357,三明有限公司,三明,分销业务冻品水产部销售部,张淑燕,金鷹寸骨|10KG (1K*10包),10,100,千克,4850,,,14699575,已登记,2026-04-02 00:00:00,2026-04-02 10:13:04,1300111003,1300111,寸骨,批發-飛機,4850
2507366568661352449,香港事业部,NFT00.001901,福偉集團有限公司,福偉,分销业务冻品水产部销售部,谭小君,中國金鯧魚(200-300G)|10KG(藍帶),1,10,千克,328,,,14698489,已登记,2026-04-02 00:00:00,2026-04-02 10:11:31,1800108095,1800108,魚.其他,批發-加工,328
2507357695258918913,香港事业部,NFT00.001901,福偉集團有限公司,福偉,分销业务冻品水产部销售部,谭小君,中國金鯧魚(200-300G)|10KG(藍帶),0.1,1,千克,32.8,,,14698478,已关闭,2026-04-02 00:00:00,2026-04-02 09:54:17,1800108095,1800108,魚.其他,批發-加工,32.8
2507357420381011970,香港事业部,NFT00.001901,福偉集團有限公司,福偉,分销业务冻品水产部销售部,谭小君,中國金鯧魚(200-300G)|10KG(藍帶),0.1,1,千克,32.8,,,14698475,已关闭,2026-04-02 00:00:00,2026-04-02 09:53:45,1800108095,1800108,魚.其他,批發-加工,32.8
2507348735955566595,香港事业部,NFT00.000385,誠信凍肉有限公司,誠信,分销业务冻品水产部销售部,李华兴,金鷹面精肉|25KG,1,25,千克,815,,,14698446,已登记,2026-04-04 00:00:00,2026-04-02 09:36:54,1300109002,1300109,面精肉,凍肉店,815
2507346803220283394,香港事业部,NFT00.000385,誠信凍肉有限公司,誠信,分销业务冻品水产部销售部,李华兴,金鷹面精肉|25KG,4,100,千克,3260,,,14698437,已登记,2026-04-03 00:00:00,2026-04-02 09:33:10,1300109002,1300109,面精肉,凍肉店,3260
2507337423011708930,香港事业部,NFT00.002547,先進食品國際有限公司,先進,分销业务冻品水产部销售部,岑美玉,遼寧欣城帶骨雞全腿 280-300G|15KG,5,75,千克,959.25,,,14698407,已登记,2026-04-03 00:00:00,2026-04-02 09:14:59,1300603040,1300603,帶骨全腿,批發-加工,959.25
2506836604056764425,香港事业部,NFT00.000230,恆輝貿易公司,恆輝,分销业务冻品水产部销售部,凌靖翔,優質梅肉|25KG,1,25,千克,650,,,14698325,已登记,2026-04-02 00:00:00,2026-04-01 17:03:15,1300101007,1300101,一號肉,批發-飛機,650
2506772128007716865,香港事业部,NFT00.001991,昭楠貿易有限公司,昭楠,分销业务冻品水产部销售部,莫艺生,河南去皮上腿肉|12KG,20,240,千克,3768,,,14699196,已登记,2026-04-02 00:00:00,2026-04-01 14:58:08,1300609001,1300609,去皮上腿肉,批發-飛機,3768
2506715460207640577,香港事业部,NFT00.000357,三明有限公司,三明,分销业务冻品水产部销售部,张淑燕,金鷹面精肉|25KG,1,25,千克,815,,,14699028,已登记,2026-04-02 00:00:00,2026-04-01 13:08:13,1300109002,1300109,面精肉,批發-飛機,815
2506689338218119176,香港事业部,NFT00.000140,聯合林記食品有限公司,聯合林記,分销业务冻品水产部销售部,莫艺生,河南去皮上腿肉|12KG,10,120,千克,1884,,,14698834,已登记,2026-04-02 00:00:00,2026-04-01 12:17:30,1300609001,1300609,去皮上腿肉,批發-加工,1884
2506682449090576393,香港事业部,NFT00.000357,三明有限公司,三明,分销业务冻品水产部销售部,张淑燕,金鷹寸骨|10KG (1K*10包),1,10,千克,485,,,14698042,已登记,2026-04-01 00:00:00,2026-04-01 12:04:08,1300111003,1300111,寸骨,批發-飛機,485
2506675697400414213,香港事业部,NFT00.000774,新昌,新昌,分销业务冻品水产部,张淑燕,遼寧銘川帶皮腿扒|15KG (300克+/塊),3,45,千克,665.1,,,14698031,已登记,2026-04-02 00:00:00,2026-04-01 11:51:03,1300607015,1300607,帶皮腿扒,凍肉店,665.1
2506661042973573129,香港事业部,NFT00.000774,新昌,新昌,分销业务冻品水产部,张淑燕,至尊梅肉|25KG,1,25,千克,1405,,,14698649,已登记,2026-04-02 00:00:00,2026-04-01 11:22:37,1300101043,1300101,一號肉,凍肉店,1405
2506661042973573129,香港事业部,NFT00.000774,新昌,新昌,分销业务冻品水产部,张淑燕,金鷹寸骨|10KG (1K*10包),1,10,千克,1405,,,14698649,已登记,2026-04-02 00:00:00,2026-04-01 11:22:37,1300111003,1300111,寸骨,凍肉店,0
2506646251104632837,香港事业部,NFT00.000759,天恆食品有限公司,天恆,分销业务冻品水产部销售部,岑美玉,高峰法式羊排 8 支骨|20KG,1,20,千克,1900,,,14698630,已登记,2026-04-02 00:00:00,2026-04-01 10:53:55,1300501020,1300501,羊排,批發-飛機,1900
2506640143662710786,香港事业部,NFT00.000385,誠信凍肉有限公司,誠信,分销业务冻品水产部销售部,李华兴,遼寧欣城帶骨雞全腿 280-300G|15KG,4,60,千克,767.4,,,14698592,已登记,2026-04-01 00:00:00,2026-04-01 10:42:05,1300603040,1300603,帶骨全腿,凍肉店,767.4
2506634663282868228,香港事业部,NFT00.000109,施培記凍肉超級市場有限公司,施培記,分销业务冻品水产部销售部,许至邦,金鷹面精肉|25KG,1,25,千克,815,,,14697990,已登记,2026-04-02 00:00:00,2026-04-01 10:31:25,1300109002,1300109,面精肉,凍肉店,815
2506623522137702408,香港事业部,NFT00.002220,新田食品貿易有限公司,新田,分销业务冻品水产部销售部,岑美玉,至尊梅肉|25KG,10,250,千克,9200,,,14697537,已登记,2026-04-01 00:00:00,2026-04-01 10:09:48,1300101043,1300101,一號肉,批發-加工,9200
2506618488437604360,香港事业部,NFT00.002547,先進食品國際有限公司,先進,分销业务冻品水产部销售部,岑美玉,遼寧欣城帶骨雞全腿 280-300G|15KG,6,90,千克,1151.1,,,14697975,已登记,2026-04-02 00:00:00,2026-04-01 10:00:02,1300603040,1300603,帶骨全腿,批發-加工,1151.1
2506609855551766537,香港事业部,NFT00.000169,福源食品有限公司,福源,分销业务冻品水产部销售部,罗展勤,華英全淨膛鴨|11.2KG (1.4KG/只),3,33.6,千克,359.52,,,14697963,已登记,2026-04-01 00:00:00,2026-04-01 09:43:17,1300901002,1300901,整鴨,批發-加工,359.52
2506606874844463105,香港事业部,NFT00.000169,福源食品有限公司,福源,分销业务冻品水产部销售部,罗展勤,高峰四號肉 25KG,125,125,千克,2725,,,14697957,已登记,2026-04-01 00:00:00,2026-04-01 09:37:31,1300104005,1300104,四號肉,批發-加工,2725
2506599023645818886,香港事业部,NFT00.002547,先進食品國際有限公司,先進,分销业务冻品水产部销售部,岑美玉,遼寧欣城帶骨雞全腿 280-300G|15KG,6,90,千克,1151.1,,,14697405,已登记,2026-04-02 00:00:00,2026-04-01 09:22:16,1300603040,1300603,帶骨全腿,批發-加工,1151.1
2506590244731092993,香港事业部,NFT00.001901,福偉集團有限公司,福偉,分销业务冻品水产部销售部,谭小君,遼寧欣城帶骨雞全腿 280-300G|15KG,4,60,千克,767.4,,,14697958,已登记,2026-04-01 00:00:00,2026-04-01 09:05:15,1300603040,1300603,帶骨全腿,批發-加工,767.4
2506589291249926145,香港事业部,NFT00.001901,福偉集團有限公司,福偉,分销业务冻品水产部销售部,谭小君,遼寧嘉士德去皮上腿肉|12KG,8,96,千克,1526.4,,,14697410,已登记,2026-04-01 00:00:00,2026-04-01 09:03:25,1300609018,1300609,去皮上腿肉,批發-加工,1526.4
2506582204553887751,香港事业部,NFT00.000230,恆輝貿易公司,恆輝,分销业务冻品水产部销售部,凌靖翔,優質梅肉|25KG,25,25,千克,650,,,14697959,已登记,2026-04-01 00:00:00,2026-04-01 08:49:39,1300101007,1300101,一號肉,批發-飛機,650
2506554570734305285,香港事业部,NFT00.000169,福源食品有限公司,福源,分销业务冻品水产部销售部,罗展勤,華英全淨膛鴨|11.2KG (1.4KG/只),3,33.6,千克,359.52,,,,开立,2026-04-01 00:00:00,2026-04-01 07:56:02,1300901002,1300901,整鴨,批發-加工,0
2506554570734305285,香港事业部,NFT00.000169,福源食品有限公司,福源,分销业务冻品水产部销售部,罗展勤,河南去皮上腿肉|12KG,20,240,千克,359.52,,,,开立,2026-04-01 00:00:00,2026-04-01 07:56:02,1300609001,1300609,去皮上腿肉,批發-加工,0
2506553359551954952,香港事业部,NFT00.000169,福源食品有限公司,福源,分销业务冻品水产部销售部,罗展勤,遼寧銘川帶皮腿扒|15KG (300克+/塊),20,300,千克,0,,,,开立,2026-04-01 00:00:00,2026-04-01 07:53:40,1300607015,1300607,帶皮腿扒,批發-加工,0
2506552964416536578,香港事业部,NFT00.000169,福源食品有限公司,福源,分销业务冻品水产部销售部,罗展勤,遼寧銘川帶皮腿扒|15KG (300克+/塊),20,300,千克,0,,,,开立,2026-04-01 00:00:00,2026-04-01 07:52:58,1300607015,1300607,帶皮腿扒,批發-加工,0
2506038676441006084,香港事业部,NFT00.000140,聯合林記食品有限公司,聯合林記,分销业务冻品水产部销售部,莫艺生,河南去皮上腿肉|12KG,6,72,千克,1130.4,,,14697275,已登记,2026-04-01 00:00:00,2026-03-31 15:15:04,1300609001,1300609,去皮上腿肉,批發-加工,1130.4
2506035704325210115,香港事业部,NFT00.000357,三明有限公司,三明,分销业务冻品水产部销售部,张淑燕,金鷹面精肉|25KG,1,25,千克,815,,,14697276,已登记,2026-04-01 00:00:00,2026-03-31 15:09:18,1300109002,1300109,面精肉,批發-飛機,815
2505979105246183426,香港事业部,NFT00.000357,三明有限公司,三明,分销业务冻品水产部销售部,张淑燕,金鷹面精肉|25KG,1,25,千克,815,,,14697672,已登记,2026-04-01 00:00:00,2026-03-31 13:19:29,1300109002,1300109,面精肉,批發-飛機,815
2505965687766777856,香港事业部,NFT00.002474,明記冷凍食品有限公司,明記冷凍,分销业务冻品水产部销售部,岑美玉,至尊梅肉|25KG,6,150,千克,5520,,,14697161,已登记,2026-04-01 00:00:00,2026-03-31 12:53:27,1300101043,1300101,一號肉,批發-加工,5520
2505950457812746245,香港事业部,NFT00.000759,天恆食品有限公司,天恆,分销业务冻品水产部销售部,岑美玉,高峰法式小切羊排 |10KG,2,20,千克,2060,,,14696991,已登记,2026-04-01 00:00:00,2026-03-31 12:23:54,1300501022,1300501,羊排,批發-飛機,2060
2505947485695377412,香港事业部,NFT00.000357,三明有限公司,三明,分销业务冻品水产部销售部,张淑燕,金鷹面精肉|25KG,2,50,千克,1630,,,14696990,已登记,2026-04-01 00:00:00,2026-03-31 12:18:07,1300109002,1300109,面精肉,批發-飛機,1630
2505931937913765892,香港事业部,NFT00.000230,恆輝貿易公司,恆輝,分销业务冻品水产部销售部,凌靖翔,遼寧欣城帶骨雞全腿 280-300G|15KG,1,15,千克,195,,,14696973,已登记,2026-04-01 00:00:00,2026-03-31 11:47:58,1300603040,1300603,帶骨全腿,批發-飛機,195
2505912696461852679,香港事业部,NFT00.002220,新田食品貿易有限公司,新田,分销业务冻品水产部销售部,岑美玉,至尊梅肉|25KG,10,250,千克,9200,,,14696542,已登记,2026-04-01 00:00:00,2026-03-31 11:10:38,1300101043,1300101,一號肉,批發-加工,9200
2505909019969847302,香港事业部,NFT00.000774,新昌,新昌,分销业务冻品水产部,张淑燕,遼寧銘川帶皮腿扒|15KG (300克+/塊),3,45,千克,1150.1,,,14696804,已登记,2026-04-01 00:00:00,2026-03-31 11:03:29,1300607015,1300607,帶皮腿扒,凍肉店,1150.1
2505909019969847302,香港事业部,NFT00.000774,新昌,新昌,分销业务冻品水产部,张淑燕,金鷹寸骨|10KG (1K*10包),1,10,千克,1150.1,,,14696804,已登记,2026-04-01 00:00:00,2026-03-31 11:03:29,1300111003,1300111,寸骨,凍肉店,0
2505894855166132229,香港事业部,NFT00.000357,三明有限公司,三明,分销业务冻品水产部销售部,张淑燕,高峰法式羊排 12 支骨|20KG,2,40,千克,8130,,,14696730,已登记,2026-03-31 00:00:00,2026-03-31 10:36:00,1300501019,1300501,羊排,批發-飛機,8130
2505894855166132229,香港事业部,NFT00.000357,三明有限公司,三明,分销业务冻品水产部销售部,张淑燕,金鷹面精肉|25KG,6,150,千克,8130,,,14696730,已登记,2026-03-31 00:00:00,2026-03-31 10:36:00,1300109002,1300109,面精肉,批發-飛機,0
2505882683228815362,香港事业部,NFT00.000881,明興食品有限公司(元朗),明興,分销业务冻品水产部销售部,许至邦,金鷹面精肉|25KG,5,125,千克,4075,,,14696491,已登记,2026-04-01 00:00:00,2026-03-31 10:12:24,1300109002,1300109,面精肉,批發-加工,4075
2505860349398876168,香港事业部,NFT00.000230,恆輝貿易公司,恆輝,分销业务冻品水产部销售部,凌靖翔,遼寧欣城帶骨雞全腿 280-300G|15KG,1,15,千克,195,,,14696436,已登记,2026-03-31 00:00:00,2026-03-31 09:29:04,1300603040,1300603,帶骨全腿,批發-飛機,195
2505845145216221184,香港事业部,NFT00.002547,先進食品國際有限公司,先進,分销业务冻品水产部销售部,岑美玉,遼寧銘川帶皮腿扒|15KG (300克+/塊),10,150,千克,2217,,,14696393,已登记,2026-04-01 00:00:00,2026-03-31 08:59:35,1300607015,1300607,帶皮腿扒,批發-加工,2217
2505317036035932169,香港事业部,NFT00.000140,聯合林記食品有限公司,聯合林記,分销业务冻品水产部销售部,莫艺生,遼寧銘川帶皮腿扒|15KG (300克+/塊),10,150,千克,2217,,,14696324,已登记,2026-03-31 00:00:00,2026-03-30 15:54:55,1300607015,1300607,帶皮腿扒,批發-加工,2217
2505297811763888137,香港事业部,NFT00.000140,聯合林記食品有限公司,聯合林記,分销业务冻品水产部销售部,莫艺生,河南去皮上腿肉|12KG,8,96,千克,1516.8,,,14696306,已登记,2026-03-31 00:00:00,2026-03-30 15:17:35,1300609001,1300609,去皮上腿肉,批發-加工,1516.8
2505194440491008009,香港事业部,NFT00.000774,新昌,新昌,分销业务冻品水产部,张淑燕,遼寧銘川帶皮腿扒|15KG (300克+/塊),3,45,千克,1585.1,,,14696049,已登记,2026-03-31 00:00:00,2026-03-30 11:57:02,1300607015,1300607,帶皮腿扒,凍肉店,1585.1
2505194440491008009,香港事业部,NFT00.000774,新昌,新昌,分销业务冻品水产部,张淑燕,至尊梅肉|25KG,1,25,千克,1585.1,,,14696049,已登记,2026-03-31 00:00:00,2026-03-30 11:57:02,1300101043,1300101,一號肉,凍肉店,0
2505161867457462273,香港事业部,NFT00.000140,聯合林記食品有限公司,聯合林記,分销业务冻品水产部销售部,莫艺生,河南去皮上腿肉|12KG,16,192,千克,3033.6,,,14695113,已登记,2026-03-30 00:00:00,2026-03-30 10:53:49,1300609001,1300609,去皮上腿肉,批發-加工,3033.6
2505153775740649477,香港事业部,NFT00.001991,昭楠貿易有限公司,昭楠,分销业务冻品水产部销售部,莫艺生,遼寧銘川帶皮腿扒|15KG (300克+/塊),20,300,千克,4434,,,14695000,已登记,2026-03-30 00:00:00,2026-03-30 10:38:08,1300607015,1300607,帶皮腿扒,批發-飛機,4434
2505152890977386498,香港事业部,NFT00.001991,昭楠貿易有限公司,昭楠,分销业务冻品水产部销售部,莫艺生,河南去皮上腿肉|12KG,20,240,千克,3792,,,14695873,已登记,2026-03-30 00:00:00,2026-03-30 10:36:25,1300609001,1300609,去皮上腿肉,批發-飛機,3792
2505113454586101763,香港事业部,NFT00.002547,先進食品國際有限公司,先進,分销业务冻品水产部销售部,岑美玉,遼寧銘川帶皮腿扒|15KG (300克+/塊),10,150,千克,2217,,,14694935,已登记,2026-03-31 00:00:00,2026-03-30 09:19:56,1300607015,1300607,帶皮腿扒,批發-加工,2217
2503675594024681480,香港事业部,NFT00.000385,誠信凍肉有限公司,誠信,分销业务冻品水产部销售部,李华兴,金鷹面精肉|25KG,2,50,千克,1630,,,14695597,已登记,2026-03-28 00:00:00,2026-03-28 10:50:05,1300109002,1300109,面精肉,凍肉店,1630
2503653208656707593,香港事业部,NFT00.000140,聯合林記食品有限公司,聯合林記,分销业务冻品水产部销售部,莫艺生,遼寧銘川帶皮腿扒|15KG (300克+/塊),2,30,千克,1498.2,,,14694564,已登记,2026-03-28 00:00:00,2026-03-28 10:06:40,1300607015,1300607,帶皮腿扒,批發-加工,1498.2
2503653208656707593,香港事业部,NFT00.000140,聯合林記食品有限公司,聯合林記,分销业务冻品水产部销售部,莫艺生,河南去皮上腿肉|12KG,3,36,千克,1498.2,,,14694564,已登记,2026-03-28 00:00:00,2026-03-28 10:06:40,1300609001,1300609,去皮上腿肉,批發-加工,0
2503653208656707593,香港事业部,NFT00.000140,聯合林記食品有限公司,聯合林記,分销业务冻品水产部销售部,莫艺生,遼寧嘉士德帶骨雞全腿 160-180G|15KG,2,30,千克,1498.2,,,14694564,已登记,2026-03-28 00:00:00,2026-03-28 10:06:40,1300603095,1300603,帶骨全腿,批發-加工,0
2503629337226903555,香港事业部,NFT00.000088,瑞興肉食有限公司,瑞興,分销业务冻品水产部销售部,凌靖翔,河南去皮上腿肉|12KG,4,48,千克,753.6,,,14694568,已登记,2026-03-28 00:00:00,2026-03-28 09:20:21,1300609001,1300609,去皮上腿肉,批發-加工,753.6
2503618900457947139,香港事业部,NFT00.002547,先進食品國際有限公司,先進,分销业务冻品水产部销售部,岑美玉,遼寧銘川帶皮腿扒|15KG (300克+/塊),10,150,千克,2217,,,14694569,已登记,2026-03-30 00:00:00,2026-03-28 09:00:05,1300607015,1300607,帶皮腿扒,批發-加工,2217
2503614124452741127,香港事业部,NFT00.003034,豪氣有限公司,豪氣,分销业务冻品水产部销售部,萧景新,遼寧銘川帶皮腿扒|15KG (300克+/塊),20,300,千克,4434,,,14694570,已登记,2026-03-28 00:00:00,2026-03-28 08:50:49,1300607015,1300607,帶皮腿扒,批發-加工,4434
2503147373176815624,香港事业部,NFT00.000759,天恆食品有限公司,天恆,分销业务冻品水产部销售部,岑美玉,高峰法式羊排 8 支骨|20KG,1,20,千克,1860,,,14694468,已登记,2026-03-28 00:00:00,2026-03-27 17:45:13,1300501020,1300501,羊排,批發-飛機,1860
2503138680164581377,香港事业部,NFT00.000140,聯合林記食品有限公司,聯合林記,分销业务冻品水产部销售部,莫艺生,遼寧欣城帶骨雞全腿 280-300G|15KG,2,30,千克,383.7,,,14693404,已登记,2026-03-28 00:00:00,2026-03-27 17:28:20,1300603040,1300603,帶骨全腿,批發-加工,383.7
2503099029026504713,香港事业部,NFT00.000759,天恆食品有限公司,天恆,分销业务冻品水产部销售部,岑美玉,高峰法式羊排 8 支骨|20KG,1,20,千克,1860,,,14694412,已关闭,2026-03-28 00:00:00,2026-03-27 16:11:23,1300501020,1300501,羊排,批發-飛機,1860
2503053029925191688,香港事业部,NFT00.000088,瑞興肉食有限公司,瑞興,分销业务冻品水产部销售部,凌靖翔,河南去皮上腿肉|12KG,5,60,千克,942,,,14694231,已登记,2026-03-28 00:00:00,2026-03-27 14:42:09,1300609001,1300609,去皮上腿肉,批發-加工,942
2503006730177740809,香港事业部,NFT00.000140,聯合林記食品有限公司,聯合林記,分销业务冻品水产部销售部,莫艺生,河南去皮上腿肉|12KG,10,120,千克,1884,,,14693243,已登记,2026-03-28 00:00:00,2026-03-27 13:12:20,1300609001,1300609,去皮上腿肉,批發-加工,1884
2502984782894858243,香港事业部,NFT00.000774,新昌,新昌,分销业务冻品水产部,张淑燕,金鷹面精肉|25KG,1,25,千克,1510,,,14693164,已登记,2026-03-30 00:00:00,2026-03-27 12:29:43,1300109002,1300109,面精肉,凍肉店,1510
2502984782894858243,香港事业部,NFT00.000774,新昌,新昌,分销业务冻品水产部,张淑燕,遼寧銘川帶皮腿扒|15KG (300克+/塊),3,45,千克,1510,,,14693164,已登记,2026-03-30 00:00:00,2026-03-27 12:29:43,1300607015,1300607,帶皮腿扒,凍肉店,0
2502972026843561992,香港事业部,NFT00.000774,新昌,新昌,分销业务冻品水产部,张淑燕,至尊梅肉|25KG,1,25,千克,2140,,,14693144,已登记,2026-03-28 00:00:00,2026-03-27 12:04:58,1300101043,1300101,一號肉,凍肉店,2140
2502972026843561992,香港事业部,NFT00.000774,新昌,新昌,分销业务冻品水产部,张淑燕,金鷹寸骨|10KG (1K*10包),1,10,千克,2140,,,14693144,已登记,2026-03-28 00:00:00,2026-03-27 12:04:58,1300111003,1300111,寸骨,凍肉店,0
2502972026843561992,香港事业部,NFT00.000774,新昌,新昌,分销业务冻品水产部,张淑燕,遼寧銘川帶皮腿扒|15KG (300克+/塊),3,45,千克,2140,,,14693144,已登记,2026-03-28 00:00:00,2026-03-27 12:04:58,1300607015,1300607,帶皮腿扒,凍肉店,0
2502965455542026247,香港事业部,NFT00.000088,瑞興肉食有限公司,瑞興,分销业务冻品水产部销售部,凌靖翔,遼寧銘川帶皮腿扒|15KG (300克+/塊),3,45,千克,665.1,,,14693121,已登记,2026-03-28 00:00:00,2026-03-27 11:52:15,1300607015,1300607,帶皮腿扒,批發-加工,665.1
2502962844201910273,香港事业部,NFT00.000109,施培記凍肉超級市場有限公司,施培記,分销业务冻品水产部销售部,许至邦,金鷹面精肉|25KG,1,25,千克,815,,,14694010,已登记,2026-03-30 00:00:00,2026-03-27 11:47:09,1300109002,1300109,面精肉,凍肉店,815
2502938294170419207,香港事业部,NFT00.000881,明興食品有限公司(元朗),明興,分销业务冻品水产部销售部,许至邦,金鷹面精肉|25KG,5,125,千克,4075,,,14693080,已登记,2026-03-30 00:00:00,2026-03-27 10:59:32,1300109002,1300109,面精肉,批發-加工,4075
2502934737937498121,香港事业部,NFT00.000140,聯合林記食品有限公司,聯合林記,分销业务冻品水产部销售部,莫艺生,遼寧銘川帶皮腿扒|15KG (300克+/塊),5,75,千克,1108.5,,,14693035,已登记,2026-03-27 00:00:00,2026-03-27 10:52:37,1300607015,1300607,帶皮腿扒,批發-加工,1108.5
2502909870075281408,香港事业部,NFT00.002547,先進食品國際有限公司,先進,分销业务冻品水产部销售部,岑美玉,遼寧銘川帶皮腿扒|15KG (300克+/塊),5,75,千克,1108.5,,,14693853,已登记,2026-03-28 00:00:00,2026-03-27 10:04:23,1300607015,1300607,帶皮腿扒,批發-加工,1108.5
2502897406081761285,香港事业部,NFT00.000881,明興食品有限公司(元朗),明興,分销业务冻品水产部销售部,许至邦,金鷹面精肉|25KG,5,125,千克,4075,,,14692931,已登记,2026-03-28 00:00:00,2026-03-27 09:40:11,1300109002,1300109,面精肉,批發-加工,4075
2502892913545969670,香港事业部,NFT00.002547,先進食品國際有限公司,先進,分销业务冻品水产部销售部,岑美玉,遼寧銘川帶皮腿扒|15KG (300克+/塊),15,225,千克,3325.5,,,14693797,已登记,2026-03-28 00:00:00,2026-03-27 09:31:29,1300607015,1300607,帶皮腿扒,批發-加工,3325.5
2502888738837757961,香港事业部,NFT00.000088,瑞興肉食有限公司,瑞興,分销业务冻品水产部销售部,凌靖翔,金鷹面精肉|25KG,3,75,千克,2445,,,14693798,已登记,2026-03-28 00:00:00,2026-03-27 09:23:23,1300109002,1300109,面精肉,批發-加工,2445
2502350450586550276,香港事业部,NFT00.000140,聯合林記食品有限公司,聯合林記,分销业务冻品水产部销售部,莫艺生,河南去皮上腿肉|12KG,5,60,千克,942,,,14693608,已登记,2026-03-27 00:00:00,2026-03-26 15:58:57,1300609001,1300609,去皮上腿肉,批發-加工,942
2502291721202171906,香港事业部,NFT00.001991,昭楠貿易有限公司,昭楠,分销业务冻品水产部销售部,莫艺生,河南去皮上腿肉|12KG,20,240,千克,3768,,,14692756,已登记,2026-03-27 00:00:00,2026-03-26 14:05:01,1300609001,1300609,去皮上腿肉,批發-飛機,3768
2502232407703814153,香港事业部,NFT00.000088,瑞興肉食有限公司,瑞興,分销业务冻品水产部销售部,凌靖翔,河南去皮上腿肉|12KG,4,48,千克,1588.6,,,14692662,已登记,2026-03-27 00:00:00,2026-03-26 12:09:56,1300609001,1300609,去皮上腿肉,批發-加工,1588.6
2502232407703814153,香港事业部,NFT00.000088,瑞興肉食有限公司,瑞興,分销业务冻品水产部销售部,凌靖翔,金鷹面精肉|25KG,1,25,千克,1588.6,,,14692662,已登记,2026-03-27 00:00:00,2026-03-26 12:09:56,1300109002,1300109,面精肉,批發-加工,0
2502231617429831681,香港事业部,NFT00.000088,瑞興肉食有限公司,瑞興,分销业务冻品水产部销售部,凌靖翔,金鷹面精肉|25KG,5,125,千克,4175,,,14692661,已登记,2026-03-27 00:00:00,2026-03-26 12:08:23,1300109002,1300109,面精肉,批發-加工,4175
2502215683102736387,香港事业部,NFT00.000230,恆輝貿易公司,恆輝,分销业务冻品水产部销售部,凌靖翔,遼寧欣城帶骨雞全腿 280-300G|15KG,1,15,千克,195,,,14692646,已登记,2026-03-27 00:00:00,2026-03-26 11:37:28,1300603040,1300603,帶骨全腿,批發-飛機,195
2502207788951273473,香港事业部,NFT00.000229,駿利貿易公司,駿利,分销业务冻品水产部销售部,张淑燕,遼寧銘川帶皮腿扒|15KG (300克+/塊),1,15,千克,221.7,,,14692626,已登记,2026-03-27 00:00:00,2026-03-26 11:22:10,1300607015,1300607,帶皮腿扒,批發-飛機,221.7
2502184329841475591,香港事业部,NFT00.000116,新協興凍肉食品公司,新協興,分销业务冻品水产部销售部,凌靖翔,金鷹面精肉|25KG,1,25,千克,815,,,14692188,已登记,2026-03-26 00:00:00,2026-03-26 10:36:39,1300109002,1300109,面精肉,批發-加工,815
2502172303933046790,香港事业部,NFT00.000109,施培記凍肉超級市場有限公司,施培記,分销业务冻品水产部销售部,许至邦,金鷹面精肉|25KG,1,25,千克,815,,,14692585,已登记,2026-03-27 00:00:00,2026-03-26 10:13:19,1300109002,1300109,面精肉,凍肉店,815
2502142934946676740,香港事业部,NFT00.000140,聯合林記食品有限公司,聯合林記,分销业务冻品水产部销售部,莫艺生,遼寧銘川帶皮腿扒|15KG (300克+/塊),5,75,千克,1108.5,,,14691535,已登记,2026-03-26 00:00:00,2026-03-26 09:16:20,1300607015,1300607,帶皮腿扒,批發-加工,1108.5
2502141990053871625,香港事业部,NFT00.001901,福偉集團有限公司,福偉,分销业务冻品水产部销售部,谭小君,遼寧銘川帶皮腿扒|15KG (300克+/塊),6,90,千克,1330.2,,,14691970,已登记,2026-03-26 00:00:00,2026-03-26 09:14:30,1300607015,1300607,帶皮腿扒,批發-加工,1330.2
2502119750711640068,香港事业部,NFT00.001991,昭楠貿易有限公司,昭楠,分销业务冻品水产部销售部,莫艺生,遼寧銘川帶皮腿扒|15KG (300克+/塊),20,300,千克,4434,,,14691960,已登记,2026-03-26 00:00:00,2026-03-26 08:31:21,1300607015,1300607,帶皮腿扒,批發-飛機,4434
2501727216470589448,香港事业部,NFT00.000140,聯合林記食品有限公司,聯合林記,分销业务冻品水产部销售部,莫艺生,遼寧欣城帶骨雞全腿 280-300G|15KG,5,75,千克,959.25,,,14691917,已登记,2026-03-26 00:00:00,2026-03-25 19:49:44,1300603040,1300603,帶骨全腿,批發-加工,959.25
2501490718392975365,香港事业部,NFT00.000140,聯合林記食品有限公司,聯合林記,分销业务冻品水产部销售部,莫艺生,河南去皮上腿肉|12KG,8,96,千克,1507.2,,,14691595,已登记,2026-03-26 00:00:00,2026-03-25 12:10:51,1300609001,1300609,去皮上腿肉,批發-加工,1507.2
2501479216470556672,香港事业部,NFT00.001991,昭楠貿易有限公司,昭楠,分销业务冻品水产部销售部,莫艺生,遼寧銘川帶皮腿扒|15KG (300克+/塊),20,300,千克,4434,,,14691594,已关闭,2026-03-26 00:00:00,2026-03-25 11:48:33,1300607015,1300607,帶皮腿扒,批發-飛機,4434
2501433294680227848,香港事业部,NFT00.000088,瑞興肉食有限公司,瑞興,分销业务冻品水产部销售部,凌靖翔,河南去皮上腿肉|12KG,4,48,千克,758.4,,,14691150,已登记,2026-03-25 00:00:00,2026-03-25 10:19:26,1300609001,1300609,去皮上腿肉,批發-加工,758.4
2501429540877238279,香港事业部,NFT00.000091,恆昌凍肉食品有限公司,恆昌,分销业务冻品水产部销售部,谭小君,遼寧銘川帶皮腿扒|15KG (300克+/塊),20,300,千克,4500,,,,开立,2026-03-25 00:00:00,2026-03-25 10:12:09,1300607015,1300607,帶皮腿扒,批發-加工,0
2501412730376814600,香港事业部,NFT00.000169,福源食品有限公司,福源,分销业务冻品水产部销售部,罗展勤,遼寧銘川帶皮腿扒|15KG (300克+/塊),20,300,千克,9240,,,14690394,已登记,2026-03-25 00:00:00,2026-03-25 09:39:32,1300607015,1300607,帶皮腿扒,批發-加工,9240
2501412730376814600,香港事业部,NFT00.000169,福源食品有限公司,福源,分销业务冻品水产部销售部,罗展勤,河南去皮上腿肉|12KG,25,300,千克,9240,,,14690394,已登记,2026-03-25 00:00:00,2026-03-25 09:39:32,1300609001,1300609,去皮上腿肉,批發-加工,0
2500916240747331593,香港事业部,NFT00.001901,福偉集團有限公司,福偉,分销业务冻品水产部销售部,谭小君,遼寧欣城帶骨雞全腿 280-300G|15KG,4,60,千克,767.4,,,14691075,已登记,2026-03-25 00:00:00,2026-03-24 17:36:15,1300603040,1300603,帶骨全腿,批發-加工,767.4
2500866805672181767,香港事业部,NFT00.000169,福源食品有限公司,福源,分销业务冻品水产部销售部,罗展勤,遼寧欣城帶骨雞全腿 280-300G|15KG,20,300,千克,3837,,,14690317,已登记,2026-03-25 00:00:00,2026-03-24 16:00:18,1300603040,1300603,帶骨全腿,批發-加工,3837
2500746211582017544,香港事业部,NFT00.000140,聯合林記食品有限公司,聯合林記,分销业务冻品水产部销售部,莫艺生,河南去皮上腿肉|12KG,12,144,千克,2260.8,,,14690668,已登记,2026-03-25 00:00:00,2026-03-24 12:06:20,1300609001,1300609,去皮上腿肉,批發-加工,2260.8
2500741014670016518,香港事业部,NFT00.000774,新昌,新昌,分销业务冻品水产部,张淑燕,遼寧銘川帶皮腿扒|15KG (300克+/塊),3,45,千克,2130.1,,,14689420,已登记,2026-03-25 00:00:00,2026-03-24 11:56:15,1300607015,1300607,帶皮腿扒,凍肉店,2130.1
2500741014670016518,香港事业部,NFT00.000774,新昌,新昌,分销业务冻品水产部,张淑燕,至尊梅肉|25KG,1,25,千克,2130.1,,,14689420,已登记,2026-03-25 00:00:00,2026-03-24 11:56:15,1300101043,1300101,一號肉,凍肉店,0
2500741014670016518,香港事业部,NFT00.000774,新昌,新昌,分销业务冻品水产部,张淑燕,金鷹寸骨|10KG (1K*10包),1,10,千克,2130.1,,,14689420,已登记,2026-03-25 00:00:00,2026-03-24 11:56:15,1300111003,1300111,寸骨,凍肉店,0
2500701492380958720,香港事业部,NFT00.000168,明記凍肉,明記,分销业务冻品水产部销售部,凌靖翔,金鷹面精肉|25KG,1,25,千克,815,,,14689367,已登记,2026-03-24 00:00:00,2026-03-24 10:39:33,1300109002,1300109,面精肉,凍肉店,815
2500680464222650369,香港事业部,NFT00.000140,聯合林記食品有限公司,聯合林記,分销业务冻品水产部销售部,莫艺生,河南去皮上腿肉|12KG,3,36,千克,568.8,,,14690053,已登记,2026-03-24 00:00:00,2026-03-24 09:58:46,1300609001,1300609,去皮上腿肉,批發-加工,568.8
2500115796280737795,香港事业部,NFT00.001226,萬群有限公司,萬群,分销业务冻品水产部销售部,许至邦,高峰網裝羊肩卷肉| 18KG,2,36,千克,2880,,,14689761,已登记,2026-03-24 00:00:00,2026-03-23 15:43:09,1300503009,1300503,羊肩卷肉,批發-加工,2880
2500077442222784518,香港事业部,NFT00.000057,大利凍肉有限公司,#N/A,分销业务冻品水产部销售部,莫艺生,遼寧嘉士德去皮上腿肉|12KG,1,12,千克,192,,,14689671,已关闭,2026-03-23 00:00:00,2026-03-23 14:28:44,1300609018,1300609,去皮上腿肉,批發-加工,192
2500067873037221895,香港事业部,NFT00.001991,昭楠貿易有限公司,昭楠,分销业务冻品水产部销售部,莫艺生,河南去皮上腿肉|12KG,20,240,千克,3792,,,14689658,已登记,2026-03-24 00:00:00,2026-03-23 14:10:11,1300609001,1300609,去皮上腿肉,批發-飛機,3792
2499976373052375045,香港事业部,NFT00.000774,新昌,新昌,分销业务冻品水产部,张淑燕,金鷹面精肉|25KG,1,25,千克,1510,,,14688726,已登记,2026-03-24 00:00:00,2026-03-23 11:12:38,1300109002,1300109,面精肉,凍肉店,1510
2499976373052375045,香港事业部,NFT00.000774,新昌,新昌,分销业务冻品水产部,张淑燕,遼寧銘川帶皮腿扒|15KG (300克+/塊),3,45,千克,1510,,,14688726,已登记,2026-03-24 00:00:00,2026-03-23 11:12:38,1300607015,1300607,帶皮腿扒,凍肉店,0
2499961546826842112,香港事业部,NFT00.000140,聯合林記食品有限公司,聯合林記,分销业务冻品水产部销售部,莫艺生,河南去皮上腿肉|12KG,12,144,千克,2275.2,,,14688688,已登记,2026-03-23 00:00:00,2026-03-23 10:43:52,1300609001,1300609,去皮上腿肉,批發-加工,2275.2
2498519606044917769,香港事业部,NFT00.000230,恆輝貿易公司,恆輝,分销业务冻品水产部销售部,凌靖翔,金鷹寸骨|10KG (1K*10包),1,10,千克,520,,,14688203,已登记,2026-03-23 00:00:00,2026-03-21 12:06:10,1300111003,1300111,寸骨,批發-飛機,520
2498454193694572550,香港事业部,NFT00.000116,新協興凍肉食品公司,新協興,分销业务冻品水产部销售部,凌靖翔,遼寧嘉士德去皮上腿肉|12KG,2,24,千克,381.6,,,14687324,已登记,2026-03-21 00:00:00,2026-03-21 09:59:14,1300609018,1300609,去皮上腿肉,批發-加工,381.6
2498441746877775874,香港事业部,NFT00.000230,恆輝貿易公司,恆輝,分销业务冻品水产部销售部,凌靖翔,河南去皮上腿肉|12KG,8,96,千克,1516.8,,,14687323,已登记,2026-03-21 00:00:00,2026-03-21 09:35:07,1300609001,1300609,去皮上腿肉,批發-飛機,1516.8
2497820832045727753,香港事业部,NFT00.001991,昭楠貿易有限公司,昭楠,分销业务冻品水产部销售部,莫艺生,河南去皮上腿肉|12KG,20,240,千克,3792,,,14687629,已关闭,2026-03-21 00:00:00,2026-03-20 13:30:24,1300609001,1300609,去皮上腿肉,批發-飛機,3792
2497820213570437128,香港事业部,NFT00.001991,昭楠貿易有限公司,昭楠,分销业务冻品水产部销售部,莫艺生,河南去皮上腿肉|12KG,20,240,千克,3792,,,14686860,已登记,2026-03-21 00:00:00,2026-03-20 13:29:33,1300609001,1300609,去皮上腿肉,批發-飛機,3792
2497819723945738244,香港事业部,NFT00.001991,昭楠貿易有限公司,昭楠,分销业务冻品水产部销售部,莫艺生,河南去皮上腿肉|12KG,20,240,千克,3792,,,14687623,已关闭,2026-03-21 00:00:00,2026-03-20 13:29:04,1300609001,1300609,去皮上腿肉,批發-飛機,3792
2497767394064203777,香港事业部,NFT00.000229,駿利貿易公司,駿利,分销业务冻品水产部销售部,张淑燕,遼寧銘川帶皮腿扒|15KG (300克+/塊),1,15,千克,225,,,14686391,已登记,2026-03-23 00:00:00,2026-03-20 11:46:39,1300607015,1300607,帶皮腿扒,批發-飛機,225
2497750308682727429,香港事业部,NFT00.000774,新昌,新昌,分销业务冻品水产部,张淑燕,金鷹寸骨|10KG (1K*10包),1,10,千克,1195,,,14686681,已登记,2026-03-23 00:00:00,2026-03-20 11:13:31,1300111003,1300111,寸骨,凍肉店,1195
2497750308682727429,香港事业部,NFT00.000774,新昌,新昌,分销业务冻品水产部,张淑燕,遼寧銘川帶皮腿扒|15KG (300克+/塊),3,45,千克,1195,,,14686681,已登记,2026-03-23 00:00:00,2026-03-20 11:13:31,1300607015,1300607,帶皮腿扒,凍肉店,0
2497748564927578121,香港事业部,NFT00.000774,新昌,新昌,分销业务冻品水产部,张淑燕,至尊梅肉|25KG,1,25,千克,1620,,,14686326,已登记,2026-03-21 00:00:00,2026-03-20 11:10:08,1300101043,1300101,一號肉,凍肉店,1620
2497748564927578121,香港事业部,NFT00.000774,新昌,新昌,分销业务冻品水产部,张淑燕,遼寧銘川帶皮腿扒|15KG (300克+/塊),3,45,千克,1620,,,14686326,已登记,2026-03-21 00:00:00,2026-03-20 11:10:08,1300607015,1300607,帶皮腿扒,凍肉店,0
2497707505038655488,香港事业部,NFT00.000357,三明有限公司,三明,分销业务冻品水产部销售部,张淑燕,遼寧嘉士德去皮上腿肉|12KG,6,72,千克,1144.8,,,14686663,已登记,2026-03-20 00:00:00,2026-03-20 09:50:27,1300609018,1300609,去皮上腿肉,批發-飛機,1144.8
2497158049872478213,香港事业部,NFT00.001511,福永行貿易有限公司,福永行,分销业务冻品水产部销售部,岑美玉,金鷹寸骨|10KG (1K*10包),2,20,千克,970,,,14685452,已登记,2026-03-20 00:00:00,2026-03-19 16:04:22,1300111003,1300111,寸骨,批發-加工,970
2497118330014924808,香港事业部,NFT00.001511,福永行貿易有限公司,福永行,分销业务冻品水产部销售部,岑美玉,金鷹寸骨|10KG (1K*10包),1,10,千克,485,,,14685949,已关闭,2026-03-20 00:00:00,2026-03-19 14:47:19,1300111003,1300111,寸骨,批發-加工,485
2497108322742697988,香港事业部,NFT00.001991,昭楠貿易有限公司,昭楠,分销业务冻品水产部销售部,莫艺生,河南去皮上腿肉|12KG,10,120,千克,1896,,,14685950,已登记,2026-03-20 00:00:00,2026-03-19 14:27:55,1300609001,1300609,去皮上腿肉,批發-飛機,1896
2497030137156468737,香港事业部,NFT00.000774,新昌,新昌,分销业务冻品水产部,张淑燕,金鷹面精肉|25KG,1,25,千克,835,,,14685353,已登记,2026-03-20 00:00:00,2026-03-19 11:56:11,1300109002,1300109,面精肉,凍肉店,835
2497029054824710152,香港事业部,NFT00.000774,新昌,新昌,分销业务冻品水产部,张淑燕,遼寧銘川帶皮腿扒|15KG (300克+/塊),3,45,千克,675,,,14685795,已登记,2026-03-20 00:00:00,2026-03-19 11:54:06,1300607015,1300607,帶皮腿扒,凍肉店,675
2497002451797278721,香港事业部,NFT00.000091,恆昌凍肉食品有限公司,恆昌,分销业务冻品水产部销售部,谭小君,金鷹寸骨|10KG (1K*10包),2,20,千克,970,,,14685280,已登记,2026-03-20 00:00:00,2026-03-19 11:02:29,1300111003,1300111,寸骨,批發-加工,970
2496965893035655175,香港事业部,NFT00.003421,峻星貿易有限公司,峻星,分销业务冻品水产部销售部,谭小君,金鷹寸骨|10KG (1K*10包),2,20,千克,970,,,14684508,已登记,2026-03-19 00:00:00,2026-03-19 09:51:34,1300111003,1300111,寸骨,批發-飛機,970
2496955318827745288,香港事业部,NFT00.000140,聯合林記食品有限公司,聯合林記,分销业务冻品水产部销售部,莫艺生,遼寧嘉士德帶骨雞全腿 160-180G|15KG,6,90,千克,4284,,,14684470,已登记,2026-03-19 00:00:00,2026-03-19 09:31:03,1300603095,1300603,帶骨全腿,批發-加工,4284
2496955318827745288,香港事业部,NFT00.000140,聯合林記食品有限公司,聯合林記,分销业务冻品水产部销售部,莫艺生,河南去皮上腿肉|12KG,15,180,千克,4284,,,14684470,已登记,2026-03-19 00:00:00,2026-03-19 09:31:03,1300609001,1300609,去皮上腿肉,批發-加工,0
2496346833642061832,香港事业部,NFT00.003034,豪氣有限公司,豪氣,分销业务冻品水产部销售部,萧景新,河南去皮上腿肉|12KG,10,120,千克,1884,,,14684951,已登记,2026-03-19 00:00:00,2026-03-18 13:50:25,1300609001,1300609,去皮上腿肉,批發-加工,1884
2496302260471464057,香港事业部,NFT00.000140,聯合林記食品有限公司,聯合林記,分销业务冻品水产部销售部,莫艺生,河南去皮上腿肉|12KG,11,132,千克,2072.4,,,14684890,已登记,2026-03-18 00:00:00,2026-03-18 12:23:56,1300609001,1300609,去皮上腿肉,批發-加工,2072.4
2496269532811231234,香港事业部,NFT00.000140,聯合林記食品有限公司,聯合林記,,,河南去皮上腿肉|12KG,11,132,千克,2072.4,,,,开立,2026-03-18 00:00:00,2026-03-18 11:20:25,1300609001,1300609,去皮上腿肉,批發-加工,0
2496264361680044040,香港事业部,NFT00.000774,新昌,新昌,分销业务冻品水产部,张淑燕,遼寧銘川帶皮腿扒|15KG (300克+/塊),3,45,千克,675,,,14684837,已登记,2026-03-19 00:00:00,2026-03-18 11:10:23,1300607015,1300607,帶皮腿扒,凍肉店,675
2496263468326846469,香港事业部,NFT00.000774,新昌,新昌,分销业务冻品水产部,张淑燕,至尊梅肉|25KG,1,25,千克,945,,,14684835,已登记,2026-03-19 00:00:00,2026-03-18 11:08:39,1300101043,1300101,一號肉,凍肉店,945
2496231170172780549,香港事业部,NFT00.001901,福偉集團有限公司,福偉,分销业务冻品水产部销售部,谭小君,遼寧銘川帶皮腿扒|15KG (300克+/塊),4,60,千克,900,,,14684760,已登记,2026-03-18 00:00:00,2026-03-18 10:06:00,1300607015,1300607,帶皮腿扒,批發-加工,900
2495821103865790465,香港事业部,NFT00.001226,萬群有限公司,萬群,分销业务冻品水产部销售部,许至邦,高峰網裝羊肩卷肉| 18KG,2,36,千克,2880,,,14683853,已登记,2026-03-19 00:00:00,2026-03-17 20:50:25,1300503009,1300503,羊肩卷肉,批發-加工,2880
2495704650131963911,香港事业部,NFT00.001922,新江公司,新江,分销业务冻品水产部销售部,李华兴,遼寧銘川帶皮腿扒|15KG (300克+/塊),5,75,千克,1108.5,,,14684578,已登记,2026-03-18 00:00:00,2026-03-17 17:04:25,1300607015,1300607,帶皮腿扒,批發-加工,1108.5
2495571420246441990,香港事业部,NFT00.003501,明記海鮮食品有限公司,明記海鮮,分销业务冻品水产部销售部,许至邦,高峰網裝羊肩卷肉| 18KG,5,90,千克,7200,,,14683592,已登记,2026-03-18 00:00:00,2026-03-17 12:45:55,1300503009,1300503,羊肩卷肉,批發-加工,7200
2495550039889805314,香港事业部,NFT00.000774,新昌,新昌,分销业务冻品水产部,张淑燕,金鷹面精肉|25KG,1,25,千克,835,,,14683373,已登记,2026-03-18 00:00:00,2026-03-17 12:04:25,1300109002,1300109,面精肉,凍肉店,835
2495547497269166089,香港事业部,NFT00.000774,新昌,新昌,分销业务冻品水产部,张淑燕,遼寧銘川帶皮腿扒|15KG (300克+/塊),3,45,千克,665.1,,,14683346,已登记,2026-03-18 00:00:00,2026-03-17 11:59:30,1300607015,1300607,帶皮腿扒,凍肉店,665.1
2495539920956293126,香港事业部,NFT00.001226,萬群有限公司,萬群,分销业务冻品水产部销售部,许至邦,高峰網裝羊肩卷肉| 18KG,2,36,千克,2880,,,14682461,已关闭,2026-03-18 00:00:00,2026-03-17 11:44:47,1300503009,1300503,羊肩卷肉,批發-加工,2880
2495516479024791555,香港事业部,NFT00.000230,恆輝貿易公司,恆輝,分销业务冻品水产部销售部,凌靖翔,河南去皮上腿肉|12KG,8,96,千克,1516.8,,,14682452,已登记,2026-03-18 00:00:00,2026-03-17 10:59:18,1300609001,1300609,去皮上腿肉,批發-飛機,1516.8
2494794778480738309,香港事业部,NFT00.000230,恆輝貿易公司,恆輝,分销业务冻品水产部销售部,凌靖翔,河南去皮上腿肉|12KG,15,180,千克,2844,,,14681809,已登记,2026-03-17 00:00:00,2026-03-16 11:39:01,1300609001,1300609,去皮上腿肉,批發-飛機,2844
2494785475581575175,香港事业部,NFT00.000116,新協興凍肉食品公司,新協興,分销业务冻品水产部销售部,凌靖翔,金鷹面精肉|25KG,1,25,千克,835,,,14681542,已登记,2026-03-16 00:00:00,2026-03-16 11:20:59,1300109002,1300109,面精肉,批發-加工,835
2494690616943312896,香港事业部,NFT00.001922,新江公司,新江,分销业务冻品水产部销售部,李华兴,金鷹面精肉|25KG,2,50,千克,1670,,,14681623,已登记,2026-03-16 00:00:00,2026-03-16 08:16:57,1300109002,1300109,面精肉,批發-加工,1670
2493317421409501190,香港事业部,NFT00.000230,恆輝貿易公司,恆輝,分销业务冻品水产部销售部,凌靖翔,金鷹面精肉|25KG,5,125,千克,4075,,,14680447,已登记,2026-03-16 00:00:00,2026-03-14 11:52:35,1300109002,1300109,面精肉,批發-飛機,4075
2493294675253264387,香港事业部,NFT00.000230,恆輝貿易公司,恆輝,分销业务冻品水产部销售部,凌靖翔,河南去皮上腿肉|12KG,10,120,千克,1884,,,14681036,已登记,2026-03-16 00:00:00,2026-03-14 11:08:26,1300609001,1300609,去皮上腿肉,批發-飛機,1884
2493293369583206403,香港事业部,NFT00.000357,三明有限公司,三明,分销业务冻品水产部销售部,张淑燕,金鷹面精肉|25KG,1,25,千克,815,,,14680404,已登记,2026-03-16 00:00:00,2026-03-14 11:05:55,1300109002,1300109,面精肉,批發-飛機,815
2493278620674949124,香港事业部,NFT00.000357,三明有限公司,三明,分销业务冻品水产部销售部,张淑燕,金鷹面精肉|25KG,1,25,千克,815,,,14680406,已登记,2026-03-16 00:00:00,2026-03-14 10:37:19,1300109002,1300109,面精肉,批發-飛機,815
2493255754259628040,香港事业部,NFT00.000229,駿利貿易公司,駿利,分销业务冻品水产部销售部,张淑燕,金鷹面精肉|25KG,11,275,千克,8965,,,14680410,已登记,2026-03-16 00:00:00,2026-03-14 09:52:56,1300109002,1300109,面精肉,批發-飛機,8965
2493253675504893956,香港事业部,NFT00.000116,新協興凍肉食品公司,新協興,分销业务冻品水产部销售部,凌靖翔,高峰網裝羊肩卷肉| 18KG,1,18,千克,1440,,,14680411,已登记,2026-03-14 00:00:00,2026-03-14 09:48:53,1300503009,1300503,羊肩卷肉,批發-加工,1440
2492695793612881927,香港事业部,NFT00.000229,駿利貿易公司,駿利,分销业务冻品水产部销售部,张淑燕,遼寧銘川帶皮腿扒|15KG (300克+/塊),1,15,千克,221.7,,,14680132,已登记,2026-03-16 00:00:00,2026-03-13 15:46:27,1300607015,1300607,帶皮腿扒,批發-飛機,221.7
2492685923778035719,香港事业部,NFT00.001991,昭楠貿易有限公司,昭楠,分销业务冻品水产部销售部,莫艺生,河南去皮上腿肉|12KG,20,240,千克,3768,,,14680901,已登记,2026-03-14 00:00:00,2026-03-13 15:27:18,1300609001,1300609,去皮上腿肉,批發-飛機,3768
2492672128333643783,香港事业部,NFT00.000759,天恆食品有限公司,天恆,分销业务冻品水产部销售部,岑美玉,金鷹面精肉|25KG,1,25,千克,815,,,14680808,已登记,2026-03-16 00:00:00,2026-03-13 15:00:32,1300109002,1300109,面精肉,批發-飛機,815
2492565527254794244,香港事业部,NFT00.000357,三明有限公司,三明,分销业务冻品水产部销售部,张淑燕,金鷹面精肉|25KG,1,25,千克,815,,,14680797,已登记,2026-03-14 00:00:00,2026-03-13 11:33:44,1300109002,1300109,面精肉,批發-飛機,815
2492005059783032840,香港事业部,NFT00.001922,新江公司,新江,分销业务冻品水产部销售部,李华兴,金鷹面精肉|25KG,3,75,千克,2445,,,14679721,已登记,2026-03-13 00:00:00,2026-03-12 17:26:17,1300109002,1300109,面精肉,批發-加工,2445
2491231604892499975,香港事业部,NFT00.002220,新田食品貿易有限公司,新田,分销业务冻品水产部销售部,岑美玉,至尊梅肉|25KG,10,250,千克,9200,,,14677880,已登记,2026-03-16 00:00:00,2026-03-11 16:25:33,1300101043,1300101,一號肉,批發-加工,9200
2491061567137251332,香港事业部,NFT00.000128,文興食品有限公司,文興,分销业务冻品水产部销售部,许至邦,至尊梅肉|25KG,2,50,千克,1840,,,14677321,已关闭,2026-03-12 00:00:00,2026-03-11 10:55:37,1300101043,1300101,一號肉,肉檯,1840
2491061163419762689,香港事业部,NFT00.002220,新田食品貿易有限公司,新田,分销业务冻品水产部销售部,岑美玉,至尊梅肉|25KG,8,200,千克,7360,,,14676544,已登记,2026-03-13 00:00:00,2026-03-11 10:54:51,1300101043,1300101,一號肉,批發-加工,7360
2491037609809674244,香港事业部,NFT00.000116,新協興凍肉食品公司,新協興,分销业务冻品水产部销售部,凌靖翔,金鷹面精肉|25KG,1,25,千克,815,,,14676449,已登记,2026-03-11 00:00:00,2026-03-11 10:09:10,1300109002,1300109,面精肉,批發-加工,815
2490341395622526976,香港事业部,NFT00.000357,三明有限公司,三明,分销业务冻品水产部销售部,张淑燕,金鷹面精肉|25KG,2,50,千克,1630,,,14675487,已登记,2026-03-11 00:00:00,2026-03-10 11:38:20,1300109002,1300109,面精肉,批發-飛機,1630
2490329318162956289,香港事业部,NFT00.002220,新田食品貿易有限公司,新田,分销业务冻品水产部销售部,岑美玉,至尊梅肉|25KG,10,250,千克,9200,,,14675486,已登记,2026-03-11 00:00:00,2026-03-10 11:14:54,1300101043,1300101,一號肉,批發-加工,9200
2490317764700930048,香港事业部,NFT00.002220,新田食品貿易有限公司,新田,分销业务冻品水产部销售部,岑美玉,至尊梅肉|25KG,10,250,千克,9200,,,14675379,已关闭,2026-03-11 00:00:00,2026-03-10 10:52:29,1300101043,1300101,一號肉,批發-加工,9200
2490312773960466446,香港事业部,NFT00.000116,新協興凍肉食品公司,新協興,分销业务冻品水产部销售部,凌靖翔,金鷹面精肉|25KG,2,50,千克,1630,,,14676034,已登记,2026-03-10 00:00:00,2026-03-10 10:42:48,1300109002,1300109,面精肉,批發-加工,1630
2489751181205176323,香港事业部,NFT00.000128,文興食品有限公司,文興,分销业务冻品水产部销售部,许至邦,至尊梅肉|25KG,3,75,千克,2760,,,14675028,已登记,2026-03-10 00:00:00,2026-03-09 16:33:09,1300101043,1300101,一號肉,肉檯,2760
2489751146856972295,香港事业部,NFT00.000357,三明有限公司,三明,分销业务冻品水产部销售部,张淑燕,金鷹面精肉|25KG,1,25,千克,815,,,14675026,已登记,2026-03-10 00:00:00,2026-03-09 16:33:06,1300109002,1300109,面精肉,批發-飛機,815
2489747015086899203,香港事业部,NFT00.000759,天恆食品有限公司,天恆,分销业务冻品水产部销售部,岑美玉,金鷹面精肉|25KG,1,25,千克,815,,,14675869,已登记,2026-03-10 00:00:00,2026-03-09 16:25:06,1300109002,1300109,面精肉,批發-飛機,815
2489740418017132551,香港事业部,NFT00.001511,福永行貿易有限公司,福永行,分销业务冻品水产部销售部,岑美玉,金鷹面精肉|25KG,3,75,千克,2445,,,14675002,已登记,2026-03-10 00:00:00,2026-03-09 16:12:17,1300109002,1300109,面精肉,批發-加工,2445
2489601226728538113,香港事业部,NFT00.002474,明記冷凍食品有限公司,明記冷凍,分销业务冻品水产部销售部,岑美玉,至尊梅肉|25KG,150,150,千克,5520,,,14674835,已登记,2026-03-10 00:00:00,2026-03-09 11:42:12,1300101043,1300101,一號肉,批發-加工,5520
2488141925678841858,香港事业部,NFT00.000230,恆輝貿易公司,恆輝,分销业务冻品水产部销售部,凌靖翔,遼寧銘川帶皮腿扒|15KG (300克+/塊),4,60,千克,886.8,,,14674427,已登记,2026-03-09 00:00:00,2026-03-07 12:30:49,1300607015,1300607,帶皮腿扒,批發-飛機,886.8
2488111388461367296,香港事业部,NFT00.000230,恆輝貿易公司,恆輝,分销业务冻品水产部销售部,凌靖翔,遼寧銘川帶皮腿扒|15KG (300克+/塊),5,75,千克,1108.5,,,14673449,已登记,2026-03-09 00:00:00,2026-03-07 11:31:33,1300607015,1300607,帶皮腿扒,批發-飛機,1108.5
2488095892219363330,香港事业部,NFT00.000230,恆輝貿易公司,恆輝,分销业务冻品水产部销售部,凌靖翔,遼寧銘川帶皮腿扒|15KG (300克+/塊),3,45,千克,665.1,,,14674429,已登记,2026-03-09 00:00:00,2026-03-07 11:01:32,1300607015,1300607,帶皮腿扒,批發-飛機,665.1
2487508787369869314,香港事业部,NFT00.001922,新江公司,新江,分销业务冻品水产部销售部,李华兴,遼寧銘川帶皮腿扒|15KG (300克+/塊),10,150,千克,2217,,,14674104,已登记,2026-03-07 00:00:00,2026-03-06 16:02:21,1300607015,1300607,帶皮腿扒,批發-加工,2217
2487490207341346817,香港事业部,NFT00.000230,恆輝貿易公司,恆輝,分销业务冻品水产部销售部,凌靖翔,遼寧銘川帶皮腿扒|15KG (300克+/塊),4,60,千克,886.8,,,14673056,已登记,2026-03-07 00:00:00,2026-03-06 15:26:18,1300607015,1300607,帶皮腿扒,批發-飛機,886.8
2487416866479800327,香港事业部,NFT00.002547,先進食品國際有限公司,先進,分销业务冻品水产部销售部,岑美玉,遼寧銘川帶皮腿扒|15KG (300克+/塊),12,180,千克,2660.4,,,14672941,已登记,2026-03-07 00:00:00,2026-03-06 13:04:01,1300607015,1300607,帶皮腿扒,批發-加工,2660.4
2487369939678658563,香港事业部,NFT00.000230,恆輝貿易公司,恆輝,分销业务冻品水产部销售部,凌靖翔,遼寧銘川帶皮腿扒|15KG (300克+/塊),3,45,千克,665.1,,,14673684,已登记,2026-03-07 00:00:00,2026-03-06 11:32:57,1300607015,1300607,帶皮腿扒,批發-飛機,665.1
2487367534485438464,香港事业部,NFT00.000774,新昌,新昌,分销业务冻品水产部,张淑燕,遼寧銘川帶皮腿扒|15KG (300克+/塊),3,45,千克,665.1,,,14673686,已登记,2026-03-09 00:00:00,2026-03-06 11:28:17,1300607015,1300607,帶皮腿扒,凍肉店,665.1
2487366718453186563,香港事业部,NFT00.000774,新昌,新昌,分销业务冻品水产部,张淑燕,遼寧銘川帶皮腿扒|15KG (300克+/塊),1,15,千克,221.7,,,14672826,已登记,2026-03-07 00:00:00,2026-03-06 11:26:42,1300607015,1300607,帶皮腿扒,凍肉店,221.7
2487350938743341060,香港事业部,NFT00.001991,昭楠貿易有限公司,昭楠,分销业务冻品水产部销售部,莫艺生,河南去皮上腿肉|12KG,30,360,千克,5652,,,14673572,已登记,2026-03-07 00:00:00,2026-03-06 10:56:06,1300609001,1300609,去皮上腿肉,批發-飛機,5652
2487335717367709704,香港事业部,NFT00.000116,新協興凍肉食品公司,新協興,分销业务冻品水产部销售部,凌靖翔,河南去皮上腿肉|12KG,2,24,千克,376.8,,,14672767,已登记,2026-03-06 00:00:00,2026-03-06 10:26:33,1300609001,1300609,去皮上腿肉,批發-加工,376.8
2487314474459463681,香港事业部,NFT00.000230,恆輝貿易公司,恆輝,分销业务冻品水产部销售部,凌靖翔,河南去皮上腿肉|12KG,8,96,千克,1507.2,,,14672705,已登记,2026-03-06 00:00:00,2026-03-06 09:45:22,1300609001,1300609,去皮上腿肉,批發-飛機,1507.2
2487307825850089479,香港事业部,NFT00.000230,恆輝貿易公司,恆輝,分销业务冻品水产部销售部,凌靖翔,遼寧銘川帶皮腿扒|15KG (300克+/塊),1,15,千克,221.7,,,14672412,已登记,2026-03-06 00:00:00,2026-03-06 09:32:26,1300607015,1300607,帶皮腿扒,批發-飛機,221.7
2487302878059298825,香港事业部,NFT00.001922,新江公司,新江,分销业务冻品水产部销售部,李华兴,遼寧銘川帶皮腿扒|15KG (300克+/塊),10,150,千克,2217,,,14672396,已登记,2026-03-06 00:00:00,2026-03-06 09:22:51,1300607015,1300607,帶皮腿扒,批發-加工,2217
2486656528430923782,香港事业部,NFT00.002547,先進食品國際有限公司,先進,分销业务冻品水产部销售部,岑美玉,遼寧銘川帶皮腿扒|15KG (300克+/塊),3,45,千克,665.1,,,14672147,已登记,2026-03-06 00:00:00,2026-03-05 12:28:43,1300607015,1300607,帶皮腿扒,批發-加工,665.1
2486630037072642049,香港事业部,NFT00.000230,恆輝貿易公司,恆輝,分销业务冻品水产部销售部,凌靖翔,遼寧銘川帶皮腿扒|15KG (300克+/塊),3,45,千克,665.1,,,14672148,已登记,2026-03-06 00:00:00,2026-03-05 11:37:20,1300607015,1300607,帶皮腿扒,批發-飛機,665.1
2486629032050294787,香港事业部,NFT00.003034,豪氣有限公司,豪氣,分销业务冻品水产部销售部,萧景新,河南去皮上腿肉|12KG,20,240,千克,3768,,,14671109,已登记,2026-03-06 00:00:00,2026-03-05 11:35:24,1300609001,1300609,去皮上腿肉,批發-加工,3768
2486628576772227078,香港事业部,NFT00.000230,恆輝貿易公司,恆輝,分销业务冻品水产部销售部,凌靖翔,遼寧銘川帶皮腿扒|15KG (300克+/塊),5,75,千克,1108.5,,,14671307,已登记,2026-03-06 00:00:00,2026-03-05 11:34:33,1300607015,1300607,帶皮腿扒,批發-飛機,1108.5
2486090108138684417,香港事业部,NFT00.001901,福偉集團有限公司,福偉,分销业务冻品水产部销售部,谭小君,遼寧銘川帶皮腿扒|15KG (300克+/塊),3,45,千克,665.1,,,14671683,已登记,2026-03-05 00:00:00,2026-03-04 18:09:45,1300607015,1300607,帶皮腿扒,批發-加工,665.1
2485988798449057799,香港事业部,NFT00.001991,昭楠貿易有限公司,昭楠,分销业务冻品水产部销售部,莫艺生,河南去皮上腿肉|12KG,20,240,千克,3768,,,14670819,已登记,2026-03-05 00:00:00,2026-03-04 14:53:11,1300609001,1300609,去皮上腿肉,批發-飛機,3768
2485312143532490754,香港事业部,NFT00.000253,德豐凍肉食品有限公司,德豐,分销业务冻品水产部销售部,凌靖翔,河南去皮上腿肉|12KG,2,24,千克,376.8,,,14670347,已登记,2026-03-04 00:00:00,2026-03-03 17:00:19,1300609001,1300609,去皮上腿肉,批發-加工,376.8
2485307547916435464,香港事业部,NFT00.000253,德豐凍肉食品有限公司,德豐,分销业务冻品水产部销售部,凌靖翔,河南去皮上腿肉|12KG,5,60,千克,942,,,14670336,已登记,2026-03-04 00:00:00,2026-03-03 16:51:24,1300609001,1300609,去皮上腿肉,批發-加工,942
2461317698851176457,香港事业部,NFT00.001942,德利肉食集團(香港)有限公司,德利,分销业务冻品水产部销售部,罗展勤,八合里牛肉丸(零售裝),1,20,盒,580,,,,开立,2026-01-31 00:00:00,2026-01-30 09:04:57,1310201019,1310201,丸類.牛肉丸,批發-加工,0
2460858231847649284,香港事业部,NFT00.003084,頂好冰上鮮,顶好冰上鲜,分销业务冻品水产部销售部,萧景新,八合里牛筋丸(零售裝),1,20,盒,580,,,,开立,2026-01-30 00:00:00,2026-01-29 18:13:30,1310201020,1310201,丸類.牛肉丸,批發-加工,0
2460633398891773953,香港事业部,NFT00.000303,有成拓展有限公司,有成,分销业务冻品水产部销售部,张淑燕,伊美佳原切雙拼羊卷肉(肩腹)|4.54KG(454g*10),10,10,盒,550,,,,开立,2026-01-29 00:00:00,2026-01-29 10:57:14,1310401001,1310401,凍肉加工品.中國羊肉,批發-飛機,0
合计,,,,,,,,6163.2,90250.4,,2349526.27,,,,,,,,,,,0
